ShipmentID,ShipDate,DeliveredDate,RouteID,Carrier,WeightKg,PromisedDays,ActualDays,OnTime,FreightCostNGN
SHP-2025-00001,2025-01-01,2025-01-02,R06,Fleet B,2966,1,1,Y,191127
SHP-2025-00002,2025-01-01,2025-01-03,R04,Fleet B,2588,2,2,Y,925557
SHP-2025-00003,2025-01-01,2025-01-03,R01,Fleet A,1615,2,2,Y,675148
SHP-2025-00004,2025-01-01,2025-01-03,R01,Fleet A,3108,2,2,Y,1412492
SHP-2025-00005,2025-01-01,2025-01-03,R02,Fleet A,2726,2,2,Y,996174
SHP-2025-00006,2025-01-01,2025-01-03,R10,Fleet A,1814,2,2,Y,600760
SHP-2025-00007,2025-01-01,2025-01-03,R10,Fleet A,50,2,2,Y,31975
SHP-2025-00008,2025-01-01,2025-01-03,R02,Partner Haulage,2504,2,2,Y,892984
SHP-2025-00009,2025-01-01,2025-01-03,R02,Fleet A,2106,2,2,Y,802655
SHP-2025-00010,2025-01-02,2025-01-03,R06,Fleet A,2495,1,1,Y,161795
SHP-2025-00011,2025-01-02,2025-01-03,R08,Fleet B,1451,1,1,Y,351911
SHP-2025-00012,2025-01-02,2025-01-03,R06,Partner Haulage,2052,1,1,Y,143237
SHP-2025-00013,2025-01-02,2025-01-04,R01,Fleet A,2070,2,2,Y,895388
SHP-2025-00014,2025-01-02,2025-01-03,R06,Partner Haulage,1466,1,1,Y,104275
SHP-2025-00015,2025-01-02,2025-01-03,R05,Fleet B,674,1,1,Y,194228
SHP-2025-00016,2025-01-02,2025-01-03,R05,Fleet A,2979,1,1,Y,819810
SHP-2025-00017,2025-01-03,2025-01-04,R03,Fleet A,2375,1,1,Y,228798
SHP-2025-00018,2025-01-03,2025-01-04,R07,Partner Haulage,993,1,1,Y,172650
SHP-2025-00019,2025-01-03,2025-01-04,R05,Fleet A,1978,1,1,Y,510044
SHP-2025-00020,2025-01-03,2025-01-05,R01,Partner Haulage,1620,2,2,Y,672840
SHP-2025-00021,2025-01-03,2025-01-04,R06,Fleet A,1495,1,1,Y,92347
SHP-2025-00022,2025-01-03,2025-01-04,R06,Fleet A,552,1,1,Y,48855
SHP-2025-00023,2025-01-03,2025-01-09,R09,Fleet B,1662,3,6,N,943412
SHP-2025-00024,2025-01-03,2025-01-04,R06,Fleet A,2717,1,1,Y,158155
SHP-2025-00025,2025-01-03,2025-01-05,R01,Fleet A,3450,2,2,Y,1357125
SHP-2025-00026,2025-01-06,2025-01-07,R06,Fleet A,1344,1,1,Y,84563
SHP-2025-00027,2025-01-06,2025-01-07,R03,Fleet A,1085,1,1,Y,108358
SHP-2025-00028,2025-01-06,2025-01-07,R06,Fleet A,1315,1,1,Y,79958
SHP-2025-00029,2025-01-06,2025-01-07,R07,Fleet A,1425,1,1,Y,232375
SHP-2025-00030,2025-01-06,2025-01-07,R08,Fleet A,1009,1,1,Y,245215
SHP-2025-00031,2025-01-06,2025-01-07,R08,Fleet A,2588,1,1,Y,562658
SHP-2025-00032,2025-01-06,2025-01-08,R01,Fleet A,1425,2,2,Y,582410
SHP-2025-00033,2025-01-06,2025-01-07,R07,Fleet A,2231,1,1,Y,374170
SHP-2025-00034,2025-01-06,2025-01-07,R07,Fleet B,847,1,1,Y,143044
SHP-2025-00035,2025-01-06,2025-01-08,R02,Partner Haulage,1157,2,2,Y,444656
SHP-2025-00036,2025-01-06,2025-01-07,R03,Fleet A,1298,1,1,Y,117194
SHP-2025-00037,2025-01-06,2025-01-07,R03,Fleet A,1599,1,1,Y,146013
SHP-2025-00038,2025-01-06,2025-01-07,R06,Fleet A,1897,1,1,Y,106414
SHP-2025-00039,2025-01-07,2025-01-10,R07,Fleet A,1578,1,3,N,231488
SHP-2025-00040,2025-01-07,2025-01-09,R04,Fleet A,1556,2,2,Y,572299
SHP-2025-00041,2025-01-07,2025-01-08,R07,Fleet A,834,1,1,Y,132107
SHP-2025-00042,2025-01-07,2025-01-08,R05,Partner Haulage,1692,1,1,Y,476153
SHP-2025-00043,2025-01-07,2025-01-08,R06,Fleet B,1696,1,1,Y,115593
SHP-2025-00044,2025-01-07,2025-01-08,R03,Partner Haulage,2446,1,1,Y,249379
SHP-2025-00045,2025-01-07,2025-01-10,R09,Fleet B,1931,3,3,Y,1106734
SHP-2025-00046,2025-01-07,2025-01-08,R06,Fleet A,2878,1,1,Y,160100
SHP-2025-00047,2025-01-08,2025-01-10,R04,Fleet A,2488,2,2,Y,898789
SHP-2025-00048,2025-01-08,2025-01-10,R02,Fleet A,396,2,2,Y,155776
SHP-2025-00049,2025-01-08,2025-01-10,R04,Fleet A,1386,2,2,Y,475775
SHP-2025-00050,2025-01-08,2025-01-10,R01,Fleet A,1648,2,2,Y,718637
SHP-2025-00051,2025-01-08,2025-01-09,R05,Fleet A,1131,1,1,Y,331692
SHP-2025-00052,2025-01-08,2025-01-09,R07,Fleet A,2526,1,1,Y,385936
SHP-2025-00053,2025-01-08,2025-01-09,R07,Fleet A,2059,1,1,Y,320709
SHP-2025-00054,2025-01-08,2025-01-10,R10,Fleet A,1336,2,2,Y,503818
SHP-2025-00055,2025-01-08,2025-01-09,R03,Fleet A,1521,1,1,Y,136681
SHP-2025-00056,2025-01-08,2025-01-10,R01,Fleet A,1314,2,2,Y,578304
SHP-2025-00057,2025-01-08,2025-01-10,R01,Fleet A,1584,2,2,Y,658042
SHP-2025-00058,2025-01-09,2025-01-10,R03,Fleet A,1836,1,1,Y,154591
SHP-2025-00059,2025-01-09,2025-01-11,R07,Partner Haulage,2041,1,2,N,319576
SHP-2025-00060,2025-01-09,2025-01-12,R01,Fleet A,3773,2,3,N,1661651
SHP-2025-00061,2025-01-09,2025-01-11,R01,Fleet B,1689,2,2,Y,751937
SHP-2025-00062,2025-01-09,2025-01-10,R03,Fleet B,397,1,1,Y,47015
SHP-2025-00063,2025-01-09,2025-01-12,R06,Fleet B,2194,1,3,N,142273
SHP-2025-00064,2025-01-09,2025-01-10,R06,Partner Haulage,1290,1,1,Y,90483
SHP-2025-00065,2025-01-10,2025-01-11,R08,Fleet B,88,1,1,Y,34298
SHP-2025-00066,2025-01-10,2025-01-12,R01,Partner Haulage,1399,2,2,Y,571010
SHP-2025-00067,2025-01-10,2025-01-11,R05,Fleet A,774,1,1,Y,220774
SHP-2025-00068,2025-01-10,2025-01-12,R10,Fleet A,2192,2,2,Y,665852
SHP-2025-00069,2025-01-10,2025-01-12,R10,Fleet B,1854,2,2,Y,622784
SHP-2025-00070,2025-01-10,2025-01-12,R10,Fleet A,2330,2,2,Y,767101
SHP-2025-00071,2025-01-10,2025-01-11,R08,Fleet B,2547,1,1,Y,506015
SHP-2025-00072,2025-01-10,2025-01-11,R03,Fleet A,3159,1,1,Y,290671
SHP-2025-00073,2025-01-10,2025-01-12,R04,Fleet B,2865,2,2,Y,1150637
SHP-2025-00074,2025-01-10,2025-01-11,R07,Fleet A,1293,1,1,Y,202785
SHP-2025-00075,2025-01-10,2025-01-11,R03,Partner Haulage,1294,1,1,Y,134940
SHP-2025-00076,2025-01-10,2025-01-12,R10,Fleet A,2164,2,2,Y,691891
SHP-2025-00077,2025-01-10,2025-01-11,R07,Fleet B,3659,1,1,Y,559586
SHP-2025-00078,2025-01-11,2025-01-13,R10,Fleet B,402,2,2,Y,150836
SHP-2025-00079,2025-01-11,2025-01-12,R05,Fleet A,279,1,1,Y,90601
SHP-2025-00080,2025-01-11,2025-01-13,R04,Fleet B,923,2,2,Y,341927
SHP-2025-00081,2025-01-11,2025-01-12,R07,Partner Haulage,551,1,1,Y,98799
SHP-2025-00082,2025-01-11,2025-01-12,R03,Fleet B,2113,1,1,Y,194117
SHP-2025-00083,2025-01-11,2025-01-12,R08,Fleet A,3093,1,1,Y,730862
SHP-2025-00084,2025-01-11,2025-01-12,R07,Fleet B,2142,1,1,Y,342085
SHP-2025-00085,2025-01-11,2025-01-17,R09,Partner Haulage,2119,3,6,N,1310591
SHP-2025-00086,2025-01-11,2025-01-16,R02,Fleet B,2553,2,5,N,819299
SHP-2025-00087,2025-01-12,2025-01-13,R06,Fleet A,3674,1,1,Y,237918
SHP-2025-00088,2025-01-12,2025-01-13,R03,Fleet A,50,1,1,Y,19418
SHP-2025-00089,2025-01-12,2025-01-13,R07,Partner Haulage,2961,1,1,Y,450963
SHP-2025-00090,2025-01-12,2025-01-13,R08,Fleet A,50,1,1,Y,25948
SHP-2025-00091,2025-01-12,2025-01-14,R10,Fleet A,1959,2,2,Y,672801
SHP-2025-00092,2025-01-12,2025-01-13,R06,Partner Haulage,979,1,1,Y,71821
SHP-2025-00093,2025-01-12,2025-01-14,R04,Fleet B,3333,2,2,Y,1181071
SHP-2025-00094,2025-01-12,2025-01-14,R01,Fleet B,3145,2,2,Y,1395974
SHP-2025-00095,2025-01-12,2025-01-13,R03,Fleet A,1042,1,1,Y,107840
SHP-2025-00096,2025-01-12,2025-01-13,R05,Partner Haulage,1558,1,1,Y,454210
SHP-2025-00097,2025-01-13,2025-01-14,R03,Fleet A,1431,1,1,Y,147411
SHP-2025-00098,2025-01-13,2025-01-14,R06,Fleet B,415,1,1,Y,37260
SHP-2025-00099,2025-01-13,2025-01-14,R06,Fleet A,1382,1,1,Y,96845
SHP-2025-00100,2025-01-13,2025-01-14,R08,Fleet B,1578,1,1,Y,364226
SHP-2025-00101,2025-01-13,2025-01-15,R10,Fleet B,1229,2,2,Y,421035
SHP-2025-00102,2025-01-13,2025-01-16,R09,Fleet A,1546,3,3,Y,1015820
SHP-2025-00103,2025-01-13,2025-01-14,R08,Fleet A,790,1,1,Y,199612
SHP-2025-00104,2025-01-13,2025-01-14,R06,Fleet B,2513,1,1,Y,154706
SHP-2025-00105,2025-01-13,2025-01-17,R08,Fleet B,2759,1,4,N,670201
SHP-2025-00106,2025-01-13,2025-01-15,R02,Fleet B,1503,2,2,Y,511061
SHP-2025-00107,2025-01-14,2025-01-16,R10,Fleet B,1070,2,2,Y,357196
SHP-2025-00108,2025-01-14,2025-01-15,R08,Partner Haulage,2184,1,1,Y,473125
SHP-2025-00109,2025-01-14,2025-01-16,R02,Fleet A,1717,2,2,Y,635341
SHP-2025-00110,2025-01-14,2025-01-15,R08,Fleet A,1659,1,1,Y,358675
SHP-2025-00111,2025-01-14,2025-01-18,R09,Fleet A,906,3,4,N,645230
SHP-2025-00112,2025-01-14,2025-01-16,R01,Fleet B,1024,2,2,Y,469418
SHP-2025-00113,2025-01-14,2025-01-15,R08,Fleet A,3490,1,1,Y,722868
SHP-2025-00114,2025-01-14,2025-01-16,R01,Fleet B,1261,2,2,Y,519617
SHP-2025-00115,2025-01-14,2025-01-16,R01,Fleet B,2954,2,2,Y,1236537
SHP-2025-00116,2025-01-15,2025-01-17,R01,Fleet A,1223,2,2,Y,493574
SHP-2025-00117,2025-01-15,2025-01-16,R07,Fleet B,2011,1,1,Y,329661
SHP-2025-00118,2025-01-15,2025-01-17,R04,Fleet A,2089,2,2,Y,797559
SHP-2025-00119,2025-01-15,2025-01-16,R06,Fleet B,1748,1,1,Y,112838
SHP-2025-00120,2025-01-15,2025-01-16,R06,Fleet B,2877,1,1,Y,184879
SHP-2025-00121,2025-01-15,2025-01-17,R10,Fleet B,338,2,2,Y,136561
SHP-2025-00122,2025-01-15,2025-01-17,R04,Partner Haulage,698,2,2,Y,274185
SHP-2025-00123,2025-01-15,2025-01-18,R06,Fleet B,1078,1,3,N,75241
SHP-2025-00124,2025-01-16,2025-01-17,R05,Fleet A,1087,1,1,Y,335760
SHP-2025-00125,2025-01-16,2025-01-17,R08,Fleet A,1472,1,1,Y,357620
SHP-2025-00126,2025-01-16,2025-01-17,R08,Fleet B,2477,1,1,Y,553905
SHP-2025-00127,2025-01-16,2025-01-17,R08,Fleet B,1686,1,1,Y,373584
SHP-2025-00128,2025-01-16,2025-01-17,R03,Fleet A,3471,1,1,Y,298219
SHP-2025-00129,2025-01-16,2025-01-18,R07,Fleet B,2430,1,2,N,440647
SHP-2025-00130,2025-01-16,2025-01-18,R01,Fleet B,1397,2,2,Y,589315
SHP-2025-00131,2025-01-16,2025-01-18,R02,Partner Haulage,2803,2,2,Y,902810
SHP-2025-00132,2025-01-16,2025-01-17,R03,Fleet B,232,1,1,Y,34420
SHP-2025-00133,2025-01-17,2025-01-18,R05,Fleet A,2266,1,1,Y,595549
SHP-2025-00134,2025-01-17,2025-01-19,R01,Fleet B,3514,2,2,Y,1542688
SHP-2025-00135,2025-01-17,2025-01-19,R01,Fleet A,1175,2,2,Y,506610
SHP-2025-00136,2025-01-17,2025-01-19,R02,Fleet A,2014,2,2,Y,696475
SHP-2025-00137,2025-01-17,2025-01-18,R03,Fleet A,3350,1,1,Y,334352
SHP-2025-00138,2025-01-17,2025-01-18,R08,Fleet B,1361,1,1,Y,339528
SHP-2025-00139,2025-01-17,2025-01-22,R02,Fleet A,2550,2,5,N,923776
SHP-2025-00140,2025-01-17,2025-01-18,R08,Partner Haulage,1516,1,1,Y,351404
SHP-2025-00141,2025-01-17,2025-01-18,R07,Fleet B,2119,1,1,Y,316661
SHP-2025-00142,2025-01-18,2025-01-24,R09,Fleet B,2155,3,6,N,1518434
SHP-2025-00143,2025-01-18,2025-01-20,R02,Fleet B,1649,2,2,Y,639503
SHP-2025-00144,2025-01-18,2025-01-19,R06,Fleet A,1307,1,1,Y,92770
SHP-2025-00145,2025-01-18,2025-01-20,R10,Fleet B,353,2,2,Y,135028
SHP-2025-00146,2025-01-18,2025-01-19,R08,Fleet A,1748,1,1,Y,407361
SHP-2025-00147,2025-01-18,2025-01-19,R07,Partner Haulage,819,1,1,Y,144666
SHP-2025-00148,2025-01-18,2025-01-19,R06,Partner Haulage,50,1,1,Y,17750
SHP-2025-00149,2025-01-18,2025-01-19,R03,Partner Haulage,1881,1,1,Y,194615
SHP-2025-00150,2025-01-18,2025-01-20,R01,Partner Haulage,1436,2,2,Y,663586
SHP-2025-00151,2025-01-18,2025-01-20,R01,Fleet A,1217,2,2,Y,494239
SHP-2025-00152,2025-01-19,2025-01-20,R03,Fleet A,1189,1,1,Y,126891
SHP-2025-00153,2025-01-19,2025-01-20,R07,Fleet B,2071,1,1,Y,326043
SHP-2025-00154,2025-01-19,2025-01-20,R08,Fleet A,1646,1,1,Y,417160
SHP-2025-00155,2025-01-19,2025-01-20,R05,Fleet A,2463,1,1,Y,653668
SHP-2025-00156,2025-01-20,2025-01-21,R03,Fleet B,2233,1,1,Y,192324
SHP-2025-00157,2025-01-20,2025-01-22,R04,Partner Haulage,1766,2,2,Y,634915
SHP-2025-00158,2025-01-20,2025-01-21,R03,Fleet B,2645,1,1,Y,236627
SHP-2025-00159,2025-01-20,2025-01-22,R04,Fleet B,1902,2,2,Y,679388
SHP-2025-00160,2025-01-20,2025-01-23,R05,Partner Haulage,1412,1,3,N,406235
SHP-2025-00161,2025-01-20,2025-01-23,R09,Fleet A,50,3,3,Y,50256
SHP-2025-00162,2025-01-20,2025-01-22,R01,Fleet A,1592,2,2,Y,644503
SHP-2025-00163,2025-01-20,2025-01-22,R01,Fleet B,2861,2,2,Y,995029
SHP-2025-00164,2025-01-20,2025-01-21,R03,Fleet A,1714,1,1,Y,160496
SHP-2025-00165,2025-01-21,2025-01-22,R07,Fleet A,1928,1,1,Y,286819
SHP-2025-00166,2025-01-21,2025-01-22,R08,Fleet A,1276,1,1,Y,295439
SHP-2025-00167,2025-01-21,2025-01-22,R05,Fleet A,3161,1,1,Y,816681
SHP-2025-00168,2025-01-21,2025-01-24,R08,Fleet A,936,1,3,N,230738
SHP-2025-00169,2025-01-21,2025-01-22,R03,Partner Haulage,1098,1,1,Y,111705
SHP-2025-00170,2025-01-21,2025-01-22,R06,Fleet A,1824,1,1,Y,116253
SHP-2025-00171,2025-01-22,2025-01-23,R05,Fleet A,2538,1,1,Y,673218
SHP-2025-00172,2025-01-22,2025-01-23,R08,Fleet B,748,1,1,Y,194013
SHP-2025-00173,2025-01-22,2025-01-24,R04,Fleet B,2810,2,2,Y,987159
SHP-2025-00174,2025-01-22,2025-01-23,R08,Partner Haulage,2455,1,1,Y,575620
SHP-2025-00175,2025-01-22,2025-01-24,R04,Fleet B,50,2,2,Y,32963
SHP-2025-00176,2025-01-22,2025-01-24,R01,Fleet A,2662,2,2,Y,1041353
SHP-2025-00177,2025-01-22,2025-01-23,R07,Partner Haulage,2148,1,1,Y,289127
SHP-2025-00178,2025-01-22,2025-01-23,R03,Fleet A,2413,1,1,Y,231188
SHP-2025-00179,2025-01-23,2025-01-24,R07,Fleet B,2073,1,1,Y,285100
SHP-2025-00180,2025-01-23,2025-01-24,R07,Partner Haulage,1239,1,1,Y,199097
SHP-2025-00181,2025-01-23,2025-01-25,R01,Fleet B,2040,2,2,Y,800578
SHP-2025-00182,2025-01-23,2025-01-24,R06,Partner Haulage,1543,1,1,Y,95166
SHP-2025-00183,2025-01-23,2025-01-25,R10,Partner Haulage,1196,2,2,Y,378980
SHP-2025-00184,2025-01-23,2025-01-24,R08,Fleet B,1005,1,1,Y,268823
SHP-2025-00185,2025-01-24,2025-01-25,R03,Fleet B,697,1,1,Y,70688
SHP-2025-00186,2025-01-24,2025-01-25,R05,Fleet A,1491,1,1,Y,401115
SHP-2025-00187,2025-01-24,2025-01-25,R03,Partner Haulage,503,1,1,Y,59747
SHP-2025-00188,2025-01-24,2025-01-25,R06,Fleet A,3056,1,1,Y,179958
SHP-2025-00189,2025-01-24,2025-01-26,R02,Fleet B,672,2,2,Y,264698
SHP-2025-00190,2025-01-24,2025-01-26,R04,Partner Haulage,3038,2,2,Y,1201312
SHP-2025-00191,2025-01-24,2025-01-25,R08,Fleet B,1359,1,1,Y,316704
SHP-2025-00192,2025-01-26,2025-01-28,R04,Fleet B,2799,2,2,Y,1092846
SHP-2025-00193,2025-01-26,2025-01-27,R08,Fleet B,1488,1,1,Y,322123
SHP-2025-00194,2025-01-26,2025-01-28,R10,Fleet A,1646,2,2,Y,495870
SHP-2025-00195,2025-01-26,2025-01-28,R01,Fleet A,1211,2,2,Y,514892
SHP-2025-00196,2025-01-26,2025-01-28,R01,Fleet B,1570,2,2,Y,639833
SHP-2025-00197,2025-01-26,2025-01-28,R01,Fleet A,2799,2,2,Y,1031753
SHP-2025-00198,2025-01-26,2025-02-01,R09,Fleet A,2067,3,6,N,1329228
SHP-2025-00199,2025-01-26,2025-01-27,R06,Fleet A,3697,1,1,Y,224201
SHP-2025-00200,2025-01-26,2025-01-28,R10,Fleet A,1226,2,2,Y,457591
SHP-2025-00201,2025-01-26,2025-01-29,R09,Fleet B,2123,3,3,Y,1190749
SHP-2025-00202,2025-01-26,2025-01-28,R10,Fleet B,2961,2,2,Y,1063536
SHP-2025-00203,2025-01-26,2025-01-30,R05,Fleet A,416,1,4,N,115616
SHP-2025-00204,2025-01-27,2025-01-28,R08,Partner Haulage,2048,1,1,Y,429140
SHP-2025-00205,2025-01-27,2025-01-28,R03,Partner Haulage,2783,1,1,Y,255720
SHP-2025-00206,2025-01-27,2025-01-29,R02,Partner Haulage,986,2,2,Y,313514
SHP-2025-00207,2025-01-27,2025-01-29,R10,Fleet B,1600,2,2,Y,517928
SHP-2025-00208,2025-01-27,2025-01-31,R09,Fleet A,1862,3,4,N,1090138
SHP-2025-00209,2025-01-27,2025-01-30,R09,Fleet A,1671,3,3,Y,979948
SHP-2025-00210,2025-01-28,2025-01-29,R06,Partner Haulage,1854,1,1,Y,109774
SHP-2025-00211,2025-01-28,2025-01-29,R05,Fleet A,846,1,1,Y,275087
SHP-2025-00212,2025-01-28,2025-01-29,R03,Fleet B,50,1,1,Y,19047
SHP-2025-00213,2025-01-28,2025-01-30,R02,Partner Haulage,222,2,2,Y,95095
SHP-2025-00214,2025-01-28,2025-02-01,R02,Fleet A,1110,2,4,N,380978
SHP-2025-00215,2025-01-28,2025-02-01,R03,Partner Haulage,1471,1,4,N,145071
SHP-2025-00216,2025-01-28,2025-01-29,R08,Fleet B,2377,1,1,Y,576326
SHP-2025-00217,2025-01-28,2025-01-29,R08,Fleet B,3535,1,1,Y,764710
SHP-2025-00218,2025-01-28,2025-01-29,R06,Fleet A,1834,1,1,Y,126009
SHP-2025-00219,2025-01-28,2025-01-29,R03,Fleet B,2217,1,1,Y,210089
SHP-2025-00220,2025-01-28,2025-01-29,R06,Fleet A,2508,1,1,Y,155856
SHP-2025-00221,2025-01-29,2025-02-03,R09,Fleet A,1626,3,5,N,1066186
SHP-2025-00222,2025-01-29,2025-01-30,R06,Fleet B,2435,1,1,Y,151547
SHP-2025-00223,2025-01-29,2025-01-31,R04,Fleet A,834,2,2,Y,281628
SHP-2025-00224,2025-01-29,2025-01-30,R03,Fleet B,1618,1,1,Y,151781
SHP-2025-00225,2025-01-29,2025-01-31,R02,Fleet B,1328,2,2,Y,490444
SHP-2025-00226,2025-01-29,2025-01-31,R01,Fleet A,685,2,2,Y,309783
SHP-2025-00227,2025-01-29,2025-01-30,R07,Fleet B,1242,1,1,Y,185645
SHP-2025-00228,2025-01-29,2025-01-31,R01,Partner Haulage,1882,2,2,Y,768325
SHP-2025-00229,2025-01-29,2025-01-30,R06,Fleet B,50,1,1,Y,18110
SHP-2025-00230,2025-01-30,2025-01-31,R03,Fleet B,1577,1,1,Y,151997
SHP-2025-00231,2025-01-30,2025-01-31,R05,Fleet A,865,1,1,Y,231754
SHP-2025-00232,2025-01-30,2025-02-01,R02,Fleet B,3299,2,2,Y,1292640
SHP-2025-00233,2025-01-30,2025-01-31,R03,Fleet B,2370,1,1,Y,205674
SHP-2025-00234,2025-01-30,2025-02-01,R04,Fleet B,2518,2,2,Y,943946
SHP-2025-00235,2025-01-30,2025-01-31,R05,Fleet A,1246,1,1,Y,366223
SHP-2025-00236,2025-01-30,2025-01-31,R06,Fleet A,2510,1,1,Y,155364
SHP-2025-00237,2025-01-30,2025-01-31,R06,Fleet A,1054,1,1,Y,72701
SHP-2025-00238,2025-01-31,2025-02-04,R09,Fleet B,1270,3,4,N,807929
SHP-2025-00239,2025-01-31,2025-02-01,R06,Fleet A,2864,1,1,Y,160945
SHP-2025-00240,2025-01-31,2025-02-01,R08,Fleet B,1791,1,1,Y,403848
SHP-2025-00241,2025-01-31,2025-02-02,R02,Fleet A,1024,2,2,Y,365329
SHP-2025-00242,2025-01-31,2025-02-02,R01,Fleet A,2053,2,2,Y,840833
SHP-2025-00243,2025-01-31,2025-02-01,R05,Fleet B,1908,1,1,Y,508107
SHP-2025-00244,2025-01-31,2025-02-01,R08,Fleet B,2393,1,1,Y,521015
SHP-2025-00245,2025-01-31,2025-02-01,R07,Fleet B,2474,1,1,Y,376029
SHP-2025-00246,2025-01-31,2025-02-01,R08,Partner Haulage,2733,1,1,Y,619362
SHP-2025-00247,2025-02-03,2025-02-05,R10,Partner Haulage,3470,2,2,Y,1279805
SHP-2025-00248,2025-02-03,2025-02-05,R02,Fleet B,284,2,2,Y,115889
SHP-2025-00249,2025-02-03,2025-02-04,R03,Fleet A,1711,1,1,Y,166625
SHP-2025-00250,2025-02-03,2025-02-05,R01,Fleet A,938,2,2,Y,414720
SHP-2025-00251,2025-02-03,2025-02-04,R07,Fleet B,2281,1,1,Y,359347
SHP-2025-00252,2025-02-03,2025-02-05,R01,Partner Haulage,1175,2,2,Y,527065
SHP-2025-00253,2025-02-03,2025-02-04,R08,Fleet B,2281,1,1,Y,515448
SHP-2025-00254,2025-02-03,2025-02-04,R08,Fleet A,2615,1,1,Y,557667
SHP-2025-00255,2025-02-03,2025-02-04,R03,Fleet A,4024,1,1,Y,399207
SHP-2025-00256,2025-02-03,2025-02-06,R09,Fleet A,2170,3,3,Y,1444413
SHP-2025-00257,2025-02-03,2025-02-04,R03,Fleet A,2119,1,1,Y,184902
SHP-2025-00258,2025-02-04,2025-02-06,R10,Fleet A,2181,2,2,Y,732249
SHP-2025-00259,2025-02-04,2025-02-06,R02,Fleet B,1924,2,2,Y,632921
SHP-2025-00260,2025-02-04,2025-02-06,R10,Fleet B,436,2,2,Y,173006
SHP-2025-00261,2025-02-04,2025-02-05,R05,Fleet A,1261,1,1,Y,376852
SHP-2025-00262,2025-02-04,2025-02-06,R10,Fleet B,747,2,2,Y,259076
SHP-2025-00263,2025-02-04,2025-02-05,R05,Fleet B,1736,1,1,Y,493815
SHP-2025-00264,2025-02-04,2025-02-06,R10,Fleet B,1887,2,2,Y,706510
SHP-2025-00265,2025-02-04,2025-02-06,R02,Fleet B,1790,2,2,Y,742766
SHP-2025-00266,2025-02-04,2025-02-05,R08,Fleet B,1852,1,1,Y,393618
SHP-2025-00267,2025-02-04,2025-02-05,R05,Fleet B,3568,1,1,Y,1010438
SHP-2025-00268,2025-02-04,2025-02-07,R09,Fleet B,1806,3,3,Y,1287722
SHP-2025-00269,2025-02-04,2025-02-06,R01,Partner Haulage,2568,2,2,Y,1159102
SHP-2025-00270,2025-02-05,2025-02-06,R07,Fleet A,1265,1,1,Y,210434
SHP-2025-00271,2025-02-05,2025-02-07,R02,Fleet A,2065,2,2,Y,720629
SHP-2025-00272,2025-02-05,2025-02-07,R04,Fleet A,3014,2,2,Y,1127989
SHP-2025-00273,2025-02-05,2025-02-06,R07,Fleet A,1047,1,1,Y,170711
SHP-2025-00274,2025-02-05,2025-02-06,R03,Fleet B,50,1,1,Y,19453
SHP-2025-00275,2025-02-05,2025-02-07,R10,Fleet A,157,2,2,Y,71609
SHP-2025-00276,2025-02-05,2025-02-06,R03,Fleet A,1401,1,1,Y,142419
SHP-2025-00277,2025-02-05,2025-02-07,R10,Fleet A,1551,2,2,Y,511781
SHP-2025-00278,2025-02-05,2025-02-06,R05,Fleet B,1937,1,1,Y,504367
SHP-2025-00279,2025-02-05,2025-02-06,R08,Partner Haulage,3012,1,1,Y,765574
SHP-2025-00280,2025-02-05,2025-02-07,R02,Fleet A,1388,2,2,Y,519577
SHP-2025-00281,2025-02-05,2025-02-06,R06,Fleet A,234,1,1,Y,28671
SHP-2025-00282,2025-02-05,2025-02-07,R04,Fleet A,2934,2,2,Y,1049606
SHP-2025-00283,2025-02-05,2025-02-06,R06,Fleet A,2270,1,1,Y,160453
SHP-2025-00284,2025-02-06,2025-02-07,R06,Fleet A,1173,1,1,Y,83288
SHP-2025-00285,2025-02-06,2025-02-07,R06,Fleet A,2433,1,1,Y,159532
SHP-2025-00286,2025-02-06,2025-02-07,R06,Partner Haulage,3904,1,1,Y,255139
SHP-2025-00287,2025-02-06,2025-02-07,R03,Partner Haulage,1853,1,1,Y,207970
SHP-2025-00288,2025-02-06,2025-02-07,R03,Fleet B,1639,1,1,Y,157373
SHP-2025-00289,2025-02-06,2025-02-08,R04,Fleet A,392,2,2,Y,168419
SHP-2025-00290,2025-02-06,2025-02-08,R01,Partner Haulage,1424,2,2,Y,572901
SHP-2025-00291,2025-02-06,2025-02-07,R03,Fleet A,897,1,1,Y,98846
SHP-2025-00292,2025-02-07,2025-02-08,R03,Fleet A,1572,1,1,Y,159759
SHP-2025-00293,2025-02-07,2025-02-08,R03,Fleet A,2996,1,1,Y,292405
SHP-2025-00294,2025-02-07,2025-02-09,R10,Fleet B,1985,2,2,Y,691665
SHP-2025-00295,2025-02-07,2025-02-11,R04,Fleet B,1438,2,4,N,496789
SHP-2025-00296,2025-02-07,2025-02-11,R01,Fleet A,827,2,4,N,334969
SHP-2025-00297,2025-02-07,2025-02-09,R02,Partner Haulage,2960,2,2,Y,962967
SHP-2025-00298,2025-02-07,2025-02-09,R01,Fleet A,2164,2,2,Y,874960
SHP-2025-00299,2025-02-07,2025-02-09,R01,Fleet A,1012,2,2,Y,463515
SHP-2025-00300,2025-02-07,2025-02-08,R06,Fleet B,2213,1,1,Y,126824
SHP-2025-00301,2025-02-07,2025-02-09,R01,Fleet A,2229,2,2,Y,1009803
SHP-2025-00302,2025-02-07,2025-02-08,R03,Fleet B,1932,1,1,Y,162812
SHP-2025-00303,2025-02-07,2025-02-08,R08,Fleet A,1676,1,1,Y,386468
SHP-2025-00304,2025-02-10,2025-02-12,R04,Fleet A,2199,2,2,Y,691108
SHP-2025-00305,2025-02-10,2025-02-12,R01,Fleet A,2876,2,2,Y,1236983
SHP-2025-00306,2025-02-10,2025-02-11,R07,Fleet B,2776,1,1,Y,482702
SHP-2025-00307,2025-02-10,2025-02-11,R03,Partner Haulage,2332,1,1,Y,224054
SHP-2025-00308,2025-02-10,2025-02-13,R03,Fleet B,1134,1,3,N,123226
SHP-2025-00309,2025-02-10,2025-02-12,R01,Partner Haulage,2011,2,2,Y,843877
SHP-2025-00310,2025-02-10,2025-02-11,R08,Fleet B,2643,1,1,Y,615786
SHP-2025-00311,2025-02-10,2025-02-13,R04,Fleet A,1868,2,3,N,669426
SHP-2025-00312,2025-02-11,2025-02-12,R05,Fleet A,1304,1,1,Y,328628
SHP-2025-00313,2025-02-11,2025-02-13,R02,Partner Haulage,2773,2,2,Y,1047041
SHP-2025-00314,2025-02-11,2025-02-14,R07,Fleet B,354,1,3,N,67339
SHP-2025-00315,2025-02-11,2025-02-13,R10,Fleet A,718,2,2,Y,263928
SHP-2025-00316,2025-02-11,2025-02-15,R04,Fleet B,1621,2,4,N,587534
SHP-2025-00317,2025-02-11,2025-02-13,R01,Fleet A,50,2,2,Y,35522
SHP-2025-00318,2025-02-11,2025-02-12,R03,Partner Haulage,1223,1,1,Y,118702
SHP-2025-00319,2025-02-11,2025-02-12,R06,Fleet A,1098,1,1,Y,80864
SHP-2025-00320,2025-02-12,2025-02-14,R10,Partner Haulage,1010,2,2,Y,350417
SHP-2025-00321,2025-02-12,2025-02-15,R09,Fleet A,958,3,3,Y,658602
SHP-2025-00322,2025-02-12,2025-02-13,R07,Fleet B,3511,1,1,Y,562279
SHP-2025-00323,2025-02-12,2025-02-15,R09,Fleet A,1562,3,3,Y,965278
SHP-2025-00324,2025-02-12,2025-02-13,R03,Fleet A,3518,1,1,Y,340936
SHP-2025-00325,2025-02-12,2025-02-14,R04,Fleet A,3407,2,2,Y,1369039
SHP-2025-00326,2025-02-12,2025-02-13,R08,Fleet B,2214,1,1,Y,429269
SHP-2025-00327,2025-02-12,2025-02-14,R02,Fleet A,3024,2,2,Y,1096843
SHP-2025-00328,2025-02-12,2025-02-13,R08,Fleet A,1772,1,1,Y,391887
SHP-2025-00329,2025-02-12,2025-02-13,R03,Fleet A,2018,1,1,Y,192298
SHP-2025-00330,2025-02-12,2025-02-14,R01,Partner Haulage,752,2,2,Y,327979
SHP-2025-00331,2025-02-13,2025-02-15,R04,Fleet B,478,2,2,Y,170561
SHP-2025-00332,2025-02-13,2025-02-14,R03,Fleet B,1497,1,1,Y,153503
SHP-2025-00333,2025-02-13,2025-02-14,R06,Fleet A,2316,1,1,Y,132881
SHP-2025-00334,2025-02-13,2025-02-14,R08,Fleet A,3106,1,1,Y,692863
SHP-2025-00335,2025-02-13,2025-02-15,R04,Partner Haulage,780,2,2,Y,291032
SHP-2025-00336,2025-02-13,2025-02-15,R07,Partner Haulage,2404,1,2,N,363561
SHP-2025-00337,2025-02-13,2025-02-14,R06,Fleet A,3773,1,1,Y,220222
SHP-2025-00338,2025-02-13,2025-02-14,R06,Fleet B,448,1,1,Y,38248
SHP-2025-00339,2025-02-13,2025-02-14,R08,Partner Haulage,372,1,1,Y,95098
SHP-2025-00340,2025-02-13,2025-02-16,R09,Fleet B,1815,3,3,Y,1071716
SHP-2025-00341,2025-02-13,2025-02-14,R03,Fleet B,2941,1,1,Y,259585
SHP-2025-00342,2025-02-13,2025-02-14,R03,Fleet B,3213,1,1,Y,297570
SHP-2025-00343,2025-02-13,2025-02-14,R03,Fleet B,2017,1,1,Y,207357
SHP-2025-00344,2025-02-13,2025-02-15,R01,Fleet A,786,2,2,Y,348344
SHP-2025-00345,2025-02-14,2025-02-15,R06,Fleet A,2900,1,1,Y,173095
SHP-2025-00346,2025-02-14,2025-02-16,R04,Fleet A,1405,2,2,Y,544145
SHP-2025-00347,2025-02-14,2025-02-15,R06,Fleet B,1210,1,1,Y,77535
SHP-2025-00348,2025-02-14,2025-02-16,R01,Fleet B,2385,2,2,Y,1080299
SHP-2025-00349,2025-02-14,2025-02-16,R04,Fleet B,997,2,2,Y,373970
SHP-2025-00350,2025-02-14,2025-02-15,R07,Fleet A,2988,1,1,Y,457101
SHP-2025-00351,2025-02-14,2025-02-16,R04,Fleet A,2240,2,2,Y,759986
SHP-2025-00352,2025-02-15,2025-02-17,R10,Fleet A,3369,2,2,Y,1139887
SHP-2025-00353,2025-02-15,2025-02-17,R01,Fleet A,1921,2,2,Y,765808
SHP-2025-00354,2025-02-15,2025-02-16,R03,Fleet A,567,1,1,Y,65512
SHP-2025-00355,2025-02-15,2025-02-17,R04,Fleet A,468,2,2,Y,190768
SHP-2025-00356,2025-02-15,2025-02-17,R01,Fleet A,2375,2,2,Y,966451
SHP-2025-00357,2025-02-15,2025-02-17,R01,Fleet A,3085,2,2,Y,1269845
SHP-2025-00358,2025-02-15,2025-02-16,R07,Fleet A,3795,1,1,Y,577468
SHP-2025-00359,2025-02-15,2025-02-16,R05,Fleet A,1181,1,1,Y,373656
SHP-2025-00360,2025-02-15,2025-02-16,R06,Fleet A,2017,1,1,Y,123047
SHP-2025-00361,2025-02-15,2025-02-17,R10,Fleet A,2102,2,2,Y,782800
SHP-2025-00362,2025-02-15,2025-02-17,R10,Fleet A,1278,2,2,Y,428407
SHP-2025-00363,2025-02-15,2025-02-17,R01,Fleet A,1067,2,2,Y,462093
SHP-2025-00364,2025-02-15,2025-02-17,R04,Partner Haulage,1671,2,2,Y,628492
SHP-2025-00365,2025-02-15,2025-02-18,R03,Fleet B,2993,1,3,N,271270
SHP-2025-00366,2025-02-16,2025-02-18,R04,Fleet A,2047,2,2,Y,762227
SHP-2025-00367,2025-02-16,2025-02-20,R09,Fleet B,475,3,4,N,345223
SHP-2025-00368,2025-02-16,2025-02-17,R05,Partner Haulage,464,1,1,Y,139142
SHP-2025-00369,2025-02-16,2025-02-18,R02,Fleet B,1284,2,2,Y,436787
SHP-2025-00370,2025-02-16,2025-02-20,R02,Fleet B,517,2,4,N,200304
SHP-2025-00371,2025-02-16,2025-02-18,R02,Fleet B,1985,2,2,Y,664338
SHP-2025-00372,2025-02-16,2025-02-17,R03,Fleet A,1344,1,1,Y,124784
SHP-2025-00373,2025-02-16,2025-02-18,R01,Fleet A,2229,2,2,Y,913223
SHP-2025-00374,2025-02-16,2025-02-18,R02,Fleet B,1425,2,2,Y,518719
SHP-2025-00375,2025-02-17,2025-02-18,R06,Fleet B,2470,1,1,Y,154919
SHP-2025-00376,2025-02-17,2025-02-18,R05,Fleet A,797,1,1,Y,225261
SHP-2025-00377,2025-02-17,2025-02-20,R07,Fleet B,2931,1,3,N,452606
SHP-2025-00378,2025-02-17,2025-02-19,R01,Partner Haulage,2240,2,2,Y,939487
SHP-2025-00379,2025-02-17,2025-02-20,R09,Fleet A,2911,3,3,Y,1995734
SHP-2025-00380,2025-02-17,2025-02-18,R08,Partner Haulage,500,1,1,Y,122113
SHP-2025-00381,2025-02-17,2025-02-18,R08,Fleet A,1541,1,1,Y,353635
SHP-2025-00382,2025-02-17,2025-02-18,R08,Fleet A,2212,1,1,Y,510287
SHP-2025-00383,2025-02-17,2025-02-20,R04,Partner Haulage,1206,2,3,N,436301
SHP-2025-00384,2025-02-17,2025-02-18,R05,Fleet A,1247,1,1,Y,353748
SHP-2025-00385,2025-02-17,2025-02-20,R09,Fleet B,1051,3,3,Y,677768
SHP-2025-00386,2025-02-17,2025-02-21,R04,Fleet B,2466,2,4,N,780734
SHP-2025-00387,2025-02-17,2025-02-18,R03,Fleet B,1962,1,1,Y,196668
SHP-2025-00388,2025-02-17,2025-02-18,R03,Fleet B,1639,1,1,Y,152465
SHP-2025-00389,2025-02-18,2025-02-19,R06,Partner Haulage,1689,1,1,Y,112416
SHP-2025-00390,2025-02-18,2025-02-19,R08,Fleet A,2066,1,1,Y,488913
SHP-2025-00391,2025-02-18,2025-02-21,R05,Fleet A,2036,1,3,N,560150
SHP-2025-00392,2025-02-18,2025-02-19,R03,Fleet B,1115,1,1,Y,116771
SHP-2025-00393,2025-02-18,2025-02-19,R08,Partner Haulage,3183,1,1,Y,747477
SHP-2025-00394,2025-02-18,2025-02-19,R06,Fleet A,2947,1,1,Y,165930
SHP-2025-00395,2025-02-18,2025-02-19,R06,Fleet B,1677,1,1,Y,105869
SHP-2025-00396,2025-02-18,2025-02-20,R04,Partner Haulage,643,2,2,Y,230874
SHP-2025-00397,2025-02-18,2025-02-21,R07,Fleet B,3130,1,3,N,425897
SHP-2025-00398,2025-02-18,2025-02-22,R10,Fleet A,2168,2,4,N,736005
SHP-2025-00399,2025-02-18,2025-02-19,R03,Fleet B,393,1,1,Y,49501
SHP-2025-00400,2025-02-19,2025-02-21,R04,Fleet B,1646,2,2,Y,586700
SHP-2025-00401,2025-02-19,2025-02-22,R07,Fleet B,3806,1,3,N,529157
SHP-2025-00402,2025-02-19,2025-02-20,R06,Fleet A,1535,1,1,Y,113082
SHP-2025-00403,2025-02-19,2025-02-21,R01,Fleet B,1815,2,2,Y,780310
SHP-2025-00404,2025-02-19,2025-02-21,R01,Fleet A,469,2,2,Y,227844
SHP-2025-00405,2025-02-19,2025-02-22,R09,Fleet A,1876,3,3,Y,1229589
SHP-2025-00406,2025-02-19,2025-02-21,R01,Fleet A,2939,2,2,Y,1384167
SHP-2025-00407,2025-02-19,2025-02-23,R03,Fleet B,3354,1,4,N,332031
SHP-2025-00408,2025-02-19,2025-02-20,R03,Fleet A,917,1,1,Y,99416
SHP-2025-00409,2025-02-19,2025-02-20,R03,Partner Haulage,2160,1,1,Y,214788
SHP-2025-00410,2025-02-20,2025-02-22,R01,Fleet A,2086,2,2,Y,947635
SHP-2025-00411,2025-02-20,2025-02-22,R02,Fleet B,1848,2,2,Y,655723
SHP-2025-00412,2025-02-20,2025-02-21,R08,Fleet B,349,1,1,Y,84798
SHP-2025-00413,2025-02-20,2025-02-21,R03,Fleet B,1036,1,1,Y,108916
SHP-2025-00414,2025-02-20,2025-02-22,R01,Fleet B,2032,2,2,Y,843706
SHP-2025-00415,2025-02-20,2025-02-21,R06,Fleet A,2281,1,1,Y,144236
SHP-2025-00416,2025-02-20,2025-02-21,R06,Fleet A,2022,1,1,Y,136735
SHP-2025-00417,2025-02-20,2025-02-21,R03,Fleet A,1517,1,1,Y,150890
SHP-2025-00418,2025-02-20,2025-02-21,R03,Partner Haulage,2162,1,1,Y,204679
SHP-2025-00419,2025-02-20,2025-02-23,R09,Fleet B,3302,3,3,Y,1760164
SHP-2025-00420,2025-02-21,2025-02-23,R04,Fleet A,2051,2,2,Y,739675
SHP-2025-00421,2025-02-21,2025-02-22,R08,Fleet B,237,1,1,Y,73084
SHP-2025-00422,2025-02-21,2025-02-23,R10,Fleet A,809,2,2,Y,290733
SHP-2025-00423,2025-02-21,2025-02-22,R03,Partner Haulage,1351,1,1,Y,135593
SHP-2025-00424,2025-02-21,2025-02-22,R05,Fleet A,1343,1,1,Y,424212
SHP-2025-00425,2025-02-21,2025-02-22,R03,Fleet B,2455,1,1,Y,249027
SHP-2025-00426,2025-02-21,2025-02-22,R08,Fleet B,812,1,1,Y,186263
SHP-2025-00427,2025-02-21,2025-02-22,R05,Fleet B,1286,1,1,Y,340835
SHP-2025-00428,2025-02-21,2025-02-22,R03,Fleet A,931,1,1,Y,102063
SHP-2025-00429,2025-02-21,2025-02-23,R02,Fleet B,3496,2,2,Y,1333013
SHP-2025-00430,2025-02-23,2025-02-25,R10,Fleet A,2154,2,2,Y,737602
SHP-2025-00431,2025-02-23,2025-02-25,R01,Fleet A,1513,2,2,Y,656263
SHP-2025-00432,2025-02-23,2025-02-25,R04,Fleet A,745,2,2,Y,274639
SHP-2025-00433,2025-02-23,2025-02-25,R04,Fleet A,2018,2,2,Y,776513
SHP-2025-00434,2025-02-23,2025-02-25,R02,Partner Haulage,1862,2,2,Y,610347
SHP-2025-00435,2025-02-23,2025-02-25,R10,Fleet A,2457,2,2,Y,897844
SHP-2025-00436,2025-02-23,2025-02-25,R01,Fleet A,946,2,2,Y,396449
SHP-2025-00437,2025-02-23,2025-02-26,R09,Partner Haulage,2360,3,3,Y,1778590
SHP-2025-00438,2025-02-23,2025-02-24,R07,Fleet B,610,1,1,Y,109635
SHP-2025-00439,2025-02-23,2025-02-25,R10,Fleet A,3327,2,2,Y,1070722
SHP-2025-00440,2025-02-23,2025-02-25,R05,Fleet A,1784,1,2,N,483715
SHP-2025-00441,2025-02-23,2025-02-27,R05,Fleet A,1112,1,4,N,302547
SHP-2025-00442,2025-02-24,2025-02-27,R01,Fleet B,618,2,3,N,278294
SHP-2025-00443,2025-02-24,2025-02-25,R07,Fleet A,208,1,1,Y,47969
SHP-2025-00444,2025-02-24,2025-02-26,R07,Fleet A,1179,1,2,N,183106
SHP-2025-00445,2025-02-24,2025-02-26,R01,Fleet B,1499,2,2,Y,649043
SHP-2025-00446,2025-02-24,2025-02-25,R05,Fleet B,3753,1,1,Y,1047531
SHP-2025-00447,2025-02-24,2025-02-25,R06,Fleet A,1903,1,1,Y,127821
SHP-2025-00448,2025-02-24,2025-02-25,R06,Fleet B,1858,1,1,Y,117165
SHP-2025-00449,2025-02-25,2025-03-01,R02,Fleet A,761,2,4,N,283921
SHP-2025-00450,2025-02-25,2025-02-26,R03,Fleet B,2568,1,1,Y,254758
SHP-2025-00451,2025-02-25,2025-02-26,R08,Partner Haulage,993,1,1,Y,258224
SHP-2025-00452,2025-02-25,2025-02-26,R06,Fleet A,1517,1,1,Y,105098
SHP-2025-00453,2025-02-25,2025-02-26,R05,Fleet A,1125,1,1,Y,299523
SHP-2025-00454,2025-02-25,2025-02-26,R08,Fleet B,2793,1,1,Y,614962
SHP-2025-00455,2025-02-25,2025-02-27,R01,Partner Haulage,2476,2,2,Y,1115306
SHP-2025-00456,2025-02-26,2025-02-27,R03,Fleet B,1327,1,1,Y,145156
SHP-2025-00457,2025-02-26,2025-02-28,R10,Fleet A,3063,2,2,Y,1031540
SHP-2025-00458,2025-02-26,2025-02-28,R01,Partner Haulage,2555,2,2,Y,1075857
SHP-2025-00459,2025-02-26,2025-02-27,R05,Partner Haulage,3111,1,1,Y,821890
SHP-2025-00460,2025-02-26,2025-02-28,R04,Fleet A,916,2,2,Y,320891
SHP-2025-00461,2025-02-26,2025-02-27,R03,Fleet B,1984,1,1,Y,202600
SHP-2025-00462,2025-02-26,2025-02-27,R03,Fleet B,2762,1,1,Y,260762
SHP-2025-00463,2025-02-26,2025-02-27,R03,Fleet A,1330,1,1,Y,152326
SHP-2025-00464,2025-02-26,2025-02-28,R10,Partner Haulage,2344,2,2,Y,817947
SHP-2025-00465,2025-02-26,2025-02-27,R06,Fleet B,1864,1,1,Y,109620
SHP-2025-00466,2025-02-27,2025-02-28,R03,Fleet A,3194,1,1,Y,310953
SHP-2025-00467,2025-02-27,2025-02-28,R06,Fleet B,1716,1,1,Y,120671
SHP-2025-00468,2025-02-27,2025-02-28,R06,Fleet B,2288,1,1,Y,134309
SHP-2025-00469,2025-02-27,2025-02-28,R05,Fleet A,1748,1,1,Y,463192
SHP-2025-00470,2025-02-27,2025-03-01,R02,Partner Haulage,1972,2,2,Y,651359
SHP-2025-00471,2025-02-27,2025-03-01,R04,Partner Haulage,2180,2,2,Y,753171
SHP-2025-00472,2025-02-27,2025-02-28,R08,Partner Haulage,1800,1,1,Y,415288
SHP-2025-00473,2025-02-27,2025-02-28,R07,Fleet A,2654,1,1,Y,419204
SHP-2025-00474,2025-02-27,2025-02-28,R07,Fleet A,950,1,1,Y,159986
SHP-2025-00475,2025-02-27,2025-03-01,R02,Fleet B,436,2,2,Y,186555
SHP-2025-00476,2025-02-27,2025-02-28,R06,Fleet A,1596,1,1,Y,109297
SHP-2025-00477,2025-02-27,2025-03-01,R04,Fleet B,2435,2,2,Y,864045
SHP-2025-00478,2025-02-28,2025-03-01,R08,Fleet B,2358,1,1,Y,553266
SHP-2025-00479,2025-02-28,2025-03-02,R10,Fleet B,2878,2,2,Y,1050411
SHP-2025-00480,2025-02-28,2025-03-02,R01,Fleet B,1711,2,2,Y,734456
SHP-2025-00481,2025-02-28,2025-03-02,R02,Fleet A,2361,2,2,Y,797613
SHP-2025-00482,2025-02-28,2025-03-01,R05,Fleet A,2120,1,1,Y,624827
SHP-2025-00483,2025-02-28,2025-03-01,R05,Fleet A,1111,1,1,Y,272673
SHP-2025-00484,2025-02-28,2025-03-02,R01,Fleet A,645,2,2,Y,290817
SHP-2025-00485,2025-03-03,2025-03-04,R06,Fleet A,1478,1,1,Y,98894
SHP-2025-00486,2025-03-03,2025-03-05,R10,Fleet A,1731,2,2,Y,627573
SHP-2025-00487,2025-03-03,2025-03-05,R08,Fleet A,1308,1,2,N,327593
SHP-2025-00488,2025-03-03,2025-03-04,R06,Fleet B,3359,1,1,Y,212376
SHP-2025-00489,2025-03-03,2025-03-05,R02,Fleet B,2697,2,2,Y,924912
SHP-2025-00490,2025-03-03,2025-03-04,R08,Partner Haulage,939,1,1,Y,212465
SHP-2025-00491,2025-03-04,2025-03-07,R09,Fleet A,1420,3,3,Y,1053764
SHP-2025-00492,2025-03-04,2025-03-05,R07,Partner Haulage,2942,1,1,Y,475971
SHP-2025-00493,2025-03-04,2025-03-05,R03,Fleet A,1950,1,1,Y,206613
SHP-2025-00494,2025-03-04,2025-03-07,R10,Partner Haulage,1755,2,3,N,555543
SHP-2025-00495,2025-03-04,2025-03-05,R06,Fleet B,1449,1,1,Y,102925
SHP-2025-00496,2025-03-04,2025-03-05,R03,Fleet A,2228,1,1,Y,216784
SHP-2025-00497,2025-03-04,2025-03-05,R06,Fleet A,1122,1,1,Y,75716
SHP-2025-00498,2025-03-04,2025-03-05,R08,Fleet B,1129,1,1,Y,240416
SHP-2025-00499,2025-03-04,2025-03-05,R07,Fleet A,3101,1,1,Y,498679
SHP-2025-00500,2025-03-04,2025-03-05,R05,Partner Haulage,1545,1,1,Y,467683
SHP-2025-00501,2025-03-04,2025-03-05,R06,Fleet B,2579,1,1,Y,152606
SHP-2025-00502,2025-03-04,2025-03-05,R05,Fleet A,2075,1,1,Y,528032
SHP-2025-00503,2025-03-04,2025-03-05,R03,Partner Haulage,1753,1,1,Y,159736
SHP-2025-00504,2025-03-04,2025-03-05,R06,Fleet B,2138,1,1,Y,125160
SHP-2025-00505,2025-03-05,2025-03-06,R08,Fleet A,2204,1,1,Y,570850
SHP-2025-00506,2025-03-05,2025-03-07,R07,Fleet A,1890,1,2,N,311487
SHP-2025-00507,2025-03-05,2025-03-08,R09,Fleet A,2959,3,3,Y,1930516
SHP-2025-00508,2025-03-05,2025-03-06,R06,Partner Haulage,1306,1,1,Y,86696
SHP-2025-00509,2025-03-05,2025-03-06,R06,Partner Haulage,776,1,1,Y,59907
SHP-2025-00510,2025-03-05,2025-03-06,R03,Fleet A,2789,1,1,Y,281502
SHP-2025-00511,2025-03-05,2025-03-06,R05,Fleet A,2070,1,1,Y,520438
SHP-2025-00512,2025-03-05,2025-03-06,R08,Fleet B,3161,1,1,Y,677103
SHP-2025-00513,2025-03-05,2025-03-07,R02,Fleet A,1732,2,2,Y,665560
SHP-2025-00514,2025-03-05,2025-03-07,R10,Fleet B,1925,2,2,Y,586266
SHP-2025-00515,2025-03-05,2025-03-07,R10,Fleet B,445,2,2,Y,148375
SHP-2025-00516,2025-03-05,2025-03-06,R03,Fleet A,3077,1,1,Y,301351
SHP-2025-00517,2025-03-06,2025-03-08,R04,Fleet A,2760,2,2,Y,964338
SHP-2025-00518,2025-03-06,2025-03-07,R05,Fleet B,2596,1,1,Y,776910
SHP-2025-00519,2025-03-06,2025-03-07,R06,Partner Haulage,1901,1,1,Y,138747
SHP-2025-00520,2025-03-06,2025-03-07,R06,Fleet B,3137,1,1,Y,173457
SHP-2025-00521,2025-03-06,2025-03-07,R08,Fleet A,2520,1,1,Y,489929
SHP-2025-00522,2025-03-06,2025-03-08,R01,Fleet A,2278,2,2,Y,1080011
SHP-2025-00523,2025-03-06,2025-03-08,R06,Partner Haulage,3474,1,2,N,204178
SHP-2025-00524,2025-03-06,2025-03-08,R04,Fleet A,375,2,2,Y,150356
SHP-2025-00525,2025-03-06,2025-03-08,R10,Fleet B,1227,2,2,Y,373285
SHP-2025-00526,2025-03-06,2025-03-11,R01,Fleet A,2412,2,5,N,1076480
SHP-2025-00527,2025-03-06,2025-03-08,R10,Partner Haulage,2553,2,2,Y,906910
SHP-2025-00528,2025-03-06,2025-03-07,R06,Partner Haulage,1768,1,1,Y,112166
SHP-2025-00529,2025-03-06,2025-03-08,R04,Fleet B,2027,2,2,Y,702708
SHP-2025-00530,2025-03-06,2025-03-08,R10,Fleet A,2251,2,2,Y,776532
SHP-2025-00531,2025-03-07,2025-03-09,R05,Fleet B,1824,1,2,N,553221
SHP-2025-00532,2025-03-07,2025-03-08,R06,Partner Haulage,1274,1,1,Y,85309
SHP-2025-00533,2025-03-07,2025-03-08,R08,Fleet A,2141,1,1,Y,512096
SHP-2025-00534,2025-03-07,2025-03-08,R03,Fleet A,2390,1,1,Y,220123
SHP-2025-00535,2025-03-07,2025-03-09,R02,Partner Haulage,1892,2,2,Y,664230
SHP-2025-00536,2025-03-08,2025-03-09,R03,Fleet B,1796,1,1,Y,164825
SHP-2025-00537,2025-03-08,2025-03-10,R10,Fleet B,2143,2,2,Y,753114
SHP-2025-00538,2025-03-08,2025-03-10,R02,Fleet B,3069,2,2,Y,1079335
SHP-2025-00539,2025-03-08,2025-03-10,R10,Partner Haulage,1889,2,2,Y,680256
SHP-2025-00540,2025-03-08,2025-03-09,R06,Fleet A,1639,1,1,Y,115928
SHP-2025-00541,2025-03-08,2025-03-12,R02,Fleet A,95,2,4,N,50631
SHP-2025-00542,2025-03-08,2025-03-09,R05,Fleet B,2650,1,1,Y,709940
SHP-2025-00543,2025-03-08,2025-03-10,R04,Fleet A,1938,2,2,Y,712604
SHP-2025-00544,2025-03-08,2025-03-13,R02,Partner Haulage,1619,2,5,N,591306
SHP-2025-00545,2025-03-08,2025-03-09,R06,Fleet A,1741,1,1,Y,106998
SHP-2025-00546,2025-03-10,2025-03-11,R05,Fleet A,1846,1,1,Y,499011
SHP-2025-00547,2025-03-10,2025-03-12,R02,Fleet A,708,2,2,Y,273786
SHP-2025-00548,2025-03-10,2025-03-11,R07,Fleet A,3474,1,1,Y,584122
SHP-2025-00549,2025-03-10,2025-03-12,R04,Fleet A,1478,2,2,Y,531806
SHP-2025-00550,2025-03-10,2025-03-11,R05,Fleet B,1126,1,1,Y,292712
SHP-2025-00551,2025-03-10,2025-03-11,R07,Partner Haulage,1307,1,1,Y,206773
SHP-2025-00552,2025-03-10,2025-03-13,R09,Fleet A,50,3,3,Y,50129
SHP-2025-00553,2025-03-10,2025-03-11,R03,Partner Haulage,1019,1,1,Y,107689
SHP-2025-00554,2025-03-10,2025-03-13,R04,Partner Haulage,2153,2,3,N,779747
SHP-2025-00555,2025-03-10,2025-03-11,R05,Fleet A,2075,1,1,Y,588749
SHP-2025-00556,2025-03-10,2025-03-11,R03,Fleet B,1550,1,1,Y,149344
SHP-2025-00557,2025-03-10,2025-03-11,R07,Fleet A,1338,1,1,Y,214402
SHP-2025-00558,2025-03-10,2025-03-12,R04,Fleet A,383,2,2,Y,141948
SHP-2025-00559,2025-03-10,2025-03-15,R04,Partner Haulage,3108,2,5,N,1113820
SHP-2025-00560,2025-03-10,2025-03-11,R03,Fleet A,2158,1,1,Y,212141
SHP-2025-00561,2025-03-10,2025-03-12,R10,Fleet A,1442,2,2,Y,481867
SHP-2025-00562,2025-03-11,2025-03-12,R08,Fleet A,1570,1,1,Y,380433
SHP-2025-00563,2025-03-11,2025-03-13,R04,Fleet A,946,2,2,Y,352120
SHP-2025-00564,2025-03-11,2025-03-13,R07,Fleet A,2075,1,2,N,326908
SHP-2025-00565,2025-03-11,2025-03-12,R07,Partner Haulage,1527,1,1,Y,221456
SHP-2025-00566,2025-03-11,2025-03-12,R06,Fleet A,1225,1,1,Y,88487
SHP-2025-00567,2025-03-11,2025-03-12,R06,Partner Haulage,2629,1,1,Y,165890
SHP-2025-00568,2025-03-11,2025-03-12,R08,Partner Haulage,2817,1,1,Y,661680
SHP-2025-00569,2025-03-11,2025-03-14,R02,Fleet A,1835,2,3,N,639556
SHP-2025-00570,2025-03-11,2025-03-15,R07,Fleet A,3383,1,4,N,506615
SHP-2025-00571,2025-03-11,2025-03-12,R03,Fleet A,2566,1,1,Y,254664
SHP-2025-00572,2025-03-12,2025-03-13,R08,Fleet A,2908,1,1,Y,696232
SHP-2025-00573,2025-03-12,2025-03-13,R08,Fleet A,2448,1,1,Y,551608
SHP-2025-00574,2025-03-12,2025-03-13,R08,Fleet B,2305,1,1,Y,550115
SHP-2025-00575,2025-03-12,2025-03-14,R04,Partner Haulage,1504,2,2,Y,595065
SHP-2025-00576,2025-03-12,2025-03-16,R08,Fleet B,2862,1,4,N,630803
SHP-2025-00577,2025-03-12,2025-03-14,R04,Partner Haulage,2790,2,2,Y,998600
SHP-2025-00578,2025-03-12,2025-03-13,R06,Fleet B,1837,1,1,Y,137495
SHP-2025-00579,2025-03-12,2025-03-15,R09,Fleet A,2538,3,3,Y,1422982
SHP-2025-00580,2025-03-12,2025-03-13,R06,Fleet A,1975,1,1,Y,139651
SHP-2025-00581,2025-03-12,2025-03-13,R07,Partner Haulage,2404,1,1,Y,407684
SHP-2025-00582,2025-03-12,2025-03-13,R06,Fleet A,1266,1,1,Y,89510
SHP-2025-00583,2025-03-13,2025-03-14,R06,Fleet B,2475,1,1,Y,159465
SHP-2025-00584,2025-03-13,2025-03-14,R06,Fleet B,2318,1,1,Y,154984
SHP-2025-00585,2025-03-13,2025-03-14,R05,Fleet A,1695,1,1,Y,491473
SHP-2025-00586,2025-03-13,2025-03-14,R06,Fleet B,1708,1,1,Y,117346
SHP-2025-00587,2025-03-13,2025-03-14,R05,Partner Haulage,3255,1,1,Y,845839
SHP-2025-00588,2025-03-13,2025-03-16,R09,Fleet A,1284,3,3,Y,846090
SHP-2025-00589,2025-03-13,2025-03-14,R07,Fleet B,2527,1,1,Y,386895
SHP-2025-00590,2025-03-13,2025-03-16,R07,Fleet A,2511,1,3,N,371485
SHP-2025-00591,2025-03-13,2025-03-18,R01,Fleet A,2805,2,5,N,1181301
SHP-2025-00592,2025-03-13,2025-03-15,R01,Fleet A,1506,2,2,Y,618228
SHP-2025-00593,2025-03-13,2025-03-16,R09,Partner Haulage,2367,3,3,Y,1402547
SHP-2025-00594,2025-03-13,2025-03-15,R10,Fleet B,1153,2,2,Y,427624
SHP-2025-00595,2025-03-13,2025-03-14,R07,Fleet B,2602,1,1,Y,372593
SHP-2025-00596,2025-03-13,2025-03-16,R07,Fleet A,773,1,3,N,124845
SHP-2025-00597,2025-03-14,2025-03-15,R06,Fleet A,1459,1,1,Y,95821
SHP-2025-00598,2025-03-14,2025-03-15,R06,Fleet B,2142,1,1,Y,133813
SHP-2025-00599,2025-03-14,2025-03-18,R07,Fleet B,461,1,4,N,83340
SHP-2025-00600,2025-03-14,2025-03-15,R07,Partner Haulage,2969,1,1,Y,474884
SHP-2025-00601,2025-03-14,2025-03-15,R05,Fleet A,2147,1,1,Y,556628
SHP-2025-00602,2025-03-14,2025-03-15,R03,Partner Haulage,1829,1,1,Y,165627
SHP-2025-00603,2025-03-14,2025-03-15,R07,Partner Haulage,1492,1,1,Y,235359
SHP-2025-00604,2025-03-14,2025-03-15,R08,Fleet A,1463,1,1,Y,362094
SHP-2025-00605,2025-03-14,2025-03-15,R06,Fleet B,3608,1,1,Y,208653
SHP-2025-00606,2025-03-14,2025-03-15,R03,Partner Haulage,1810,1,1,Y,184651
SHP-2025-00607,2025-03-16,2025-03-18,R04,Fleet B,2885,2,2,Y,1042427
SHP-2025-00608,2025-03-16,2025-03-17,R08,Fleet A,1986,1,1,Y,505209
SHP-2025-00609,2025-03-16,2025-03-17,R03,Fleet B,1563,1,1,Y,156767
SHP-2025-00610,2025-03-16,2025-03-18,R04,Partner Haulage,2182,2,2,Y,800506
SHP-2025-00611,2025-03-16,2025-03-18,R02,Fleet B,1708,2,2,Y,666177
SHP-2025-00612,2025-03-16,2025-03-18,R02,Partner Haulage,843,2,2,Y,323059
SHP-2025-00613,2025-03-16,2025-03-17,R08,Fleet B,2653,1,1,Y,527954
SHP-2025-00614,2025-03-17,2025-03-18,R08,Fleet B,2520,1,1,Y,552378
SHP-2025-00615,2025-03-17,2025-03-19,R02,Partner Haulage,2425,2,2,Y,856472
SHP-2025-00616,2025-03-17,2025-03-18,R06,Partner Haulage,2158,1,1,Y,138797
SHP-2025-00617,2025-03-18,2025-03-19,R07,Partner Haulage,3293,1,1,Y,495746
SHP-2025-00618,2025-03-18,2025-03-22,R08,Partner Haulage,2125,1,4,N,558576
SHP-2025-00619,2025-03-18,2025-03-19,R08,Fleet A,2731,1,1,Y,633811
SHP-2025-00620,2025-03-18,2025-03-19,R07,Fleet B,2129,1,1,Y,326609
SHP-2025-00621,2025-03-18,2025-03-19,R08,Fleet A,3188,1,1,Y,725708
SHP-2025-00622,2025-03-18,2025-03-22,R04,Fleet A,1233,2,4,N,475535
SHP-2025-00623,2025-03-18,2025-03-19,R06,Fleet A,2057,1,1,Y,132742
SHP-2025-00624,2025-03-18,2025-03-20,R04,Fleet B,2437,2,2,Y,938412
SHP-2025-00625,2025-03-18,2025-03-19,R03,Partner Haulage,50,1,1,Y,19599
SHP-2025-00626,2025-03-18,2025-03-20,R04,Fleet A,1760,2,2,Y,642768
SHP-2025-00627,2025-03-18,2025-03-19,R05,Fleet B,50,1,1,Y,28003
SHP-2025-00628,2025-03-19,2025-03-20,R08,Fleet B,1888,1,1,Y,475747
SHP-2025-00629,2025-03-19,2025-03-22,R09,Fleet B,2121,3,3,Y,1377406
SHP-2025-00630,2025-03-19,2025-03-21,R01,Fleet A,1627,2,2,Y,764620
SHP-2025-00631,2025-03-19,2025-03-21,R01,Fleet B,767,2,2,Y,337452
SHP-2025-00632,2025-03-19,2025-03-21,R01,Fleet B,1726,2,2,Y,665588
SHP-2025-00633,2025-03-19,2025-03-21,R10,Fleet B,708,2,2,Y,243606
SHP-2025-00634,2025-03-19,2025-03-20,R07,Fleet A,2152,1,1,Y,348196
SHP-2025-00635,2025-03-19,2025-03-20,R03,Fleet B,2882,1,1,Y,259344
SHP-2025-00636,2025-03-19,2025-03-20,R03,Fleet A,2002,1,1,Y,192537
SHP-2025-00637,2025-03-19,2025-03-20,R03,Fleet B,150,1,1,Y,29143
SHP-2025-00638,2025-03-19,2025-03-20,R03,Fleet B,1422,1,1,Y,137488
SHP-2025-00639,2025-03-20,2025-03-21,R05,Fleet A,1699,1,1,Y,477247
SHP-2025-00640,2025-03-20,2025-03-21,R05,Fleet A,1568,1,1,Y,413053
SHP-2025-00641,2025-03-20,2025-03-21,R08,Fleet B,1596,1,1,Y,370507
SHP-2025-00642,2025-03-20,2025-03-22,R10,Fleet A,669,2,2,Y,236330
SHP-2025-00643,2025-03-20,2025-03-21,R06,Fleet A,1553,1,1,Y,103702
SHP-2025-00644,2025-03-20,2025-03-21,R05,Fleet A,1300,1,1,Y,362853
SHP-2025-00645,2025-03-21,2025-03-22,R03,Fleet B,2418,1,1,Y,241181
SHP-2025-00646,2025-03-21,2025-03-23,R10,Fleet A,1229,2,2,Y,408048
SHP-2025-00647,2025-03-21,2025-03-23,R02,Fleet B,1524,2,2,Y,560444
SHP-2025-00648,2025-03-21,2025-03-22,R06,Fleet A,1379,1,1,Y,90792
SHP-2025-00649,2025-03-21,2025-03-23,R01,Fleet B,3066,2,2,Y,1256864
SHP-2025-00650,2025-03-21,2025-03-23,R01,Fleet A,1426,2,2,Y,585129
SHP-2025-00651,2025-03-21,2025-03-22,R06,Fleet B,1285,1,1,Y,93935
SHP-2025-00652,2025-03-21,2025-03-22,R05,Partner Haulage,2289,1,1,Y,587020
SHP-2025-00653,2025-03-21,2025-03-23,R04,Fleet B,970,2,2,Y,347629
SHP-2025-00654,2025-03-21,2025-03-23,R08,Fleet A,607,1,2,N,146634
SHP-2025-00655,2025-03-22,2025-03-23,R05,Fleet B,716,1,1,Y,208451
SHP-2025-00656,2025-03-22,2025-03-23,R06,Fleet A,2418,1,1,Y,161034
SHP-2025-00657,2025-03-22,2025-03-23,R08,Fleet B,1971,1,1,Y,455635
SHP-2025-00658,2025-03-22,2025-03-23,R06,Fleet A,2417,1,1,Y,150291
SHP-2025-00659,2025-03-22,2025-03-24,R04,Fleet B,3391,2,2,Y,1328183
SHP-2025-00660,2025-03-22,2025-03-24,R10,Partner Haulage,1200,2,2,Y,442599
SHP-2025-00661,2025-03-22,2025-03-24,R01,Fleet A,3439,2,2,Y,1315689
SHP-2025-00662,2025-03-23,2025-03-28,R02,Partner Haulage,1863,2,5,N,613730
SHP-2025-00663,2025-03-23,2025-03-26,R09,Fleet A,2158,3,3,Y,1506641
SHP-2025-00664,2025-03-23,2025-03-25,R01,Fleet A,50,2,2,Y,37641
SHP-2025-00665,2025-03-23,2025-03-25,R01,Fleet A,762,2,2,Y,324528
SHP-2025-00666,2025-03-23,2025-03-25,R04,Fleet B,2586,2,2,Y,954192
SHP-2025-00667,2025-03-23,2025-03-24,R03,Fleet B,2139,1,1,Y,187781
SHP-2025-00668,2025-03-23,2025-03-24,R07,Partner Haulage,3469,1,1,Y,472460
SHP-2025-00669,2025-03-23,2025-03-25,R10,Partner Haulage,2110,2,2,Y,712740
SHP-2025-00670,2025-03-23,2025-03-25,R10,Fleet A,3728,2,2,Y,1099278
SHP-2025-00671,2025-03-23,2025-03-25,R10,Fleet A,983,2,2,Y,365831
SHP-2025-00672,2025-03-23,2025-03-25,R10,Fleet A,1467,2,2,Y,531390
SHP-2025-00673,2025-03-24,2025-03-26,R10,Fleet A,2159,2,2,Y,796392
SHP-2025-00674,2025-03-24,2025-03-26,R04,Partner Haulage,2759,2,2,Y,996318
SHP-2025-00675,2025-03-24,2025-03-26,R01,Fleet A,2671,2,2,Y,1218139
SHP-2025-00676,2025-03-24,2025-03-25,R05,Fleet B,1933,1,1,Y,503771
SHP-2025-00677,2025-03-24,2025-03-25,R07,Fleet A,1373,1,1,Y,217953
SHP-2025-00678,2025-03-24,2025-03-25,R08,Fleet A,1215,1,1,Y,287190
SHP-2025-00679,2025-03-24,2025-03-25,R03,Fleet A,520,1,1,Y,68390
SHP-2025-00680,2025-03-24,2025-03-26,R04,Fleet B,2345,2,2,Y,831157
SHP-2025-00681,2025-03-25,2025-03-27,R10,Partner Haulage,1084,2,2,Y,381509
SHP-2025-00682,2025-03-25,2025-03-27,R01,Fleet B,2321,2,2,Y,996180
SHP-2025-00683,2025-03-25,2025-03-26,R06,Partner Haulage,653,1,1,Y,52562
SHP-2025-00684,2025-03-25,2025-03-29,R09,Partner Haulage,2263,3,4,N,1479703
SHP-2025-00685,2025-03-25,2025-03-28,R08,Partner Haulage,1641,1,3,N,350253
SHP-2025-00686,2025-03-25,2025-03-26,R06,Partner Haulage,693,1,1,Y,53136
SHP-2025-00687,2025-03-26,2025-03-28,R02,Partner Haulage,1267,2,2,Y,435557
SHP-2025-00688,2025-03-26,2025-03-28,R02,Fleet A,1467,2,2,Y,496992
SHP-2025-00689,2025-03-26,2025-03-27,R03,Partner Haulage,2868,1,1,Y,275924
SHP-2025-00690,2025-03-26,2025-03-28,R10,Fleet A,1433,2,2,Y,486759
SHP-2025-00691,2025-03-26,2025-03-29,R05,Fleet B,1507,1,3,N,377825
SHP-2025-00692,2025-03-26,2025-03-28,R01,Fleet A,1938,2,2,Y,751602
SHP-2025-00693,2025-03-26,2025-03-29,R05,Partner Haulage,2533,1,3,N,712879
SHP-2025-00694,2025-03-26,2025-03-28,R04,Fleet A,1412,2,2,Y,536142
SHP-2025-00695,2025-03-26,2025-03-27,R07,Fleet B,2824,1,1,Y,439605
SHP-2025-00696,2025-03-26,2025-03-27,R06,Fleet B,1373,1,1,Y,89664
SHP-2025-00697,2025-03-27,2025-03-29,R02,Partner Haulage,861,2,2,Y,331098
SHP-2025-00698,2025-03-27,2025-03-29,R06,Fleet A,2259,1,2,N,131315
SHP-2025-00699,2025-03-27,2025-03-28,R03,Fleet A,2827,1,1,Y,234720
SHP-2025-00700,2025-03-27,2025-03-28,R05,Fleet B,1085,1,1,Y,297929
SHP-2025-00701,2025-03-27,2025-03-28,R08,Partner Haulage,1491,1,1,Y,382340
SHP-2025-00702,2025-03-27,2025-03-28,R06,Fleet B,919,1,1,Y,71480
SHP-2025-00703,2025-03-27,2025-03-29,R01,Fleet A,2021,2,2,Y,857306
SHP-2025-00704,2025-03-27,2025-03-28,R06,Fleet A,1944,1,1,Y,125981
SHP-2025-00705,2025-03-27,2025-03-28,R06,Fleet A,2940,1,1,Y,191630
SHP-2025-00706,2025-03-27,2025-03-28,R03,Fleet B,1441,1,1,Y,145128
SHP-2025-00707,2025-03-27,2025-03-29,R10,Fleet B,1884,2,2,Y,609023
SHP-2025-00708,2025-03-27,2025-03-28,R07,Fleet A,1610,1,1,Y,250271
SHP-2025-00709,2025-03-28,2025-04-01,R10,Fleet A,2741,2,4,N,1029802
SHP-2025-00710,2025-03-28,2025-04-02,R02,Fleet A,1863,2,5,N,634219
SHP-2025-00711,2025-03-28,2025-03-29,R05,Fleet B,1728,1,1,Y,468610
SHP-2025-00712,2025-03-28,2025-03-29,R03,Fleet B,1773,1,1,Y,170313
SHP-2025-00713,2025-03-28,2025-03-29,R07,Fleet A,2643,1,1,Y,384421
SHP-2025-00714,2025-03-28,2025-03-29,R03,Fleet A,2389,1,1,Y,238568
SHP-2025-00715,2025-03-28,2025-03-30,R10,Partner Haulage,3028,2,2,Y,1168389
SHP-2025-00716,2025-03-28,2025-03-29,R03,Fleet B,2347,1,1,Y,201696
SHP-2025-00717,2025-03-28,2025-03-30,R04,Fleet A,1838,2,2,Y,696706
SHP-2025-00718,2025-03-28,2025-03-30,R01,Fleet B,1081,2,2,Y,449675
SHP-2025-00719,2025-03-28,2025-03-29,R03,Fleet A,1962,1,1,Y,216134
SHP-2025-00720,2025-03-31,2025-04-01,R08,Fleet B,960,1,1,Y,219108
SHP-2025-00721,2025-03-31,2025-04-01,R07,Partner Haulage,2153,1,1,Y,329826
SHP-2025-00722,2025-03-31,2025-04-01,R05,Partner Haulage,2763,1,1,Y,784337
SHP-2025-00723,2025-03-31,2025-04-02,R04,Fleet B,2756,2,2,Y,886237
SHP-2025-00724,2025-03-31,2025-04-02,R10,Fleet A,1261,2,2,Y,479869
SHP-2025-00725,2025-03-31,2025-04-01,R08,Fleet A,1952,1,1,Y,413168
SHP-2025-00726,2025-03-31,2025-04-01,R06,Fleet A,1569,1,1,Y,99928
SHP-2025-00727,2025-03-31,2025-04-02,R10,Fleet B,2950,2,2,Y,1081307
SHP-2025-00728,2025-03-31,2025-04-03,R07,Fleet A,3023,1,3,N,470130
SHP-2025-00729,2025-04-01,2025-04-02,R08,Fleet B,2065,1,1,Y,472815
SHP-2025-00730,2025-04-01,2025-04-02,R08,Fleet B,1205,1,1,Y,264953
SHP-2025-00731,2025-04-01,2025-04-02,R06,Fleet B,2611,1,1,Y,145831
SHP-2025-00732,2025-04-01,2025-04-02,R06,Fleet B,3255,1,1,Y,177230
SHP-2025-00733,2025-04-01,2025-04-02,R06,Fleet B,2509,1,1,Y,162228
SHP-2025-00734,2025-04-01,2025-04-02,R08,Fleet B,2400,1,1,Y,587623
SHP-2025-00735,2025-04-01,2025-04-03,R01,Fleet A,1896,2,2,Y,934037
SHP-2025-00736,2025-04-01,2025-04-02,R05,Fleet B,1353,1,1,Y,387743
SHP-2025-00737,2025-04-01,2025-04-03,R02,Fleet A,2937,2,2,Y,1129990
SHP-2025-00738,2025-04-01,2025-04-02,R06,Fleet A,201,1,1,Y,27434
SHP-2025-00739,2025-04-01,2025-04-04,R08,Fleet A,2622,1,3,N,597815
SHP-2025-00740,2025-04-01,2025-04-02,R03,Fleet B,1952,1,1,Y,169920
SHP-2025-00741,2025-04-01,2025-04-02,R08,Fleet A,2263,1,1,Y,476168
SHP-2025-00742,2025-04-01,2025-04-02,R07,Fleet A,1877,1,1,Y,276461
SHP-2025-00743,2025-04-02,2025-04-03,R05,Fleet A,2651,1,1,Y,736269
SHP-2025-00744,2025-04-02,2025-04-03,R06,Partner Haulage,1566,1,1,Y,104606
SHP-2025-00745,2025-04-02,2025-04-03,R03,Fleet A,3045,1,1,Y,276512
SHP-2025-00746,2025-04-02,2025-04-03,R03,Fleet A,2387,1,1,Y,214419
SHP-2025-00747,2025-04-02,2025-04-03,R06,Fleet A,1928,1,1,Y,117544
SHP-2025-00748,2025-04-02,2025-04-03,R05,Fleet A,1984,1,1,Y,567728
SHP-2025-00749,2025-04-02,2025-04-04,R01,Fleet B,2928,2,2,Y,1286079
SHP-2025-00750,2025-04-02,2025-04-03,R05,Fleet A,2677,1,1,Y,731145
SHP-2025-00751,2025-04-02,2025-04-08,R09,Partner Haulage,620,3,6,N,381635
SHP-2025-00752,2025-04-02,2025-04-03,R03,Fleet A,50,1,1,Y,18966
SHP-2025-00753,2025-04-02,2025-04-03,R03,Partner Haulage,502,1,1,Y,66598
SHP-2025-00754,2025-04-02,2025-04-03,R06,Fleet A,508,1,1,Y,45282
SHP-2025-00755,2025-04-03,2025-04-04,R06,Fleet A,1484,1,1,Y,101805
SHP-2025-00756,2025-04-03,2025-04-04,R03,Fleet A,1101,1,1,Y,119067
SHP-2025-00757,2025-04-03,2025-04-09,R09,Fleet A,1896,3,6,N,1147137
SHP-2025-00758,2025-04-03,2025-04-07,R04,Fleet B,1551,2,4,N,515727
SHP-2025-00759,2025-04-03,2025-04-04,R08,Fleet A,2680,1,1,Y,576877
SHP-2025-00760,2025-04-03,2025-04-04,R08,Fleet A,2063,1,1,Y,456256
SHP-2025-00761,2025-04-03,2025-04-04,R06,Partner Haulage,509,1,1,Y,44446
SHP-2025-00762,2025-04-03,2025-04-05,R04,Fleet A,2252,2,2,Y,820691
SHP-2025-00763,2025-04-03,2025-04-05,R04,Partner Haulage,3561,2,2,Y,1339508
SHP-2025-00764,2025-04-03,2025-04-04,R03,Fleet A,539,1,1,Y,58810
SHP-2025-00765,2025-04-04,2025-04-09,R09,Fleet A,2889,3,5,N,1976098
SHP-2025-00766,2025-04-04,2025-04-05,R05,Fleet A,3817,1,1,Y,1101404
SHP-2025-00767,2025-04-04,2025-04-07,R09,Fleet A,2001,3,3,Y,1296797
SHP-2025-00768,2025-04-04,2025-04-05,R06,Fleet A,1117,1,1,Y,76839
SHP-2025-00769,2025-04-04,2025-04-05,R06,Partner Haulage,1910,1,1,Y,136185
SHP-2025-00770,2025-04-04,2025-04-06,R10,Fleet A,2426,2,2,Y,814390
SHP-2025-00771,2025-04-04,2025-04-05,R03,Fleet B,2641,1,1,Y,269595
SHP-2025-00772,2025-04-04,2025-04-05,R06,Fleet B,978,1,1,Y,73406
SHP-2025-00773,2025-04-04,2025-04-05,R06,Fleet B,2572,1,1,Y,162655
SHP-2025-00774,2025-04-04,2025-04-06,R05,Fleet A,717,1,2,N,231025
SHP-2025-00775,2025-04-07,2025-04-09,R02,Fleet A,141,2,2,Y,66126
SHP-2025-00776,2025-04-07,2025-04-08,R03,Fleet A,1260,1,1,Y,115473
SHP-2025-00777,2025-04-07,2025-04-09,R04,Partner Haulage,2292,2,2,Y,861643
SHP-2025-00778,2025-04-07,2025-04-09,R02,Fleet B,3352,2,2,Y,1097470
SHP-2025-00779,2025-04-07,2025-04-09,R02,Fleet B,2201,2,2,Y,945347
SHP-2025-00780,2025-04-07,2025-04-08,R05,Fleet B,3708,1,1,Y,1056489
SHP-2025-00781,2025-04-07,2025-04-08,R07,Fleet A,1368,1,1,Y,217034
SHP-2025-00782,2025-04-07,2025-04-09,R01,Partner Haulage,1548,2,2,Y,706341
SHP-2025-00783,2025-04-07,2025-04-08,R06,Fleet A,698,1,1,Y,51842
SHP-2025-00784,2025-04-07,2025-04-09,R01,Partner Haulage,2894,2,2,Y,1246779
SHP-2025-00785,2025-04-07,2025-04-11,R10,Fleet A,1274,2,4,N,470180
SHP-2025-00786,2025-04-07,2025-04-09,R02,Fleet A,1630,2,2,Y,538483
SHP-2025-00787,2025-04-08,2025-04-09,R03,Fleet B,2843,1,1,Y,247506
SHP-2025-00788,2025-04-08,2025-04-09,R06,Fleet A,598,1,1,Y,50147
SHP-2025-00789,2025-04-08,2025-04-12,R04,Partner Haulage,1253,2,4,N,430845
SHP-2025-00790,2025-04-08,2025-04-09,R05,Partner Haulage,3096,1,1,Y,908347
SHP-2025-00791,2025-04-08,2025-04-09,R07,Fleet B,2268,1,1,Y,332013
SHP-2025-00792,2025-04-08,2025-04-10,R02,Fleet B,1240,2,2,Y,450503
SHP-2025-00793,2025-04-08,2025-04-09,R08,Fleet B,2448,1,1,Y,538666
SHP-2025-00794,2025-04-09,2025-04-10,R07,Fleet A,1493,1,1,Y,243915
SHP-2025-00795,2025-04-09,2025-04-10,R06,Fleet A,1878,1,1,Y,126878
SHP-2025-00796,2025-04-09,2025-04-11,R10,Fleet B,1010,2,2,Y,382385
SHP-2025-00797,2025-04-09,2025-04-10,R07,Fleet B,383,1,1,Y,70605
SHP-2025-00798,2025-04-09,2025-04-10,R03,Fleet A,1734,1,1,Y,170410
SHP-2025-00799,2025-04-09,2025-04-10,R08,Fleet B,972,1,1,Y,252122
SHP-2025-00800,2025-04-09,2025-04-11,R10,Fleet B,1617,2,2,Y,598236
SHP-2025-00801,2025-04-09,2025-04-10,R07,Fleet B,2036,1,1,Y,318458
SHP-2025-00802,2025-04-09,2025-04-12,R09,Partner Haulage,1558,3,3,Y,1008872
SHP-2025-00803,2025-04-09,2025-04-10,R03,Fleet A,2180,1,1,Y,218327
SHP-2025-00804,2025-04-09,2025-04-14,R10,Partner Haulage,315,2,5,N,122784
SHP-2025-00805,2025-04-09,2025-04-10,R06,Partner Haulage,2108,1,1,Y,138881
SHP-2025-00806,2025-04-09,2025-04-10,R06,Fleet A,2383,1,1,Y,155975
SHP-2025-00807,2025-04-10,2025-04-11,R08,Fleet B,2602,1,1,Y,572768
SHP-2025-00808,2025-04-10,2025-04-11,R03,Fleet A,1993,1,1,Y,182867
SHP-2025-00809,2025-04-10,2025-04-12,R02,Fleet B,736,2,2,Y,240432
SHP-2025-00810,2025-04-10,2025-04-11,R05,Fleet B,2061,1,1,Y,567680
SHP-2025-00811,2025-04-10,2025-04-11,R05,Fleet A,998,1,1,Y,284296
SHP-2025-00812,2025-04-10,2025-04-12,R02,Fleet A,2121,2,2,Y,765238
SHP-2025-00813,2025-04-10,2025-04-11,R03,Fleet A,2770,1,1,Y,265603
SHP-2025-00814,2025-04-10,2025-04-11,R05,Fleet B,3425,1,1,Y,904828
SHP-2025-00815,2025-04-10,2025-04-11,R05,Fleet B,305,1,1,Y,90012
SHP-2025-00816,2025-04-10,2025-04-13,R06,Fleet A,3463,1,3,N,212557
SHP-2025-00817,2025-04-11,2025-04-14,R05,Fleet B,1798,1,3,N,502543
SHP-2025-00818,2025-04-11,2025-04-12,R03,Fleet A,50,1,1,Y,20125
SHP-2025-00819,2025-04-11,2025-04-12,R05,Fleet A,1721,1,1,Y,458358
SHP-2025-00820,2025-04-11,2025-04-14,R09,Partner Haulage,2385,3,3,Y,1656683
SHP-2025-00821,2025-04-11,2025-04-12,R05,Fleet A,2746,1,1,Y,718979
SHP-2025-00822,2025-04-11,2025-04-14,R07,Fleet A,409,1,3,N,84774
SHP-2025-00823,2025-04-11,2025-04-12,R08,Fleet A,1804,1,1,Y,409881
SHP-2025-00824,2025-04-11,2025-04-13,R01,Partner Haulage,932,2,2,Y,397253
SHP-2025-00825,2025-04-11,2025-04-12,R07,Partner Haulage,1583,1,1,Y,266444
SHP-2025-00826,2025-04-11,2025-04-14,R03,Partner Haulage,1386,1,3,N,157781
SHP-2025-00827,2025-04-11,2025-04-13,R02,Fleet A,2293,2,2,Y,860595
SHP-2025-00828,2025-04-11,2025-04-12,R06,Fleet B,2509,1,1,Y,147912
SHP-2025-00829,2025-04-12,2025-04-13,R03,Fleet B,3427,1,1,Y,302356
SHP-2025-00830,2025-04-12,2025-04-14,R10,Partner Haulage,3419,2,2,Y,1244529
SHP-2025-00831,2025-04-12,2025-04-13,R08,Fleet B,886,1,1,Y,220753
SHP-2025-00832,2025-04-12,2025-04-15,R10,Partner Haulage,2175,2,3,N,721960
SHP-2025-00833,2025-04-12,2025-04-13,R05,Fleet B,1007,1,1,Y,284767
SHP-2025-00834,2025-04-12,2025-04-13,R05,Fleet A,1521,1,1,Y,351098
SHP-2025-00835,2025-04-12,2025-04-14,R01,Fleet B,979,2,2,Y,413260
SHP-2025-00836,2025-04-12,2025-04-13,R03,Fleet A,2778,1,1,Y,257479
SHP-2025-00837,2025-04-12,2025-04-14,R02,Fleet A,421,2,2,Y,156190
SHP-2025-00838,2025-04-12,2025-04-13,R05,Fleet A,834,1,1,Y,210561
SHP-2025-00839,2025-04-12,2025-04-13,R03,Fleet B,1433,1,1,Y,140269
SHP-2025-00840,2025-04-12,2025-04-13,R07,Fleet B,1986,1,1,Y,298363
SHP-2025-00841,2025-04-12,2025-04-15,R09,Partner Haulage,2575,3,3,Y,1780263
SHP-2025-00842,2025-04-13,2025-04-14,R05,Fleet A,933,1,1,Y,270000
SHP-2025-00843,2025-04-13,2025-04-14,R06,Fleet B,2031,1,1,Y,134072
SHP-2025-00844,2025-04-13,2025-04-16,R09,Fleet A,782,3,3,Y,516479
SHP-2025-00845,2025-04-13,2025-04-14,R07,Fleet B,1332,1,1,Y,227805
SHP-2025-00846,2025-04-13,2025-04-15,R10,Fleet A,1471,2,2,Y,536638
SHP-2025-00847,2025-04-13,2025-04-16,R09,Fleet A,722,3,3,Y,480234
SHP-2025-00848,2025-04-13,2025-04-14,R08,Partner Haulage,2270,1,1,Y,503556
SHP-2025-00849,2025-04-13,2025-04-16,R07,Fleet B,475,1,3,N,86918
SHP-2025-00850,2025-04-13,2025-04-15,R10,Fleet A,900,2,2,Y,320410
SHP-2025-00851,2025-04-14,2025-04-15,R07,Fleet A,2757,1,1,Y,417215
SHP-2025-00852,2025-04-14,2025-04-15,R07,Fleet B,50,1,1,Y,21515
SHP-2025-00853,2025-04-14,2025-04-15,R06,Fleet A,516,1,1,Y,43403
SHP-2025-00854,2025-04-14,2025-04-17,R01,Fleet B,648,2,3,N,286816
SHP-2025-00855,2025-04-14,2025-04-16,R02,Fleet B,2379,2,2,Y,836885
SHP-2025-00856,2025-04-14,2025-04-15,R06,Partner Haulage,50,1,1,Y,17770
SHP-2025-00857,2025-04-14,2025-04-16,R01,Fleet A,997,2,2,Y,486313
SHP-2025-00858,2025-04-14,2025-04-15,R07,Fleet B,1938,1,1,Y,318578
SHP-2025-00859,2025-04-14,2025-04-15,R08,Fleet B,2865,1,1,Y,619822
SHP-2025-00860,2025-04-14,2025-04-16,R01,Fleet A,2480,2,2,Y,1209340
SHP-2025-00861,2025-04-14,2025-04-15,R07,Fleet A,2456,1,1,Y,391482
SHP-2025-00862,2025-04-15,2025-04-16,R03,Fleet A,1773,1,1,Y,174369
SHP-2025-00863,2025-04-15,2025-04-17,R01,Fleet B,772,2,2,Y,344969
SHP-2025-00864,2025-04-15,2025-04-16,R03,Fleet A,2466,1,1,Y,255651
SHP-2025-00865,2025-04-15,2025-04-19,R10,Partner Haulage,1583,2,4,N,595944
SHP-2025-00866,2025-04-15,2025-04-16,R05,Fleet B,1563,1,1,Y,436719
SHP-2025-00867,2025-04-15,2025-04-16,R06,Partner Haulage,2666,1,1,Y,160970
SHP-2025-00868,2025-04-15,2025-04-16,R03,Fleet B,3840,1,1,Y,359672
SHP-2025-00869,2025-04-15,2025-04-17,R02,Fleet B,2633,2,2,Y,832141
SHP-2025-00870,2025-04-15,2025-04-16,R05,Fleet B,1031,1,1,Y,295300
SHP-2025-00871,2025-04-15,2025-04-18,R06,Fleet A,1651,1,3,N,114588
SHP-2025-00872,2025-04-15,2025-04-17,R01,Fleet B,1653,2,2,Y,716788
SHP-2025-00873,2025-04-16,2025-04-19,R07,Fleet A,1797,1,3,N,302739
SHP-2025-00874,2025-04-16,2025-04-18,R04,Fleet A,1364,2,2,Y,521150
SHP-2025-00875,2025-04-16,2025-04-18,R10,Fleet A,1577,2,2,Y,546346
SHP-2025-00876,2025-04-16,2025-04-17,R03,Fleet A,1756,1,1,Y,168518
SHP-2025-00877,2025-04-16,2025-04-18,R02,Fleet B,2284,2,2,Y,833939
SHP-2025-00878,2025-04-16,2025-04-17,R06,Fleet A,2009,1,1,Y,140426
SHP-2025-00879,2025-04-16,2025-04-17,R08,Fleet B,1414,1,1,Y,319662
SHP-2025-00880,2025-04-16,2025-04-18,R01,Fleet A,2550,2,2,Y,979760
SHP-2025-00881,2025-04-16,2025-04-18,R10,Fleet B,2864,2,2,Y,955029
SHP-2025-00882,2025-04-16,2025-04-21,R09,Fleet A,1448,3,5,N,947157
SHP-2025-00883,2025-04-16,2025-04-18,R01,Fleet A,3227,2,2,Y,1360874
SHP-2025-00884,2025-04-16,2025-04-22,R09,Fleet A,2291,3,6,N,1337057
SHP-2025-00885,2025-04-16,2025-04-17,R07,Partner Haulage,2217,1,1,Y,346938
SHP-2025-00886,2025-04-16,2025-04-17,R03,Partner Haulage,2018,1,1,Y,194010
SHP-2025-00887,2025-04-16,2025-04-17,R07,Fleet A,2334,1,1,Y,351978
SHP-2025-00888,2025-04-16,2025-04-17,R03,Fleet A,1669,1,1,Y,160945
SHP-2025-00889,2025-04-17,2025-04-18,R03,Partner Haulage,281,1,1,Y,39773
SHP-2025-00890,2025-04-17,2025-04-18,R08,Partner Haulage,1556,1,1,Y,332809
SHP-2025-00891,2025-04-17,2025-04-18,R08,Fleet A,3356,1,1,Y,770249
SHP-2025-00892,2025-04-17,2025-04-19,R10,Fleet B,2885,2,2,Y,1024474
SHP-2025-00893,2025-04-17,2025-04-18,R07,Fleet B,2319,1,1,Y,371105
SHP-2025-00894,2025-04-17,2025-04-19,R04,Partner Haulage,2845,2,2,Y,1063638
SHP-2025-00895,2025-04-17,2025-04-19,R10,Fleet B,1989,2,2,Y,629176
SHP-2025-00896,2025-04-17,2025-04-18,R06,Fleet A,1691,1,1,Y,109008
SHP-2025-00897,2025-04-17,2025-04-19,R01,Fleet A,632,2,2,Y,299153
SHP-2025-00898,2025-04-17,2025-04-18,R07,Fleet B,2309,1,1,Y,361399
SHP-2025-00899,2025-04-17,2025-04-18,R06,Fleet B,61,1,1,Y,18605
SHP-2025-00900,2025-04-17,2025-04-18,R06,Fleet A,1702,1,1,Y,119783
SHP-2025-00901,2025-04-17,2025-04-18,R03,Fleet A,1259,1,1,Y,123957
SHP-2025-00902,2025-04-17,2025-04-20,R09,Partner Haulage,1213,3,3,Y,793606
SHP-2025-00903,2025-04-18,2025-04-20,R10,Fleet B,1125,2,2,Y,355348
SHP-2025-00904,2025-04-18,2025-04-19,R07,Fleet B,1773,1,1,Y,271300
SHP-2025-00905,2025-04-18,2025-04-19,R08,Fleet B,2791,1,1,Y,604234
SHP-2025-00906,2025-04-18,2025-04-19,R07,Fleet B,1453,1,1,Y,222377
SHP-2025-00907,2025-04-18,2025-04-20,R10,Partner Haulage,752,2,2,Y,246263
SHP-2025-00908,2025-04-18,2025-04-19,R05,Fleet A,1710,1,1,Y,435298
SHP-2025-00909,2025-04-18,2025-04-19,R07,Fleet B,1075,1,1,Y,192744
SHP-2025-00910,2025-04-18,2025-04-19,R07,Fleet B,409,1,1,Y,77833
SHP-2025-00911,2025-04-18,2025-04-20,R02,Fleet B,1654,2,2,Y,595067
SHP-2025-00912,2025-04-18,2025-04-19,R05,Partner Haulage,1695,1,1,Y,419162
SHP-2025-00913,2025-04-21,2025-04-24,R09,Fleet A,620,3,3,Y,394116
SHP-2025-00914,2025-04-21,2025-04-22,R06,Fleet A,1497,1,1,Y,107481
SHP-2025-00915,2025-04-21,2025-04-24,R09,Fleet B,1792,3,3,Y,1222703
SHP-2025-00916,2025-04-21,2025-04-22,R06,Partner Haulage,2341,1,1,Y,142121
SHP-2025-00917,2025-04-21,2025-04-23,R04,Fleet A,542,2,2,Y,208473
SHP-2025-00918,2025-04-21,2025-04-22,R08,Fleet A,3368,1,1,Y,833118
SHP-2025-00919,2025-04-21,2025-04-23,R07,Partner Haulage,1460,1,2,N,230572
SHP-2025-00920,2025-04-21,2025-04-24,R05,Fleet A,2248,1,3,N,621186
SHP-2025-00921,2025-04-21,2025-04-22,R06,Fleet A,1576,1,1,Y,122958
SHP-2025-00922,2025-04-21,2025-04-22,R07,Fleet A,690,1,1,Y,115814
SHP-2025-00923,2025-04-21,2025-04-22,R03,Fleet B,1051,1,1,Y,102455
SHP-2025-00924,2025-04-22,2025-04-23,R05,Fleet A,735,1,1,Y,209093
SHP-2025-00925,2025-04-22,2025-04-25,R09,Fleet B,50,3,3,Y,45906
SHP-2025-00926,2025-04-22,2025-04-24,R02,Partner Haulage,189,2,2,Y,82860
SHP-2025-00927,2025-04-22,2025-04-24,R10,Fleet A,50,2,2,Y,32387
SHP-2025-00928,2025-04-22,2025-04-23,R03,Fleet B,1907,1,1,Y,178352
SHP-2025-00929,2025-04-22,2025-04-23,R03,Fleet A,3282,1,1,Y,321160
SHP-2025-00930,2025-04-22,2025-04-23,R06,Fleet B,2527,1,1,Y,175460
SHP-2025-00931,2025-04-22,2025-04-26,R02,Partner Haulage,3031,2,4,N,1137927
SHP-2025-00932,2025-04-22,2025-04-24,R02,Fleet B,1226,2,2,Y,457256
SHP-2025-00933,2025-04-22,2025-04-23,R08,Fleet A,2130,1,1,Y,449937
SHP-2025-00934,2025-04-22,2025-04-23,R06,Fleet B,50,1,1,Y,17637
SHP-2025-00935,2025-04-23,2025-04-25,R10,Fleet A,2506,2,2,Y,851666
SHP-2025-00936,2025-04-23,2025-04-25,R10,Fleet A,1305,2,2,Y,450576
SHP-2025-00937,2025-04-23,2025-04-24,R07,Partner Haulage,447,1,1,Y,87169
SHP-2025-00938,2025-04-23,2025-04-29,R09,Fleet A,3074,3,6,N,2102358
SHP-2025-00939,2025-04-23,2025-04-27,R02,Fleet B,1814,2,4,N,640514
SHP-2025-00940,2025-04-23,2025-04-25,R04,Partner Haulage,1945,2,2,Y,707988
SHP-2025-00941,2025-04-23,2025-04-25,R01,Fleet A,2073,2,2,Y,876850
SHP-2025-00942,2025-04-23,2025-04-24,R03,Partner Haulage,1866,1,1,Y,179047
SHP-2025-00943,2025-04-23,2025-04-24,R06,Fleet A,1068,1,1,Y,79966
SHP-2025-00944,2025-04-23,2025-04-26,R09,Fleet A,1432,3,3,Y,978452
SHP-2025-00945,2025-04-23,2025-04-24,R08,Fleet A,745,1,1,Y,184383
SHP-2025-00946,2025-04-23,2025-04-24,R06,Fleet B,2997,1,1,Y,175402
SHP-2025-00947,2025-04-23,2025-04-24,R03,Fleet A,2783,1,1,Y,281421
SHP-2025-00948,2025-04-23,2025-04-24,R06,Fleet B,3091,1,1,Y,198903
SHP-2025-00949,2025-04-23,2025-04-25,R02,Fleet B,1473,2,2,Y,530576
SHP-2025-00950,2025-04-23,2025-04-24,R08,Fleet B,2168,1,1,Y,542974
SHP-2025-00951,2025-04-24,2025-04-26,R10,Fleet A,1446,2,2,Y,522897
SHP-2025-00952,2025-04-24,2025-04-25,R05,Fleet A,739,1,1,Y,204682
SHP-2025-00953,2025-04-24,2025-04-25,R05,Fleet A,1617,1,1,Y,464690
SHP-2025-00954,2025-04-24,2025-04-26,R02,Fleet A,1138,2,2,Y,409596
SHP-2025-00955,2025-04-24,2025-04-26,R02,Fleet B,817,2,2,Y,259322
SHP-2025-00956,2025-04-24,2025-04-26,R10,Fleet A,1629,2,2,Y,479162
SHP-2025-00957,2025-04-24,2025-04-26,R07,Partner Haulage,1518,1,2,N,251062
SHP-2025-00958,2025-04-24,2025-04-28,R10,Fleet A,696,2,4,N,247429
SHP-2025-00959,2025-04-24,2025-04-25,R07,Partner Haulage,1252,1,1,Y,187701
SHP-2025-00960,2025-04-24,2025-04-25,R08,Fleet B,1843,1,1,Y,432844
SHP-2025-00961,2025-04-24,2025-04-25,R08,Partner Haulage,2401,1,1,Y,543317
SHP-2025-00962,2025-04-24,2025-04-26,R01,Fleet A,1471,2,2,Y,588278
SHP-2025-00963,2025-04-25,2025-04-26,R06,Fleet B,2216,1,1,Y,154394
SHP-2025-00964,2025-04-25,2025-04-29,R05,Partner Haulage,1191,1,4,N,309276
SHP-2025-00965,2025-04-25,2025-04-26,R06,Fleet A,1550,1,1,Y,95375
SHP-2025-00966,2025-04-25,2025-04-27,R10,Fleet B,1257,2,2,Y,425962
SHP-2025-00967,2025-04-25,2025-04-26,R06,Fleet A,1408,1,1,Y,92062
SHP-2025-00968,2025-04-25,2025-04-26,R08,Fleet A,1103,1,1,Y,248683
SHP-2025-00969,2025-04-25,2025-04-26,R08,Partner Haulage,2727,1,1,Y,677559
SHP-2025-00970,2025-04-25,2025-04-26,R05,Partner Haulage,1015,1,1,Y,304616
SHP-2025-00971,2025-04-25,2025-04-27,R10,Partner Haulage,1848,2,2,Y,665857
SHP-2025-00972,2025-04-25,2025-04-27,R04,Fleet B,2652,2,2,Y,968587
SHP-2025-00973,2025-04-25,2025-04-27,R01,Fleet A,2577,2,2,Y,1033888
SHP-2025-00974,2025-04-25,2025-04-26,R08,Fleet A,3384,1,1,Y,770033
SHP-2025-00975,2025-04-25,2025-04-28,R02,Partner Haulage,1540,2,3,N,535411
SHP-2025-00976,2025-04-27,2025-04-28,R06,Fleet B,1562,1,1,Y,108648
SHP-2025-00977,2025-04-27,2025-04-28,R07,Fleet A,2988,1,1,Y,464389
SHP-2025-00978,2025-04-27,2025-04-30,R09,Fleet A,1902,3,3,Y,1297964
SHP-2025-00979,2025-04-27,2025-05-01,R10,Fleet B,1130,2,4,N,383296
SHP-2025-00980,2025-04-27,2025-04-28,R05,Fleet A,1414,1,1,Y,410662
SHP-2025-00981,2025-04-27,2025-04-29,R04,Fleet B,2212,2,2,Y,790193
SHP-2025-00982,2025-04-27,2025-04-29,R04,Partner Haulage,768,2,2,Y,260582
SHP-2025-00983,2025-04-27,2025-04-29,R10,Fleet A,2620,2,2,Y,886003
SHP-2025-00984,2025-04-27,2025-04-29,R04,Fleet B,1323,2,2,Y,476167
SHP-2025-00985,2025-04-28,2025-04-29,R05,Fleet B,1030,1,1,Y,274789
SHP-2025-00986,2025-04-28,2025-04-30,R01,Fleet A,887,2,2,Y,375667
SHP-2025-00987,2025-04-28,2025-04-29,R05,Fleet A,2343,1,1,Y,654870
SHP-2025-00988,2025-04-28,2025-04-29,R06,Partner Haulage,947,1,1,Y,71394
SHP-2025-00989,2025-04-28,2025-04-29,R05,Partner Haulage,2570,1,1,Y,695502
SHP-2025-00990,2025-04-28,2025-04-29,R05,Fleet B,1348,1,1,Y,402337
SHP-2025-00991,2025-04-28,2025-04-29,R06,Fleet A,1123,1,1,Y,83151
SHP-2025-00992,2025-04-28,2025-04-29,R08,Fleet B,593,1,1,Y,147039
SHP-2025-00993,2025-04-28,2025-04-29,R03,Partner Haulage,2528,1,1,Y,255717
SHP-2025-00994,2025-04-28,2025-04-29,R03,Fleet B,1009,1,1,Y,106168
SHP-2025-00995,2025-04-29,2025-05-01,R02,Fleet B,3718,2,2,Y,1232324
SHP-2025-00996,2025-04-29,2025-05-02,R09,Fleet A,1220,3,3,Y,769819
SHP-2025-00997,2025-04-29,2025-05-01,R10,Fleet A,999,2,2,Y,370814
SHP-2025-00998,2025-04-29,2025-05-03,R08,Partner Haulage,2441,1,4,N,568970
SHP-2025-00999,2025-04-29,2025-05-03,R01,Fleet A,1865,2,4,N,732287
SHP-2025-01000,2025-04-29,2025-05-01,R10,Fleet B,340,2,2,Y,129287
SHP-2025-01001,2025-04-29,2025-04-30,R06,Fleet A,590,1,1,Y,49574
SHP-2025-01002,2025-04-29,2025-05-01,R04,Fleet B,3140,2,2,Y,1097594
SHP-2025-01003,2025-04-29,2025-05-03,R05,Fleet B,3319,1,4,N,880027
SHP-2025-01004,2025-04-29,2025-04-30,R07,Fleet B,1057,1,1,Y,172588
SHP-2025-01005,2025-04-29,2025-04-30,R08,Fleet A,1120,1,1,Y,262535
SHP-2025-01006,2025-04-29,2025-05-04,R09,Fleet A,3243,3,5,N,1823607
SHP-2025-01007,2025-04-30,2025-05-01,R07,Fleet A,974,1,1,Y,160211
SHP-2025-01008,2025-04-30,2025-05-01,R06,Fleet B,1999,1,1,Y,126560
SHP-2025-01009,2025-04-30,2025-05-02,R10,Fleet A,900,2,2,Y,308658
SHP-2025-01010,2025-04-30,2025-05-03,R09,Partner Haulage,2188,3,3,Y,1370907
SHP-2025-01011,2025-04-30,2025-05-02,R02,Fleet A,1298,2,2,Y,438697
SHP-2025-01012,2025-04-30,2025-05-02,R10,Fleet B,1396,2,2,Y,440547
SHP-2025-01013,2025-04-30,2025-05-02,R02,Partner Haulage,1648,2,2,Y,514368
SHP-2025-01014,2025-04-30,2025-05-02,R01,Fleet B,2121,2,2,Y,924529
SHP-2025-01015,2025-04-30,2025-05-01,R08,Fleet A,1058,1,1,Y,268166
SHP-2025-01016,2025-04-30,2025-05-03,R09,Fleet B,993,3,3,Y,664227
SHP-2025-01017,2025-05-01,2025-05-02,R07,Fleet A,1212,1,1,Y,194775
SHP-2025-01018,2025-05-01,2025-05-06,R01,Fleet A,1828,2,5,N,754790
SHP-2025-01019,2025-05-01,2025-05-04,R02,Fleet B,2231,2,3,N,831672
SHP-2025-01020,2025-05-01,2025-05-02,R06,Partner Haulage,2066,1,1,Y,136708
SHP-2025-01021,2025-05-01,2025-05-02,R03,Fleet A,655,1,1,Y,74196
SHP-2025-01022,2025-05-01,2025-05-02,R06,Fleet A,1727,1,1,Y,112851
SHP-2025-01023,2025-05-01,2025-05-02,R07,Partner Haulage,2211,1,1,Y,321772
SHP-2025-01024,2025-05-01,2025-05-02,R08,Fleet A,2723,1,1,Y,691964
SHP-2025-01025,2025-05-01,2025-05-03,R01,Fleet A,1553,2,2,Y,686702
SHP-2025-01026,2025-05-01,2025-05-02,R08,Fleet A,2806,1,1,Y,700104
SHP-2025-01027,2025-05-01,2025-05-02,R03,Fleet A,2348,1,1,Y,234481
SHP-2025-01028,2025-05-01,2025-05-06,R02,Fleet A,2686,2,5,N,860722
SHP-2025-01029,2025-05-02,2025-05-03,R05,Fleet B,894,1,1,Y,232229
SHP-2025-01030,2025-05-02,2025-05-03,R08,Fleet A,1740,1,1,Y,405472
SHP-2025-01031,2025-05-02,2025-05-04,R04,Partner Haulage,2691,2,2,Y,941743
SHP-2025-01032,2025-05-02,2025-05-03,R03,Fleet A,2888,1,1,Y,259726
SHP-2025-01033,2025-05-02,2025-05-03,R08,Fleet A,1853,1,1,Y,451026
SHP-2025-01034,2025-05-02,2025-05-04,R01,Fleet A,3444,2,2,Y,1372251
SHP-2025-01035,2025-05-02,2025-05-03,R06,Fleet A,465,1,1,Y,41757
SHP-2025-01036,2025-05-02,2025-05-04,R10,Fleet B,394,2,2,Y,148965
SHP-2025-01037,2025-05-02,2025-05-04,R04,Partner Haulage,2696,2,2,Y,983969
SHP-2025-01038,2025-05-02,2025-05-04,R02,Fleet B,2091,2,2,Y,741995
SHP-2025-01039,2025-05-02,2025-05-03,R06,Fleet B,907,1,1,Y,65083
SHP-2025-01040,2025-05-02,2025-05-03,R06,Partner Haulage,2552,1,1,Y,163481
SHP-2025-01041,2025-05-03,2025-05-04,R03,Fleet A,2611,1,1,Y,237592
SHP-2025-01042,2025-05-03,2025-05-05,R10,Fleet B,1665,2,2,Y,543606
SHP-2025-01043,2025-05-03,2025-05-04,R03,Fleet A,1109,1,1,Y,105331
SHP-2025-01044,2025-05-03,2025-05-06,R09,Fleet A,1931,3,3,Y,1085995
SHP-2025-01045,2025-05-03,2025-05-04,R06,Fleet A,1490,1,1,Y,99860
SHP-2025-01046,2025-05-03,2025-05-04,R05,Fleet A,50,1,1,Y,27587
SHP-2025-01047,2025-05-03,2025-05-04,R03,Fleet A,1889,1,1,Y,160975
SHP-2025-01048,2025-05-03,2025-05-05,R10,Fleet A,1572,2,2,Y,591020
SHP-2025-01049,2025-05-03,2025-05-05,R04,Fleet B,2176,2,2,Y,760037
SHP-2025-01050,2025-05-03,2025-05-04,R03,Fleet A,3861,1,1,Y,380377
SHP-2025-01051,2025-05-03,2025-05-07,R07,Fleet B,1210,1,4,N,188318
SHP-2025-01052,2025-05-03,2025-05-04,R07,Fleet A,2871,1,1,Y,445106
SHP-2025-01053,2025-05-05,2025-05-07,R02,Fleet B,2127,2,2,Y,775768
SHP-2025-01054,2025-05-05,2025-05-07,R02,Fleet A,2351,2,2,Y,852654
SHP-2025-01055,2025-05-05,2025-05-06,R06,Partner Haulage,1692,1,1,Y,108791
SHP-2025-01056,2025-05-05,2025-05-06,R08,Fleet A,1527,1,1,Y,351772
SHP-2025-01057,2025-05-05,2025-05-06,R08,Fleet A,2317,1,1,Y,584410
SHP-2025-01058,2025-05-05,2025-05-06,R07,Fleet A,1046,1,1,Y,177011
SHP-2025-01059,2025-05-05,2025-05-07,R10,Partner Haulage,3067,2,2,Y,963021
SHP-2025-01060,2025-05-06,2025-05-07,R06,Fleet A,2510,1,1,Y,142537
SHP-2025-01061,2025-05-06,2025-05-07,R05,Fleet A,686,1,1,Y,216529
SHP-2025-01062,2025-05-06,2025-05-07,R03,Fleet A,2579,1,1,Y,265147
SHP-2025-01063,2025-05-06,2025-05-08,R01,Fleet A,206,2,2,Y,96881
SHP-2025-01064,2025-05-06,2025-05-07,R06,Partner Haulage,1400,1,1,Y,95794
SHP-2025-01065,2025-05-06,2025-05-07,R05,Fleet A,2564,1,1,Y,735993
SHP-2025-01066,2025-05-06,2025-05-07,R03,Fleet B,2692,1,1,Y,257463
SHP-2025-01067,2025-05-06,2025-05-07,R08,Partner Haulage,1071,1,1,Y,239273
SHP-2025-01068,2025-05-06,2025-05-07,R03,Partner Haulage,567,1,1,Y,68605
SHP-2025-01069,2025-05-06,2025-05-11,R04,Fleet A,2308,2,5,N,774599
SHP-2025-01070,2025-05-06,2025-05-07,R08,Fleet A,1838,1,1,Y,423061
SHP-2025-01071,2025-05-06,2025-05-08,R02,Fleet B,2228,2,2,Y,719119
SHP-2025-01072,2025-05-06,2025-05-09,R09,Partner Haulage,1833,3,3,Y,1219344
SHP-2025-01073,2025-05-07,2025-05-09,R01,Fleet A,2010,2,2,Y,871562
SHP-2025-01074,2025-05-07,2025-05-08,R03,Fleet B,3958,1,1,Y,343445
SHP-2025-01075,2025-05-07,2025-05-08,R03,Fleet A,1982,1,1,Y,207203
SHP-2025-01076,2025-05-07,2025-05-08,R06,Fleet B,2254,1,1,Y,138412
SHP-2025-01077,2025-05-07,2025-05-08,R08,Partner Haulage,2368,1,1,Y,524854
SHP-2025-01078,2025-05-07,2025-05-08,R05,Partner Haulage,2479,1,1,Y,624896
SHP-2025-01079,2025-05-07,2025-05-11,R01,Partner Haulage,2002,2,4,N,807224
SHP-2025-01080,2025-05-07,2025-05-08,R06,Fleet A,743,1,1,Y,62756
SHP-2025-01081,2025-05-07,2025-05-09,R04,Fleet A,2400,2,2,Y,968906
SHP-2025-01082,2025-05-08,2025-05-09,R05,Fleet B,1895,1,1,Y,588583
SHP-2025-01083,2025-05-08,2025-05-09,R07,Fleet A,317,1,1,Y,58867
SHP-2025-01084,2025-05-08,2025-05-10,R02,Fleet B,2375,2,2,Y,857809
SHP-2025-01085,2025-05-08,2025-05-10,R01,Fleet B,2724,2,2,Y,1076779
SHP-2025-01086,2025-05-08,2025-05-09,R07,Fleet B,2524,1,1,Y,414620
SHP-2025-01087,2025-05-08,2025-05-10,R04,Partner Haulage,3427,2,2,Y,1172672
SHP-2025-01088,2025-05-08,2025-05-09,R07,Fleet B,3058,1,1,Y,498456
SHP-2025-01089,2025-05-08,2025-05-09,R03,Fleet A,1908,1,1,Y,183832
SHP-2025-01090,2025-05-08,2025-05-09,R03,Fleet A,2453,1,1,Y,232224
SHP-2025-01091,2025-05-08,2025-05-10,R02,Fleet B,965,2,2,Y,336282
SHP-2025-01092,2025-05-09,2025-05-15,R09,Partner Haulage,1771,3,6,N,1122532
SHP-2025-01093,2025-05-09,2025-05-11,R02,Fleet B,2331,2,2,Y,916555
SHP-2025-01094,2025-05-09,2025-05-11,R10,Fleet B,431,2,2,Y,148272
SHP-2025-01095,2025-05-09,2025-05-11,R01,Fleet A,1983,2,2,Y,837178
SHP-2025-01096,2025-05-09,2025-05-10,R03,Partner Haulage,1903,1,1,Y,176605
SHP-2025-01097,2025-05-09,2025-05-11,R04,Fleet B,2961,2,2,Y,1103756
SHP-2025-01098,2025-05-09,2025-05-10,R05,Fleet B,2336,1,1,Y,653348
SHP-2025-01099,2025-05-09,2025-05-10,R06,Fleet A,2086,1,1,Y,132052
SHP-2025-01100,2025-05-09,2025-05-10,R05,Fleet A,50,1,1,Y,28580
SHP-2025-01101,2025-05-12,2025-05-14,R06,Partner Haulage,1105,1,2,N,83445
SHP-2025-01102,2025-05-12,2025-05-14,R04,Fleet A,1255,2,2,Y,463975
SHP-2025-01103,2025-05-12,2025-05-14,R01,Partner Haulage,1803,2,2,Y,765198
SHP-2025-01104,2025-05-12,2025-05-17,R10,Partner Haulage,1792,2,5,N,634373
SHP-2025-01105,2025-05-12,2025-05-14,R10,Fleet B,2371,2,2,Y,731973
SHP-2025-01106,2025-05-12,2025-05-13,R06,Fleet A,1596,1,1,Y,95440
SHP-2025-01107,2025-05-12,2025-05-13,R08,Fleet B,961,1,1,Y,215759
SHP-2025-01108,2025-05-12,2025-05-13,R05,Fleet A,1277,1,1,Y,364435
SHP-2025-01109,2025-05-12,2025-05-13,R05,Fleet A,2849,1,1,Y,746355
SHP-2025-01110,2025-05-13,2025-05-15,R02,Fleet B,1670,2,2,Y,645495
SHP-2025-01111,2025-05-13,2025-05-15,R01,Fleet A,3667,2,2,Y,1547318
SHP-2025-01112,2025-05-13,2025-05-15,R10,Fleet B,1359,2,2,Y,440624
SHP-2025-01113,2025-05-13,2025-05-14,R06,Fleet A,4037,1,1,Y,256567
SHP-2025-01114,2025-05-13,2025-05-14,R05,Fleet A,2842,1,1,Y,749249
SHP-2025-01115,2025-05-13,2025-05-15,R04,Fleet A,978,2,2,Y,400162
SHP-2025-01116,2025-05-13,2025-05-14,R06,Fleet A,987,1,1,Y,68021
SHP-2025-01117,2025-05-13,2025-05-16,R09,Fleet A,557,3,3,Y,351526
SHP-2025-01118,2025-05-14,2025-05-15,R03,Partner Haulage,2534,1,1,Y,234652
SHP-2025-01119,2025-05-14,2025-05-15,R06,Fleet A,2246,1,1,Y,150813
SHP-2025-01120,2025-05-14,2025-05-16,R01,Fleet A,1314,2,2,Y,567857
SHP-2025-01121,2025-05-14,2025-05-17,R09,Fleet A,50,3,3,Y,49374
SHP-2025-01122,2025-05-14,2025-05-15,R08,Fleet B,1391,1,1,Y,332276
SHP-2025-01123,2025-05-14,2025-05-15,R05,Fleet B,2556,1,1,Y,664471
SHP-2025-01124,2025-05-14,2025-05-17,R09,Fleet A,1385,3,3,Y,911567
SHP-2025-01125,2025-05-14,2025-05-16,R02,Fleet A,3791,2,2,Y,1351445
SHP-2025-01126,2025-05-14,2025-05-15,R03,Fleet B,1742,1,1,Y,186275
SHP-2025-01127,2025-05-14,2025-05-15,R03,Fleet A,1433,1,1,Y,127039
SHP-2025-01128,2025-05-14,2025-05-15,R08,Fleet A,2967,1,1,Y,726881
SHP-2025-01129,2025-05-14,2025-05-15,R08,Partner Haulage,2191,1,1,Y,470079
SHP-2025-01130,2025-05-15,2025-05-16,R07,Fleet B,50,1,1,Y,22429
SHP-2025-01131,2025-05-15,2025-05-20,R02,Fleet A,1641,2,5,N,588555
SHP-2025-01132,2025-05-15,2025-05-17,R02,Partner Haulage,2992,2,2,Y,916030
SHP-2025-01133,2025-05-15,2025-05-17,R02,Partner Haulage,2842,2,2,Y,989995
SHP-2025-01134,2025-05-15,2025-05-16,R06,Fleet B,2176,1,1,Y,137370
SHP-2025-01135,2025-05-15,2025-05-17,R10,Fleet A,1333,2,2,Y,444228
SHP-2025-01136,2025-05-15,2025-05-21,R09,Fleet A,1979,3,6,N,1315797
SHP-2025-01137,2025-05-15,2025-05-17,R01,Fleet B,320,2,2,Y,138060
SHP-2025-01138,2025-05-15,2025-05-16,R03,Fleet A,1574,1,1,Y,166283
SHP-2025-01139,2025-05-15,2025-05-18,R09,Fleet B,1629,3,3,Y,1124028
SHP-2025-01140,2025-05-15,2025-05-16,R06,Partner Haulage,2546,1,1,Y,160779
SHP-2025-01141,2025-05-15,2025-05-17,R02,Fleet A,761,2,2,Y,236488
SHP-2025-01142,2025-05-15,2025-05-16,R03,Fleet A,1533,1,1,Y,153740
SHP-2025-01143,2025-05-15,2025-05-16,R06,Fleet A,2055,1,1,Y,135482
SHP-2025-01144,2025-05-16,2025-05-18,R04,Fleet A,2812,2,2,Y,927912
SHP-2025-01145,2025-05-16,2025-05-17,R07,Fleet A,2883,1,1,Y,384921
SHP-2025-01146,2025-05-16,2025-05-17,R06,Fleet A,3915,1,1,Y,245797
SHP-2025-01147,2025-05-16,2025-05-18,R04,Partner Haulage,2233,2,2,Y,849734
SHP-2025-01148,2025-05-16,2025-05-18,R01,Fleet A,1294,2,2,Y,511884
SHP-2025-01149,2025-05-16,2025-05-18,R04,Fleet B,2392,2,2,Y,909823
SHP-2025-01150,2025-05-16,2025-05-18,R07,Fleet B,1712,1,2,N,277072
SHP-2025-01151,2025-05-16,2025-05-17,R05,Fleet B,1574,1,1,Y,416659
SHP-2025-01152,2025-05-16,2025-05-18,R10,Fleet A,1261,2,2,Y,482151
SHP-2025-01153,2025-05-17,2025-05-19,R02,Partner Haulage,2656,2,2,Y,1004339
SHP-2025-01154,2025-05-17,2025-05-20,R09,Fleet B,1429,3,3,Y,942964
SHP-2025-01155,2025-05-17,2025-05-19,R01,Fleet B,2661,2,2,Y,1129730
SHP-2025-01156,2025-05-17,2025-05-18,R03,Fleet B,3024,1,1,Y,277159
SHP-2025-01157,2025-05-17,2025-05-18,R03,Partner Haulage,2671,1,1,Y,227172
SHP-2025-01158,2025-05-17,2025-05-18,R05,Fleet A,50,1,1,Y,28995
SHP-2025-01159,2025-05-17,2025-05-19,R10,Fleet B,2597,2,2,Y,835605
SHP-2025-01160,2025-05-17,2025-05-19,R02,Fleet B,520,2,2,Y,194172
SHP-2025-01161,2025-05-18,2025-05-19,R03,Fleet B,3185,1,1,Y,303784
SHP-2025-01162,2025-05-18,2025-05-19,R05,Fleet B,973,1,1,Y,283493
SHP-2025-01163,2025-05-18,2025-05-20,R10,Partner Haulage,2518,2,2,Y,823531
SHP-2025-01164,2025-05-18,2025-05-21,R01,Partner Haulage,1000,2,3,N,433615
SHP-2025-01165,2025-05-18,2025-05-19,R08,Fleet A,50,1,1,Y,24862
SHP-2025-01166,2025-05-18,2025-05-20,R02,Fleet A,3178,2,2,Y,1086141
SHP-2025-01167,2025-05-18,2025-05-19,R06,Fleet B,2087,1,1,Y,137565
SHP-2025-01168,2025-05-19,2025-05-20,R03,Fleet B,2438,1,1,Y,233676
SHP-2025-01169,2025-05-19,2025-05-20,R03,Fleet B,2906,1,1,Y,277770
SHP-2025-01170,2025-05-19,2025-05-21,R01,Fleet A,2106,2,2,Y,903938
SHP-2025-01171,2025-05-19,2025-05-21,R04,Partner Haulage,1295,2,2,Y,438126
SHP-2025-01172,2025-05-19,2025-05-21,R01,Fleet B,3011,2,2,Y,1291745
SHP-2025-01173,2025-05-19,2025-05-21,R01,Partner Haulage,1636,2,2,Y,663995
SHP-2025-01174,2025-05-19,2025-05-22,R09,Fleet A,1987,3,3,Y,1208330
SHP-2025-01175,2025-05-19,2025-05-21,R10,Fleet A,2439,2,2,Y,839500
SHP-2025-01176,2025-05-19,2025-05-20,R03,Fleet B,2668,1,1,Y,251642
SHP-2025-01177,2025-05-19,2025-05-20,R06,Fleet B,3121,1,1,Y,179003
SHP-2025-01178,2025-05-19,2025-05-20,R05,Fleet A,2174,1,1,Y,592883
SHP-2025-01179,2025-05-19,2025-05-21,R10,Partner Haulage,1138,2,2,Y,337728
SHP-2025-01180,2025-05-19,2025-05-20,R07,Fleet B,1889,1,1,Y,307785
SHP-2025-01181,2025-05-20,2025-05-23,R08,Fleet A,50,1,3,N,27348
SHP-2025-01182,2025-05-20,2025-05-22,R04,Fleet A,2764,2,2,Y,1010036
SHP-2025-01183,2025-05-20,2025-05-21,R07,Fleet A,50,1,1,Y,21904
SHP-2025-01184,2025-05-20,2025-05-21,R07,Fleet A,2297,1,1,Y,364305
SHP-2025-01185,2025-05-20,2025-05-25,R09,Fleet A,3852,3,5,N,2280667
SHP-2025-01186,2025-05-20,2025-05-21,R06,Fleet A,1503,1,1,Y,98851
SHP-2025-01187,2025-05-20,2025-05-21,R05,Partner Haulage,495,1,1,Y,159030
SHP-2025-01188,2025-05-20,2025-05-21,R03,Partner Haulage,1609,1,1,Y,169005
SHP-2025-01189,2025-05-20,2025-05-24,R02,Fleet B,3087,2,4,N,1244296
SHP-2025-01190,2025-05-20,2025-05-23,R09,Fleet B,50,3,3,Y,46662
SHP-2025-01191,2025-05-20,2025-05-21,R08,Partner Haulage,2046,1,1,Y,492181
SHP-2025-01192,2025-05-20,2025-05-22,R04,Fleet B,1943,2,2,Y,716937
SHP-2025-01193,2025-05-20,2025-05-21,R03,Partner Haulage,1724,1,1,Y,171096
SHP-2025-01194,2025-05-20,2025-05-21,R03,Fleet A,280,1,1,Y,42141
SHP-2025-01195,2025-05-21,2025-05-22,R06,Partner Haulage,1530,1,1,Y,101105
SHP-2025-01196,2025-05-21,2025-05-22,R06,Fleet A,1315,1,1,Y,87811
SHP-2025-01197,2025-05-21,2025-05-24,R09,Partner Haulage,2525,3,3,Y,1579396
SHP-2025-01198,2025-05-21,2025-05-22,R07,Partner Haulage,2475,1,1,Y,369231
SHP-2025-01199,2025-05-21,2025-05-23,R01,Fleet A,2163,2,2,Y,842203
SHP-2025-01200,2025-05-21,2025-05-24,R10,Fleet B,2439,2,3,N,857029
SHP-2025-01201,2025-05-21,2025-05-22,R05,Fleet A,2250,1,1,Y,681296
SHP-2025-01202,2025-05-21,2025-05-22,R06,Fleet A,1576,1,1,Y,106417
SHP-2025-01203,2025-05-21,2025-05-23,R04,Fleet A,1321,2,2,Y,455428
SHP-2025-01204,2025-05-21,2025-05-22,R07,Fleet A,2530,1,1,Y,408017
SHP-2025-01205,2025-05-21,2025-05-24,R07,Fleet A,2258,1,3,N,372447
SHP-2025-01206,2025-05-21,2025-05-22,R07,Partner Haulage,709,1,1,Y,111252
SHP-2025-01207,2025-05-21,2025-05-22,R07,Partner Haulage,3137,1,1,Y,534460
SHP-2025-01208,2025-05-21,2025-05-23,R03,Fleet A,2135,1,2,N,211285
SHP-2025-01209,2025-05-21,2025-05-23,R10,Fleet A,50,2,2,Y,31852
SHP-2025-01210,2025-05-21,2025-05-23,R10,Fleet A,1231,2,2,Y,421340
SHP-2025-01211,2025-05-21,2025-05-23,R04,Partner Haulage,1469,2,2,Y,542188
SHP-2025-01212,2025-05-21,2025-05-24,R05,Fleet B,1613,1,3,N,443610
SHP-2025-01213,2025-05-22,2025-05-24,R04,Partner Haulage,2411,2,2,Y,936495
SHP-2025-01214,2025-05-22,2025-05-26,R04,Fleet A,1891,2,4,N,716993
SHP-2025-01215,2025-05-22,2025-05-27,R01,Partner Haulage,979,2,5,N,384556
SHP-2025-01216,2025-05-22,2025-05-23,R06,Fleet A,792,1,1,Y,56108
SHP-2025-01217,2025-05-22,2025-05-23,R03,Partner Haulage,1647,1,1,Y,164755
SHP-2025-01218,2025-05-22,2025-05-23,R06,Fleet A,3411,1,1,Y,204968
SHP-2025-01219,2025-05-22,2025-05-24,R04,Fleet B,2098,2,2,Y,751744
SHP-2025-01220,2025-05-22,2025-05-23,R06,Fleet A,2145,1,1,Y,142757
SHP-2025-01221,2025-05-22,2025-05-24,R04,Fleet A,1836,2,2,Y,698282
SHP-2025-01222,2025-05-22,2025-05-23,R05,Partner Haulage,898,1,1,Y,250987
SHP-2025-01223,2025-05-22,2025-05-24,R01,Fleet A,2329,2,2,Y,955886
SHP-2025-01224,2025-05-22,2025-05-25,R09,Fleet A,1882,3,3,Y,1270625
SHP-2025-01225,2025-05-22,2025-05-23,R06,Fleet B,1636,1,1,Y,112195
SHP-2025-01226,2025-05-23,2025-05-25,R04,Fleet A,260,2,2,Y,112477
SHP-2025-01227,2025-05-23,2025-05-26,R07,Fleet B,2497,1,3,N,336723
SHP-2025-01228,2025-05-23,2025-05-25,R02,Fleet A,2351,2,2,Y,989635
SHP-2025-01229,2025-05-23,2025-05-24,R03,Fleet A,2512,1,1,Y,246075
SHP-2025-01230,2025-05-23,2025-05-24,R07,Fleet B,3378,1,1,Y,538750
SHP-2025-01231,2025-05-23,2025-05-24,R05,Fleet A,2278,1,1,Y,675452
SHP-2025-01232,2025-05-23,2025-05-24,R08,Fleet A,96,1,1,Y,36737
SHP-2025-01233,2025-05-25,2025-05-27,R01,Fleet B,1775,2,2,Y,784362
SHP-2025-01234,2025-05-25,2025-05-27,R10,Fleet B,2575,2,2,Y,925054
SHP-2025-01235,2025-05-25,2025-05-27,R01,Partner Haulage,2554,2,2,Y,949846
SHP-2025-01236,2025-05-25,2025-05-28,R09,Partner Haulage,1864,3,3,Y,1185248
SHP-2025-01237,2025-05-25,2025-05-26,R03,Fleet B,1997,1,1,Y,185774
SHP-2025-01238,2025-05-25,2025-05-26,R08,Partner Haulage,1956,1,1,Y,446813
SHP-2025-01239,2025-05-25,2025-05-30,R01,Fleet B,1984,2,5,N,756308
SHP-2025-01240,2025-05-25,2025-05-27,R04,Fleet B,1789,2,2,Y,583838
SHP-2025-01241,2025-05-25,2025-05-27,R01,Fleet B,629,2,2,Y,273781
SHP-2025-01242,2025-05-25,2025-05-26,R06,Fleet B,1938,1,1,Y,117687
SHP-2025-01243,2025-05-25,2025-05-27,R10,Fleet B,2662,2,2,Y,947017
SHP-2025-01244,2025-05-26,2025-05-27,R07,Fleet A,2050,1,1,Y,296073
SHP-2025-01245,2025-05-26,2025-05-27,R03,Fleet A,1512,1,1,Y,154453
SHP-2025-01246,2025-05-26,2025-05-27,R03,Fleet A,2518,1,1,Y,233896
SHP-2025-01247,2025-05-26,2025-05-30,R06,Fleet A,1885,1,4,N,123001
SHP-2025-01248,2025-05-26,2025-05-28,R04,Fleet A,1436,2,2,Y,480787
SHP-2025-01249,2025-05-26,2025-05-29,R02,Partner Haulage,3609,2,3,N,1280853
SHP-2025-01250,2025-05-26,2025-05-27,R03,Fleet B,1832,1,1,Y,166612
SHP-2025-01251,2025-05-26,2025-05-27,R08,Fleet A,50,1,1,Y,26721
SHP-2025-01252,2025-05-26,2025-05-28,R02,Fleet A,2002,2,2,Y,658443
SHP-2025-01253,2025-05-26,2025-05-29,R09,Partner Haulage,1806,3,3,Y,1196342
SHP-2025-01254,2025-05-26,2025-05-29,R09,Fleet A,1741,3,3,Y,1173479
SHP-2025-01255,2025-05-26,2025-05-30,R07,Fleet B,2324,1,4,N,344373
SHP-2025-01256,2025-05-27,2025-05-29,R01,Fleet A,3298,2,2,Y,1182899
SHP-2025-01257,2025-05-27,2025-05-29,R02,Fleet A,2392,2,2,Y,940473
SHP-2025-01258,2025-05-27,2025-05-28,R07,Fleet A,3330,1,1,Y,514604
SHP-2025-01259,2025-05-27,2025-05-29,R01,Partner Haulage,1177,2,2,Y,525423
SHP-2025-01260,2025-05-27,2025-05-28,R06,Fleet B,751,1,1,Y,56472
SHP-2025-01261,2025-05-27,2025-05-28,R07,Fleet B,288,1,1,Y,56995
SHP-2025-01262,2025-05-28,2025-06-01,R06,Fleet B,2562,1,4,N,152002
SHP-2025-01263,2025-05-28,2025-05-31,R09,Fleet B,1486,3,3,Y,1087872
SHP-2025-01264,2025-05-28,2025-05-29,R03,Fleet A,2351,1,1,Y,184498
SHP-2025-01265,2025-05-28,2025-05-29,R06,Partner Haulage,1723,1,1,Y,112949
SHP-2025-01266,2025-05-28,2025-05-30,R04,Fleet A,2186,2,2,Y,749975
SHP-2025-01267,2025-05-28,2025-05-30,R04,Fleet B,3522,2,2,Y,1291389
SHP-2025-01268,2025-05-28,2025-05-29,R06,Fleet B,1398,1,1,Y,97004
SHP-2025-01269,2025-05-28,2025-05-31,R02,Fleet A,1691,2,3,N,554052
SHP-2025-01270,2025-05-28,2025-05-29,R05,Fleet A,1490,1,1,Y,448581
SHP-2025-01271,2025-05-28,2025-06-01,R01,Fleet B,917,2,4,N,415748
SHP-2025-01272,2025-05-28,2025-05-30,R10,Fleet B,1516,2,2,Y,557708
SHP-2025-01273,2025-05-28,2025-05-30,R10,Fleet A,50,2,2,Y,30401
SHP-2025-01274,2025-05-29,2025-05-30,R03,Fleet B,3140,1,1,Y,297033
SHP-2025-01275,2025-05-29,2025-06-02,R09,Fleet B,2086,3,4,N,1420475
SHP-2025-01276,2025-05-29,2025-05-30,R07,Fleet B,1717,1,1,Y,302986
SHP-2025-01277,2025-05-29,2025-05-30,R06,Fleet A,1379,1,1,Y,92919
SHP-2025-01278,2025-05-29,2025-05-30,R06,Partner Haulage,892,1,1,Y,63184
SHP-2025-01279,2025-05-29,2025-05-30,R03,Fleet A,1485,1,1,Y,137137
SHP-2025-01280,2025-05-29,2025-06-02,R05,Fleet B,2584,1,4,N,689103
SHP-2025-01281,2025-05-29,2025-05-31,R02,Fleet B,1333,2,2,Y,472733
SHP-2025-01282,2025-05-30,2025-05-31,R05,Fleet B,82,1,1,Y,38633
SHP-2025-01283,2025-05-30,2025-06-01,R02,Partner Haulage,801,2,2,Y,304524
SHP-2025-01284,2025-05-30,2025-05-31,R03,Partner Haulage,2119,1,1,Y,205773
SHP-2025-01285,2025-05-30,2025-05-31,R05,Partner Haulage,828,1,1,Y,231616
SHP-2025-01286,2025-05-30,2025-06-01,R04,Fleet A,474,2,2,Y,192847
SHP-2025-01287,2025-05-30,2025-05-31,R07,Fleet B,2963,1,1,Y,447859
SHP-2025-01288,2025-05-30,2025-06-01,R01,Fleet B,2959,2,2,Y,1294853
SHP-2025-01289,2025-05-30,2025-05-31,R07,Fleet B,1212,1,1,Y,198298
SHP-2025-01290,2025-05-30,2025-06-01,R04,Partner Haulage,2342,2,2,Y,827653
SHP-2025-01291,2025-05-30,2025-06-01,R08,Fleet B,2289,1,2,N,520639
SHP-2025-01292,2025-06-02,2025-06-04,R01,Partner Haulage,2176,2,2,Y,953759
SHP-2025-01293,2025-06-02,2025-06-03,R06,Partner Haulage,3112,1,1,Y,207951
SHP-2025-01294,2025-06-02,2025-06-03,R07,Fleet A,1754,1,1,Y,246381
SHP-2025-01295,2025-06-02,2025-06-04,R10,Fleet A,1752,2,2,Y,625185
SHP-2025-01296,2025-06-02,2025-06-03,R07,Fleet A,2321,1,1,Y,365963
SHP-2025-01297,2025-06-02,2025-06-06,R06,Partner Haulage,2030,1,4,N,126773
SHP-2025-01298,2025-06-02,2025-06-03,R08,Partner Haulage,2564,1,1,Y,567577
SHP-2025-01299,2025-06-02,2025-06-04,R10,Fleet A,2651,2,2,Y,782558
SHP-2025-01300,2025-06-02,2025-06-04,R10,Fleet B,656,2,2,Y,225288
SHP-2025-01301,2025-06-03,2025-06-05,R01,Fleet A,1899,2,2,Y,795874
SHP-2025-01302,2025-06-03,2025-06-06,R09,Partner Haulage,1529,3,3,Y,1014829
SHP-2025-01303,2025-06-03,2025-06-05,R01,Fleet B,2928,2,2,Y,1155386
SHP-2025-01304,2025-06-03,2025-06-04,R06,Fleet A,2301,1,1,Y,156852
SHP-2025-01305,2025-06-03,2025-06-04,R07,Fleet B,430,1,1,Y,79276
SHP-2025-01306,2025-06-03,2025-06-05,R01,Fleet B,2391,2,2,Y,954466
SHP-2025-01307,2025-06-03,2025-06-06,R09,Fleet A,2509,3,3,Y,1613665
SHP-2025-01308,2025-06-04,2025-06-06,R01,Fleet A,235,2,2,Y,107384
SHP-2025-01309,2025-06-04,2025-06-07,R08,Fleet A,1317,1,3,N,324528
SHP-2025-01310,2025-06-04,2025-06-05,R08,Fleet B,2274,1,1,Y,541000
SHP-2025-01311,2025-06-04,2025-06-09,R01,Partner Haulage,2534,2,5,N,1124573
SHP-2025-01312,2025-06-04,2025-06-05,R08,Fleet B,4146,1,1,Y,951842
SHP-2025-01313,2025-06-04,2025-06-06,R02,Fleet A,50,2,2,Y,31893
SHP-2025-01314,2025-06-04,2025-06-08,R08,Partner Haulage,2591,1,4,N,622127
SHP-2025-01315,2025-06-04,2025-06-06,R10,Fleet A,1401,2,2,Y,469738
SHP-2025-01316,2025-06-04,2025-06-06,R01,Partner Haulage,863,2,2,Y,340343
SHP-2025-01317,2025-06-05,2025-06-07,R04,Fleet B,1982,2,2,Y,772846
SHP-2025-01318,2025-06-05,2025-06-06,R06,Partner Haulage,3260,1,1,Y,224867
SHP-2025-01319,2025-06-05,2025-06-09,R07,Fleet A,481,1,4,N,90876
SHP-2025-01320,2025-06-05,2025-06-06,R06,Partner Haulage,1832,1,1,Y,120836
SHP-2025-01321,2025-06-05,2025-06-06,R06,Fleet A,755,1,1,Y,59946
SHP-2025-01322,2025-06-05,2025-06-06,R08,Partner Haulage,3984,1,1,Y,965287
SHP-2025-01323,2025-06-05,2025-06-06,R08,Fleet B,1906,1,1,Y,413993
SHP-2025-01324,2025-06-05,2025-06-06,R08,Fleet A,1293,1,1,Y,290392
SHP-2025-01325,2025-06-05,2025-06-06,R06,Fleet A,2417,1,1,Y,155397
SHP-2025-01326,2025-06-06,2025-06-07,R05,Fleet B,1664,1,1,Y,468793
SHP-2025-01327,2025-06-06,2025-06-07,R05,Fleet A,2458,1,1,Y,676235
SHP-2025-01328,2025-06-06,2025-06-07,R03,Fleet A,429,1,1,Y,49400
SHP-2025-01329,2025-06-06,2025-06-11,R10,Fleet A,4779,2,5,N,1602056
SHP-2025-01330,2025-06-06,2025-06-08,R10,Fleet A,1215,2,2,Y,465011
SHP-2025-01331,2025-06-06,2025-06-08,R04,Fleet B,1877,2,2,Y,686093
SHP-2025-01332,2025-06-06,2025-06-08,R10,Fleet A,2450,2,2,Y,798928
SHP-2025-01333,2025-06-06,2025-06-07,R06,Fleet A,2142,1,1,Y,115246
SHP-2025-01334,2025-06-06,2025-06-08,R01,Fleet B,2311,2,2,Y,990746
SHP-2025-01335,2025-06-06,2025-06-10,R10,Partner Haulage,1486,2,4,N,535792
SHP-2025-01336,2025-06-06,2025-06-10,R03,Fleet A,343,1,4,N,40809
SHP-2025-01337,2025-06-06,2025-06-07,R07,Fleet B,2598,1,1,Y,412633
SHP-2025-01338,2025-06-06,2025-06-08,R04,Fleet A,3147,2,2,Y,1007911
SHP-2025-01339,2025-06-06,2025-06-11,R02,Fleet A,3146,2,5,N,1049055
SHP-2025-01340,2025-06-06,2025-06-07,R03,Fleet A,2218,1,1,Y,245082
SHP-2025-01341,2025-06-08,2025-06-09,R03,Fleet A,2752,1,1,Y,242012
SHP-2025-01342,2025-06-08,2025-06-09,R08,Fleet A,2789,1,1,Y,577429
SHP-2025-01343,2025-06-08,2025-06-10,R02,Fleet A,1803,2,2,Y,634886
SHP-2025-01344,2025-06-08,2025-06-10,R02,Fleet A,1560,2,2,Y,511631
SHP-2025-01345,2025-06-08,2025-06-10,R02,Fleet B,3295,2,2,Y,1058491
SHP-2025-01346,2025-06-08,2025-06-10,R01,Fleet B,2262,2,2,Y,957263
SHP-2025-01347,2025-06-08,2025-06-09,R06,Fleet B,2858,1,1,Y,182137
SHP-2025-01348,2025-06-08,2025-06-10,R01,Fleet A,2172,2,2,Y,930430
SHP-2025-01349,2025-06-08,2025-06-09,R06,Fleet A,1235,1,1,Y,80003
SHP-2025-01350,2025-06-08,2025-06-09,R08,Partner Haulage,2154,1,1,Y,480174
SHP-2025-01351,2025-06-09,2025-06-11,R01,Fleet A,2683,2,2,Y,1234344
SHP-2025-01352,2025-06-09,2025-06-12,R04,Fleet B,2964,2,3,N,1004830
SHP-2025-01353,2025-06-09,2025-06-11,R01,Fleet A,605,2,2,Y,269843
SHP-2025-01354,2025-06-09,2025-06-11,R05,Fleet B,1267,1,2,N,370846
SHP-2025-01355,2025-06-09,2025-06-11,R10,Partner Haulage,812,2,2,Y,273462
SHP-2025-01356,2025-06-09,2025-06-11,R10,Partner Haulage,2119,2,2,Y,673221
SHP-2025-01357,2025-06-09,2025-06-10,R03,Fleet B,1710,1,1,Y,165736
SHP-2025-01358,2025-06-09,2025-06-12,R05,Fleet A,177,1,3,N,63041
SHP-2025-01359,2025-06-09,2025-06-10,R05,Fleet B,1228,1,1,Y,324385
SHP-2025-01360,2025-06-09,2025-06-10,R03,Fleet A,2143,1,1,Y,185384
SHP-2025-01361,2025-06-10,2025-06-11,R05,Fleet B,2198,1,1,Y,613313
SHP-2025-01362,2025-06-10,2025-06-13,R09,Fleet A,2686,3,3,Y,1702372
SHP-2025-01363,2025-06-10,2025-06-11,R05,Fleet A,1574,1,1,Y,447982
SHP-2025-01364,2025-06-10,2025-06-12,R02,Fleet A,274,2,2,Y,105809
SHP-2025-01365,2025-06-10,2025-06-12,R01,Fleet B,1458,2,2,Y,679658
SHP-2025-01366,2025-06-10,2025-06-13,R09,Fleet A,2596,3,3,Y,1639114
SHP-2025-01367,2025-06-10,2025-06-12,R01,Fleet B,2303,2,2,Y,988060
SHP-2025-01368,2025-06-10,2025-06-13,R03,Fleet A,663,1,3,N,73075
SHP-2025-01369,2025-06-11,2025-06-13,R10,Partner Haulage,2948,2,2,Y,889495
SHP-2025-01370,2025-06-11,2025-06-12,R06,Fleet A,949,1,1,Y,63112
SHP-2025-01371,2025-06-11,2025-06-12,R07,Fleet A,1859,1,1,Y,302309
SHP-2025-01372,2025-06-11,2025-06-12,R03,Fleet A,2006,1,1,Y,182231
SHP-2025-01373,2025-06-11,2025-06-12,R06,Partner Haulage,1890,1,1,Y,127115
SHP-2025-01374,2025-06-11,2025-06-12,R07,Fleet A,2753,1,1,Y,420814
SHP-2025-01375,2025-06-11,2025-06-13,R01,Fleet A,1218,2,2,Y,581628
SHP-2025-01376,2025-06-11,2025-06-12,R05,Fleet A,1161,1,1,Y,321150
SHP-2025-01377,2025-06-11,2025-06-12,R08,Fleet B,1423,1,1,Y,347757
SHP-2025-01378,2025-06-11,2025-06-13,R02,Fleet A,50,2,2,Y,32396
SHP-2025-01379,2025-06-11,2025-06-13,R02,Partner Haulage,3709,2,2,Y,1218192
SHP-2025-01380,2025-06-11,2025-06-13,R04,Fleet A,2779,2,2,Y,936505
SHP-2025-01381,2025-06-12,2025-06-13,R08,Partner Haulage,1395,1,1,Y,353933
SHP-2025-01382,2025-06-12,2025-06-13,R03,Partner Haulage,1927,1,1,Y,169666
SHP-2025-01383,2025-06-12,2025-06-13,R06,Fleet B,50,1,1,Y,17820
SHP-2025-01384,2025-06-12,2025-06-16,R02,Fleet A,2591,2,4,N,1016446
SHP-2025-01385,2025-06-12,2025-06-14,R08,Fleet A,1452,1,2,N,355235
SHP-2025-01386,2025-06-12,2025-06-13,R07,Fleet A,2410,1,1,Y,354962
SHP-2025-01387,2025-06-12,2025-06-14,R04,Fleet A,2494,2,2,Y,868196
SHP-2025-01388,2025-06-12,2025-06-14,R04,Fleet A,2955,2,2,Y,1115658
SHP-2025-01389,2025-06-12,2025-06-13,R05,Fleet B,1447,1,1,Y,354824
SHP-2025-01390,2025-06-12,2025-06-13,R03,Partner Haulage,2255,1,1,Y,235640
SHP-2025-01391,2025-06-12,2025-06-14,R10,Partner Haulage,1070,2,2,Y,371537
SHP-2025-01392,2025-06-12,2025-06-13,R06,Partner Haulage,1744,1,1,Y,107407
SHP-2025-01393,2025-06-13,2025-06-17,R06,Partner Haulage,1266,1,4,N,83893
SHP-2025-01394,2025-06-13,2025-06-15,R04,Fleet B,2275,2,2,Y,810799
SHP-2025-01395,2025-06-13,2025-06-14,R06,Fleet B,1542,1,1,Y,103917
SHP-2025-01396,2025-06-13,2025-06-14,R07,Fleet B,1711,1,1,Y,257131
SHP-2025-01397,2025-06-13,2025-06-14,R07,Partner Haulage,3387,1,1,Y,485423
SHP-2025-01398,2025-06-14,2025-06-16,R01,Fleet B,2413,2,2,Y,1079637
SHP-2025-01399,2025-06-14,2025-06-16,R02,Partner Haulage,1122,2,2,Y,393698
SHP-2025-01400,2025-06-14,2025-06-16,R04,Fleet B,183,2,2,Y,80744
SHP-2025-01401,2025-06-14,2025-06-16,R01,Fleet A,2358,2,2,Y,1044307
SHP-2025-01402,2025-06-14,2025-06-16,R04,Fleet A,1449,2,2,Y,501403
SHP-2025-01403,2025-06-14,2025-06-15,R05,Partner Haulage,2152,1,1,Y,549725
SHP-2025-01404,2025-06-14,2025-06-15,R07,Fleet A,2554,1,1,Y,387005
SHP-2025-01405,2025-06-14,2025-06-16,R04,Fleet A,2013,2,2,Y,728471
SHP-2025-01406,2025-06-14,2025-06-15,R03,Fleet B,371,1,1,Y,44194
SHP-2025-01407,2025-06-14,2025-06-19,R01,Fleet A,3925,2,5,N,1599866
SHP-2025-01408,2025-06-14,2025-06-18,R04,Partner Haulage,951,2,4,N,340019
SHP-2025-01409,2025-06-14,2025-06-15,R06,Fleet A,1862,1,1,Y,106910
SHP-2025-01410,2025-06-15,2025-06-16,R08,Fleet B,1078,1,1,Y,260483
SHP-2025-01411,2025-06-15,2025-06-16,R08,Fleet B,2641,1,1,Y,639290
SHP-2025-01412,2025-06-15,2025-06-16,R03,Fleet A,747,1,1,Y,82483
SHP-2025-01413,2025-06-15,2025-06-17,R04,Partner Haulage,1948,2,2,Y,696858
SHP-2025-01414,2025-06-15,2025-06-19,R09,Fleet A,50,3,4,N,51530
SHP-2025-01415,2025-06-15,2025-06-17,R10,Fleet A,3729,2,2,Y,1380507
SHP-2025-01416,2025-06-15,2025-06-17,R04,Fleet A,1834,2,2,Y,630303
SHP-2025-01417,2025-06-15,2025-06-17,R04,Fleet B,1923,2,2,Y,683409
SHP-2025-01418,2025-06-15,2025-06-16,R06,Fleet A,2912,1,1,Y,191993
SHP-2025-01419,2025-06-15,2025-06-17,R01,Fleet B,1706,2,2,Y,727101
SHP-2025-01420,2025-06-15,2025-06-17,R04,Partner Haulage,3300,2,2,Y,1180046
SHP-2025-01421,2025-06-16,2025-06-17,R03,Fleet A,558,1,1,Y,64713
SHP-2025-01422,2025-06-16,2025-06-17,R03,Fleet B,3448,1,1,Y,343817
SHP-2025-01423,2025-06-16,2025-06-18,R01,Fleet B,2016,2,2,Y,792772
SHP-2025-01424,2025-06-16,2025-06-17,R08,Fleet A,1778,1,1,Y,424120
SHP-2025-01425,2025-06-16,2025-06-18,R02,Fleet A,2502,2,2,Y,936416
SHP-2025-01426,2025-06-16,2025-06-17,R03,Partner Haulage,1021,1,1,Y,100635
SHP-2025-01427,2025-06-16,2025-06-17,R05,Partner Haulage,1043,1,1,Y,305294
SHP-2025-01428,2025-06-16,2025-06-18,R02,Fleet A,2515,2,2,Y,787003
SHP-2025-01429,2025-06-16,2025-06-20,R01,Fleet A,996,2,4,N,457949
SHP-2025-01430,2025-06-16,2025-06-17,R06,Fleet A,3569,1,1,Y,209736
SHP-2025-01431,2025-06-16,2025-06-18,R10,Fleet B,3392,2,2,Y,1062772
SHP-2025-01432,2025-06-16,2025-06-18,R02,Fleet A,1907,2,2,Y,714220
SHP-2025-01433,2025-06-16,2025-06-17,R08,Fleet A,1911,1,1,Y,416871
SHP-2025-01434,2025-06-16,2025-06-18,R01,Partner Haulage,2605,2,2,Y,1099706
SHP-2025-01435,2025-06-16,2025-06-20,R08,Fleet B,1704,1,4,N,390029
SHP-2025-01436,2025-06-16,2025-06-17,R08,Partner Haulage,1136,1,1,Y,268454
SHP-2025-01437,2025-06-16,2025-06-21,R01,Fleet B,1247,2,5,N,550977
SHP-2025-01438,2025-06-17,2025-06-18,R07,Fleet A,2919,1,1,Y,421284
SHP-2025-01439,2025-06-17,2025-06-18,R03,Fleet A,1828,1,1,Y,161017
SHP-2025-01440,2025-06-17,2025-06-20,R09,Fleet A,3148,3,3,Y,2152321
SHP-2025-01441,2025-06-17,2025-06-19,R04,Fleet B,1862,2,2,Y,752166
SHP-2025-01442,2025-06-17,2025-06-21,R07,Fleet A,1329,1,4,N,171920
SHP-2025-01443,2025-06-17,2025-06-18,R07,Partner Haulage,2294,1,1,Y,404744
SHP-2025-01444,2025-06-17,2025-06-19,R02,Fleet A,2492,2,2,Y,907986
SHP-2025-01445,2025-06-17,2025-06-18,R06,Fleet A,1598,1,1,Y,106296
SHP-2025-01446,2025-06-17,2025-06-19,R02,Fleet B,1967,2,2,Y,840687
SHP-2025-01447,2025-06-17,2025-06-18,R06,Fleet B,958,1,1,Y,68319
SHP-2025-01448,2025-06-17,2025-06-18,R06,Fleet A,2510,1,1,Y,151240
SHP-2025-01449,2025-06-17,2025-06-18,R06,Fleet A,2779,1,1,Y,174960
SHP-2025-01450,2025-06-18,2025-06-21,R09,Partner Haulage,1705,3,3,Y,1176485
SHP-2025-01451,2025-06-18,2025-06-19,R08,Fleet A,203,1,1,Y,59628
SHP-2025-01452,2025-06-18,2025-06-19,R03,Fleet A,204,1,1,Y,32110
SHP-2025-01453,2025-06-18,2025-06-19,R08,Fleet A,1139,1,1,Y,275082
SHP-2025-01454,2025-06-18,2025-06-19,R05,Fleet B,1805,1,1,Y,456612
SHP-2025-01455,2025-06-18,2025-06-19,R06,Fleet A,884,1,1,Y,59960
SHP-2025-01456,2025-06-18,2025-06-19,R07,Fleet B,1504,1,1,Y,244905
SHP-2025-01457,2025-06-18,2025-06-19,R05,Fleet A,2241,1,1,Y,608615
SHP-2025-01458,2025-06-18,2025-06-21,R02,Fleet B,2085,2,3,N,691601
SHP-2025-01459,2025-06-19,2025-06-21,R02,Fleet A,3623,2,2,Y,1139828
SHP-2025-01460,2025-06-19,2025-06-20,R03,Fleet A,788,1,1,Y,83497
SHP-2025-01461,2025-06-19,2025-06-21,R04,Partner Haulage,2605,2,2,Y,925911
SHP-2025-01462,2025-06-19,2025-06-20,R07,Partner Haulage,2390,1,1,Y,342851
SHP-2025-01463,2025-06-19,2025-06-20,R06,Fleet A,2611,1,1,Y,166369
SHP-2025-01464,2025-06-19,2025-06-20,R08,Fleet A,2015,1,1,Y,531467
SHP-2025-01465,2025-06-19,2025-06-20,R03,Fleet B,591,1,1,Y,62283
SHP-2025-01466,2025-06-19,2025-06-21,R04,Fleet B,247,2,2,Y,100871
SHP-2025-01467,2025-06-19,2025-06-20,R05,Fleet B,1818,1,1,Y,472925
SHP-2025-01468,2025-06-19,2025-06-20,R05,Partner Haulage,1431,1,1,Y,433996
SHP-2025-01469,2025-06-20,2025-06-21,R05,Fleet A,1360,1,1,Y,388564
SHP-2025-01470,2025-06-20,2025-06-21,R07,Partner Haulage,2144,1,1,Y,332396
SHP-2025-01471,2025-06-20,2025-06-22,R04,Fleet B,1656,2,2,Y,664070
SHP-2025-01472,2025-06-20,2025-06-24,R01,Fleet A,111,2,4,N,60125
SHP-2025-01473,2025-06-20,2025-06-24,R07,Fleet B,2020,1,4,N,322369
SHP-2025-01474,2025-06-20,2025-06-22,R01,Fleet A,2047,2,2,Y,825027
SHP-2025-01475,2025-06-21,2025-06-23,R07,Fleet B,2909,1,2,N,518653
SHP-2025-01476,2025-06-21,2025-06-22,R07,Fleet A,2576,1,1,Y,422961
SHP-2025-01477,2025-06-21,2025-06-23,R10,Fleet A,1184,2,2,Y,392763
SHP-2025-01478,2025-06-21,2025-06-23,R02,Fleet A,1211,2,2,Y,443622
SHP-2025-01479,2025-06-21,2025-06-23,R02,Fleet A,1369,2,2,Y,448702
SHP-2025-01480,2025-06-21,2025-06-23,R02,Fleet A,803,2,2,Y,256736
SHP-2025-01481,2025-06-21,2025-06-22,R07,Fleet A,2438,1,1,Y,399510
SHP-2025-01482,2025-06-21,2025-06-24,R09,Fleet B,1718,3,3,Y,1088244
SHP-2025-01483,2025-06-21,2025-06-22,R07,Fleet A,522,1,1,Y,92719
SHP-2025-01484,2025-06-21,2025-06-23,R04,Partner Haulage,2038,2,2,Y,729093
SHP-2025-01485,2025-06-21,2025-06-25,R07,Fleet A,1877,1,4,N,280711
SHP-2025-01486,2025-06-22,2025-06-24,R04,Fleet A,3149,2,2,Y,1011032
SHP-2025-01487,2025-06-22,2025-06-26,R09,Fleet A,2402,3,4,N,1643008
SHP-2025-01488,2025-06-22,2025-06-24,R01,Fleet A,3310,2,2,Y,1529199
SHP-2025-01489,2025-06-22,2025-06-23,R05,Fleet A,758,1,1,Y,230282
SHP-2025-01490,2025-06-23,2025-06-26,R01,Fleet A,1039,2,3,N,410570
SHP-2025-01491,2025-06-23,2025-06-26,R04,Partner Haulage,1630,2,3,N,557118
SHP-2025-01492,2025-06-23,2025-06-29,R09,Fleet A,3079,3,6,N,1938245
SHP-2025-01493,2025-06-23,2025-06-25,R01,Fleet A,2478,2,2,Y,957810
SHP-2025-01494,2025-06-23,2025-06-26,R09,Partner Haulage,50,3,3,Y,44549
SHP-2025-01495,2025-06-23,2025-06-25,R10,Fleet B,2368,2,2,Y,846759
SHP-2025-01496,2025-06-23,2025-06-24,R06,Fleet A,1431,1,1,Y,100318
SHP-2025-01497,2025-06-23,2025-06-24,R05,Fleet B,424,1,1,Y,123856
SHP-2025-01498,2025-06-23,2025-06-26,R09,Fleet B,2514,3,3,Y,1725291
SHP-2025-01499,2025-06-24,2025-06-26,R10,Fleet A,1013,2,2,Y,362550
SHP-2025-01500,2025-06-24,2025-06-25,R03,Fleet B,181,1,1,Y,32388
SHP-2025-01501,2025-06-24,2025-06-25,R03,Fleet A,2021,1,1,Y,206915
SHP-2025-01502,2025-06-24,2025-06-26,R10,Fleet B,1087,2,2,Y,399806
SHP-2025-01503,2025-06-24,2025-06-25,R07,Fleet A,1723,1,1,Y,277434
SHP-2025-01504,2025-06-24,2025-06-25,R08,Partner Haulage,2139,1,1,Y,482992
SHP-2025-01505,2025-06-24,2025-06-25,R06,Fleet A,1767,1,1,Y,116508
SHP-2025-01506,2025-06-24,2025-06-30,R09,Fleet B,2267,3,6,N,1466070
SHP-2025-01507,2025-06-24,2025-06-25,R07,Fleet B,155,1,1,Y,37504
SHP-2025-01508,2025-06-24,2025-06-27,R09,Fleet A,2707,3,3,Y,1886690
SHP-2025-01509,2025-06-24,2025-06-27,R10,Partner Haulage,368,2,3,N,139942
SHP-2025-01510,2025-06-24,2025-06-25,R03,Partner Haulage,1178,1,1,Y,114485
SHP-2025-01511,2025-06-24,2025-06-26,R10,Fleet A,3389,2,2,Y,1062786
SHP-2025-01512,2025-06-24,2025-06-26,R02,Fleet A,1788,2,2,Y,594020
SHP-2025-01513,2025-06-25,2025-06-27,R01,Fleet A,2243,2,2,Y,992080
SHP-2025-01514,2025-06-25,2025-06-26,R06,Fleet A,2054,1,1,Y,138552
SHP-2025-01515,2025-06-25,2025-06-27,R10,Fleet A,1533,2,2,Y,516612
SHP-2025-01516,2025-06-25,2025-06-27,R04,Fleet A,777,2,2,Y,317180
SHP-2025-01517,2025-06-25,2025-06-28,R03,Partner Haulage,2251,1,3,N,211695
SHP-2025-01518,2025-06-25,2025-06-26,R03,Fleet B,2601,1,1,Y,246232
SHP-2025-01519,2025-06-25,2025-06-27,R10,Fleet A,1351,2,2,Y,481849
SHP-2025-01520,2025-06-25,2025-06-26,R06,Fleet A,1555,1,1,Y,108092
SHP-2025-01521,2025-06-25,2025-06-26,R03,Fleet B,683,1,1,Y,76082
SHP-2025-01522,2025-06-25,2025-06-26,R06,Fleet A,1761,1,1,Y,105520
SHP-2025-01523,2025-06-25,2025-06-26,R03,Fleet A,1243,1,1,Y,132780
SHP-2025-01524,2025-06-26,2025-06-28,R04,Partner Haulage,2932,2,2,Y,1015483
SHP-2025-01525,2025-06-26,2025-06-28,R01,Fleet B,2769,2,2,Y,1081839
SHP-2025-01526,2025-06-26,2025-06-28,R04,Fleet B,686,2,2,Y,252446
SHP-2025-01527,2025-06-26,2025-06-27,R07,Fleet B,2386,1,1,Y,367825
SHP-2025-01528,2025-06-26,2025-06-27,R07,Fleet A,693,1,1,Y,117906
SHP-2025-01529,2025-06-26,2025-06-28,R01,Fleet B,751,2,2,Y,339961
SHP-2025-01530,2025-06-26,2025-06-27,R08,Fleet A,967,1,1,Y,221510
SHP-2025-01531,2025-06-26,2025-06-27,R03,Fleet B,1764,1,1,Y,166105
SHP-2025-01532,2025-06-26,2025-06-30,R02,Fleet A,1824,2,4,N,667843
SHP-2025-01533,2025-06-26,2025-06-27,R06,Fleet A,50,1,1,Y,17598
SHP-2025-01534,2025-06-26,2025-06-28,R10,Partner Haulage,1868,2,2,Y,665818
SHP-2025-01535,2025-06-26,2025-06-27,R03,Fleet A,2068,1,1,Y,200708
SHP-2025-01536,2025-06-26,2025-06-28,R01,Fleet B,2171,2,2,Y,986223
SHP-2025-01537,2025-06-27,2025-07-01,R06,Partner Haulage,1354,1,4,N,92969
SHP-2025-01538,2025-06-27,2025-06-29,R02,Fleet A,266,2,2,Y,107100
SHP-2025-01539,2025-06-27,2025-06-29,R04,Fleet B,2093,2,2,Y,776596
SHP-2025-01540,2025-06-27,2025-06-28,R03,Fleet B,2686,1,1,Y,281680
SHP-2025-01541,2025-06-27,2025-06-29,R01,Fleet A,2508,2,2,Y,959107
SHP-2025-01542,2025-06-27,2025-06-28,R08,Partner Haulage,1487,1,1,Y,349830
SHP-2025-01543,2025-06-27,2025-06-28,R07,Partner Haulage,587,1,1,Y,91219
SHP-2025-01544,2025-06-27,2025-07-01,R02,Partner Haulage,3195,2,4,N,1234960
SHP-2025-01545,2025-06-27,2025-06-30,R09,Fleet A,1394,3,3,Y,962253
SHP-2025-01546,2025-06-27,2025-06-30,R10,Fleet B,759,2,3,N,293765
SHP-2025-01547,2025-06-30,2025-07-03,R09,Fleet A,1766,3,3,Y,1183770
SHP-2025-01548,2025-06-30,2025-07-02,R04,Fleet A,3011,2,2,Y,1001951
SHP-2025-01549,2025-06-30,2025-07-02,R10,Fleet B,951,2,2,Y,336789
SHP-2025-01550,2025-06-30,2025-07-02,R04,Partner Haulage,2505,2,2,Y,958079
SHP-2025-01551,2025-06-30,2025-07-01,R08,Fleet A,2088,1,1,Y,482534
SHP-2025-01552,2025-06-30,2025-07-01,R05,Fleet A,2000,1,1,Y,599608
SHP-2025-01553,2025-06-30,2025-07-03,R02,Fleet A,1266,2,3,N,424867
SHP-2025-01554,2025-06-30,2025-07-02,R10,Fleet A,1429,2,2,Y,502691
SHP-2025-01555,2025-06-30,2025-07-02,R02,Fleet B,1935,2,2,Y,579453
SHP-2025-01556,2025-07-01,2025-07-02,R06,Fleet A,623,1,1,Y,50359
SHP-2025-01557,2025-07-01,2025-07-02,R08,Fleet B,2280,1,1,Y,590045
SHP-2025-01558,2025-07-01,2025-07-03,R10,Fleet B,2588,2,2,Y,860950
SHP-2025-01559,2025-07-01,2025-07-02,R06,Fleet B,2603,1,1,Y,166432
SHP-2025-01560,2025-07-01,2025-07-02,R05,Fleet B,2273,1,1,Y,565208
SHP-2025-01561,2025-07-01,2025-07-03,R01,Fleet A,2948,2,2,Y,1292333
SHP-2025-01562,2025-07-01,2025-07-02,R03,Fleet A,849,1,1,Y,88100
SHP-2025-01563,2025-07-01,2025-07-03,R04,Fleet A,410,2,2,Y,168026
SHP-2025-01564,2025-07-01,2025-07-03,R02,Fleet A,1093,2,2,Y,362428
SHP-2025-01565,2025-07-01,2025-07-02,R06,Fleet A,1930,1,1,Y,124598
SHP-2025-01566,2025-07-01,2025-07-02,R05,Fleet A,2253,1,1,Y,629932
SHP-2025-01567,2025-07-01,2025-07-02,R06,Fleet B,2098,1,1,Y,125995
SHP-2025-01568,2025-07-02,2025-07-04,R10,Fleet A,2510,2,2,Y,846164
SHP-2025-01569,2025-07-02,2025-07-03,R03,Fleet A,1855,1,1,Y,165681
SHP-2025-01570,2025-07-02,2025-07-03,R05,Fleet B,2041,1,1,Y,587193
SHP-2025-01571,2025-07-02,2025-07-04,R10,Fleet A,50,2,2,Y,32119
SHP-2025-01572,2025-07-02,2025-07-06,R01,Fleet A,555,2,4,N,275675
SHP-2025-01573,2025-07-02,2025-07-04,R01,Partner Haulage,523,2,2,Y,214060
SHP-2025-01574,2025-07-02,2025-07-03,R05,Fleet A,2864,1,1,Y,828373
SHP-2025-01575,2025-07-02,2025-07-04,R03,Partner Haulage,2011,1,2,N,163171
SHP-2025-01576,2025-07-03,2025-07-05,R01,Partner Haulage,3613,2,2,Y,1608821
SHP-2025-01577,2025-07-03,2025-07-05,R10,Fleet B,2565,2,2,Y,980744
SHP-2025-01578,2025-07-03,2025-07-04,R07,Fleet A,984,1,1,Y,151791
SHP-2025-01579,2025-07-03,2025-07-07,R02,Fleet A,2452,2,4,N,888208
SHP-2025-01580,2025-07-03,2025-07-04,R07,Fleet A,1905,1,1,Y,325815
SHP-2025-01581,2025-07-03,2025-07-04,R03,Fleet B,2905,1,1,Y,261159
SHP-2025-01582,2025-07-03,2025-07-07,R01,Fleet B,1622,2,4,N,638535
SHP-2025-01583,2025-07-03,2025-07-05,R10,Fleet A,2468,2,2,Y,823927
SHP-2025-01584,2025-07-03,2025-07-04,R05,Fleet A,1358,1,1,Y,376982
SHP-2025-01585,2025-07-03,2025-07-05,R02,Fleet A,3044,2,2,Y,1062330
SHP-2025-01586,2025-07-03,2025-07-05,R02,Fleet A,3739,2,2,Y,1391321
SHP-2025-01587,2025-07-03,2025-07-05,R02,Partner Haulage,738,2,2,Y,273655
SHP-2025-01588,2025-07-03,2025-07-05,R04,Partner Haulage,1272,2,2,Y,476341
SHP-2025-01589,2025-07-03,2025-07-04,R05,Fleet B,3001,1,1,Y,785325
SHP-2025-01590,2025-07-04,2025-07-06,R01,Fleet A,901,2,2,Y,372693
SHP-2025-01591,2025-07-04,2025-07-05,R07,Fleet B,2460,1,1,Y,399173
SHP-2025-01592,2025-07-04,2025-07-06,R02,Fleet A,3089,2,2,Y,1106871
SHP-2025-01593,2025-07-04,2025-07-06,R01,Fleet A,2168,2,2,Y,967185
SHP-2025-01594,2025-07-04,2025-07-05,R07,Fleet A,792,1,1,Y,135536
SHP-2025-01595,2025-07-04,2025-07-06,R01,Fleet A,1316,2,2,Y,597823
SHP-2025-01596,2025-07-04,2025-07-05,R03,Fleet A,1231,1,1,Y,121926
SHP-2025-01597,2025-07-04,2025-07-07,R09,Fleet A,2277,3,3,Y,1539181
SHP-2025-01598,2025-07-04,2025-07-06,R10,Fleet A,2291,2,2,Y,848058
SHP-2025-01599,2025-07-04,2025-07-05,R05,Fleet B,2286,1,1,Y,659660
SHP-2025-01600,2025-07-07,2025-07-08,R03,Fleet B,1443,1,1,Y,136794
SHP-2025-01601,2025-07-07,2025-07-09,R10,Partner Haulage,572,2,2,Y,215406
SHP-2025-01602,2025-07-07,2025-07-08,R05,Fleet A,633,1,1,Y,174937
SHP-2025-01603,2025-07-07,2025-07-09,R04,Partner Haulage,925,2,2,Y,375067
SHP-2025-01604,2025-07-07,2025-07-08,R03,Fleet B,1645,1,1,Y,176505
SHP-2025-01605,2025-07-07,2025-07-09,R01,Fleet A,906,2,2,Y,441889
SHP-2025-01606,2025-07-07,2025-07-08,R08,Fleet B,2635,1,1,Y,612525
SHP-2025-01607,2025-07-07,2025-07-08,R05,Partner Haulage,3206,1,1,Y,927632
SHP-2025-01608,2025-07-07,2025-07-09,R04,Fleet A,1297,2,2,Y,496464
SHP-2025-01609,2025-07-08,2025-07-10,R04,Fleet A,2169,2,2,Y,851225
SHP-2025-01610,2025-07-08,2025-07-10,R01,Fleet B,639,2,2,Y,265664
SHP-2025-01611,2025-07-08,2025-07-09,R05,Partner Haulage,1934,1,1,Y,542431
SHP-2025-01612,2025-07-08,2025-07-10,R02,Partner Haulage,1118,2,2,Y,393871
SHP-2025-01613,2025-07-08,2025-07-09,R05,Fleet A,4035,1,1,Y,1234947
SHP-2025-01614,2025-07-08,2025-07-13,R04,Partner Haulage,2728,2,5,N,956563
SHP-2025-01615,2025-07-08,2025-07-10,R02,Fleet A,2636,2,2,Y,953505
SHP-2025-01616,2025-07-08,2025-07-09,R03,Partner Haulage,2798,1,1,Y,266565
SHP-2025-01617,2025-07-08,2025-07-09,R05,Fleet B,1340,1,1,Y,396720
SHP-2025-01618,2025-07-08,2025-07-09,R08,Fleet A,1270,1,1,Y,288056
SHP-2025-01619,2025-07-08,2025-07-09,R06,Fleet B,1263,1,1,Y,88492
SHP-2025-01620,2025-07-08,2025-07-09,R07,Fleet B,2056,1,1,Y,328880
SHP-2025-01621,2025-07-08,2025-07-09,R03,Fleet A,4528,1,1,Y,430659
SHP-2025-01622,2025-07-08,2025-07-12,R03,Fleet B,2900,1,4,N,273540
SHP-2025-01623,2025-07-08,2025-07-09,R07,Partner Haulage,1219,1,1,Y,201375
SHP-2025-01624,2025-07-09,2025-07-14,R02,Fleet B,713,2,5,N,255540
SHP-2025-01625,2025-07-09,2025-07-10,R08,Fleet B,1684,1,1,Y,402440
SHP-2025-01626,2025-07-09,2025-07-11,R02,Partner Haulage,1561,2,2,Y,564022
SHP-2025-01627,2025-07-09,2025-07-11,R10,Fleet B,3893,2,2,Y,1318057
SHP-2025-01628,2025-07-09,2025-07-10,R06,Partner Haulage,1787,1,1,Y,105732
SHP-2025-01629,2025-07-09,2025-07-11,R10,Fleet A,1685,2,2,Y,604256
SHP-2025-01630,2025-07-09,2025-07-10,R03,Fleet A,3306,1,1,Y,265660
SHP-2025-01631,2025-07-09,2025-07-11,R10,Fleet A,1493,2,2,Y,513286
SHP-2025-01632,2025-07-09,2025-07-10,R07,Fleet A,1252,1,1,Y,203514
SHP-2025-01633,2025-07-09,2025-07-10,R06,Fleet B,3118,1,1,Y,201312
SHP-2025-01634,2025-07-09,2025-07-11,R04,Fleet B,1520,2,2,Y,527774
SHP-2025-01635,2025-07-10,2025-07-11,R03,Fleet B,1868,1,1,Y,154808
SHP-2025-01636,2025-07-10,2025-07-11,R05,Fleet A,50,1,1,Y,27719
SHP-2025-01637,2025-07-10,2025-07-11,R05,Fleet A,1973,1,1,Y,538843
SHP-2025-01638,2025-07-10,2025-07-11,R06,Fleet B,1143,1,1,Y,82776
SHP-2025-01639,2025-07-10,2025-07-11,R03,Fleet B,2921,1,1,Y,265435
SHP-2025-01640,2025-07-10,2025-07-14,R05,Partner Haulage,3102,1,4,N,923797
SHP-2025-01641,2025-07-10,2025-07-12,R10,Fleet A,1959,2,2,Y,644325
SHP-2025-01642,2025-07-10,2025-07-11,R07,Fleet A,1398,1,1,Y,207315
SHP-2025-01643,2025-07-10,2025-07-11,R08,Partner Haulage,2000,1,1,Y,510207
SHP-2025-01644,2025-07-10,2025-07-11,R07,Partner Haulage,1279,1,1,Y,218915
SHP-2025-01645,2025-07-10,2025-07-11,R08,Fleet B,50,1,1,Y,25777
SHP-2025-01646,2025-07-11,2025-07-12,R03,Fleet A,2060,1,1,Y,213294
SHP-2025-01647,2025-07-11,2025-07-12,R05,Fleet A,656,1,1,Y,192836
SHP-2025-01648,2025-07-11,2025-07-12,R03,Fleet A,854,1,1,Y,90184
SHP-2025-01649,2025-07-11,2025-07-12,R06,Fleet B,2678,1,1,Y,168958
SHP-2025-01650,2025-07-11,2025-07-12,R05,Fleet A,1611,1,1,Y,482265
SHP-2025-01651,2025-07-11,2025-07-12,R03,Fleet A,1892,1,1,Y,194301
SHP-2025-01652,2025-07-11,2025-07-12,R03,Fleet A,184,1,1,Y,31679
SHP-2025-01653,2025-07-11,2025-07-12,R06,Fleet B,1554,1,1,Y,105247
SHP-2025-01654,2025-07-14,2025-07-15,R06,Fleet A,1123,1,1,Y,74438
SHP-2025-01655,2025-07-14,2025-07-15,R08,Fleet A,931,1,1,Y,231467
SHP-2025-01656,2025-07-14,2025-07-15,R03,Fleet A,1544,1,1,Y,147130
SHP-2025-01657,2025-07-14,2025-07-15,R07,Partner Haulage,3108,1,1,Y,474245
SHP-2025-01658,2025-07-14,2025-07-16,R10,Fleet A,2323,2,2,Y,780197
SHP-2025-01659,2025-07-14,2025-07-15,R06,Fleet A,50,1,1,Y,17716
SHP-2025-01660,2025-07-14,2025-07-15,R07,Fleet A,2438,1,1,Y,379379
SHP-2025-01661,2025-07-14,2025-07-15,R06,Partner Haulage,1484,1,1,Y,102158
SHP-2025-01662,2025-07-14,2025-07-18,R02,Partner Haulage,1140,2,4,N,423950
SHP-2025-01663,2025-07-14,2025-07-18,R02,Fleet B,2829,2,4,N,1022706
SHP-2025-01664,2025-07-15,2025-07-18,R09,Fleet A,2203,3,3,Y,1524620
SHP-2025-01665,2025-07-15,2025-07-16,R07,Fleet B,3384,1,1,Y,511001
SHP-2025-01666,2025-07-15,2025-07-17,R04,Fleet A,750,2,2,Y,293298
SHP-2025-01667,2025-07-15,2025-07-17,R02,Partner Haulage,489,2,2,Y,171036
SHP-2025-01668,2025-07-15,2025-07-16,R03,Fleet A,3539,1,1,Y,326875
SHP-2025-01669,2025-07-15,2025-07-17,R01,Fleet A,2382,2,2,Y,1029444
SHP-2025-01670,2025-07-15,2025-07-16,R06,Fleet B,2680,1,1,Y,165898
SHP-2025-01671,2025-07-15,2025-07-17,R01,Fleet A,1664,2,2,Y,721680
SHP-2025-01672,2025-07-15,2025-07-16,R05,Fleet A,1814,1,1,Y,547852
SHP-2025-01673,2025-07-15,2025-07-16,R03,Fleet B,2057,1,1,Y,181670
SHP-2025-01674,2025-07-15,2025-07-19,R01,Fleet A,856,2,4,N,366154
SHP-2025-01675,2025-07-15,2025-07-16,R08,Fleet B,1197,1,1,Y,278817
SHP-2025-01676,2025-07-15,2025-07-16,R03,Fleet A,688,1,1,Y,69026
SHP-2025-01677,2025-07-15,2025-07-17,R04,Partner Haulage,1306,2,2,Y,462230
SHP-2025-01678,2025-07-16,2025-07-17,R03,Fleet A,962,1,1,Y,88813
SHP-2025-01679,2025-07-16,2025-07-19,R01,Partner Haulage,3040,2,3,N,1304267
SHP-2025-01680,2025-07-16,2025-07-18,R02,Fleet B,1377,2,2,Y,514599
SHP-2025-01681,2025-07-16,2025-07-17,R03,Fleet A,1564,1,1,Y,144843
SHP-2025-01682,2025-07-16,2025-07-17,R07,Fleet A,2047,1,1,Y,315002
SHP-2025-01683,2025-07-16,2025-07-17,R08,Fleet A,3039,1,1,Y,762309
SHP-2025-01684,2025-07-16,2025-07-18,R04,Fleet A,2747,2,2,Y,897144
SHP-2025-01685,2025-07-16,2025-07-17,R08,Partner Haulage,1390,1,1,Y,325342
SHP-2025-01686,2025-07-16,2025-07-18,R10,Fleet B,1361,2,2,Y,450018
SHP-2025-01687,2025-07-16,2025-07-17,R06,Partner Haulage,2266,1,1,Y,114672
SHP-2025-01688,2025-07-17,2025-07-18,R06,Fleet B,98,1,1,Y,20047
SHP-2025-01689,2025-07-17,2025-07-18,R07,Fleet B,829,1,1,Y,130820
SHP-2025-01690,2025-07-17,2025-07-18,R07,Fleet A,50,1,1,Y,22154
SHP-2025-01691,2025-07-17,2025-07-19,R04,Fleet A,50,2,2,Y,32247
SHP-2025-01692,2025-07-17,2025-07-19,R10,Fleet A,3249,2,2,Y,1128254
SHP-2025-01693,2025-07-17,2025-07-19,R02,Fleet B,1994,2,2,Y,684757
SHP-2025-01694,2025-07-17,2025-07-18,R06,Fleet B,202,1,1,Y,26752
SHP-2025-01695,2025-07-17,2025-07-18,R06,Fleet B,945,1,1,Y,68959
SHP-2025-01696,2025-07-17,2025-07-18,R08,Fleet A,2655,1,1,Y,561272
SHP-2025-01697,2025-07-17,2025-07-18,R03,Fleet A,1092,1,1,Y,99391
SHP-2025-01698,2025-07-17,2025-07-18,R08,Fleet B,1915,1,1,Y,447489
SHP-2025-01699,2025-07-17,2025-07-21,R06,Fleet B,2326,1,4,N,136638
SHP-2025-01700,2025-07-17,2025-07-18,R06,Fleet A,1615,1,1,Y,105883
SHP-2025-01701,2025-07-18,2025-07-23,R09,Fleet A,2370,3,5,N,1634537
SHP-2025-01702,2025-07-18,2025-07-21,R04,Partner Haulage,2606,2,3,N,941426
SHP-2025-01703,2025-07-18,2025-07-19,R05,Fleet A,1492,1,1,Y,427624
SHP-2025-01704,2025-07-18,2025-07-19,R03,Fleet A,2660,1,1,Y,248222
SHP-2025-01705,2025-07-18,2025-07-19,R03,Partner Haulage,1734,1,1,Y,161150
SHP-2025-01706,2025-07-18,2025-07-21,R09,Fleet B,2801,3,3,Y,1905571
SHP-2025-01707,2025-07-18,2025-07-19,R05,Fleet A,1549,1,1,Y,424399
SHP-2025-01708,2025-07-18,2025-07-19,R03,Fleet B,824,1,1,Y,86309
SHP-2025-01709,2025-07-18,2025-07-21,R10,Fleet A,2435,2,3,N,845823
SHP-2025-01710,2025-07-18,2025-07-19,R06,Fleet A,1560,1,1,Y,110648
SHP-2025-01711,2025-07-19,2025-07-21,R04,Partner Haulage,863,2,2,Y,349135
SHP-2025-01712,2025-07-19,2025-07-21,R01,Fleet B,1948,2,2,Y,899694
SHP-2025-01713,2025-07-19,2025-07-23,R09,Partner Haulage,2817,3,4,N,2012541
SHP-2025-01714,2025-07-19,2025-07-20,R03,Fleet A,3225,1,1,Y,320463
SHP-2025-01715,2025-07-19,2025-07-21,R10,Fleet B,1294,2,2,Y,474178
SHP-2025-01716,2025-07-19,2025-07-21,R01,Fleet A,2007,2,2,Y,892398
SHP-2025-01717,2025-07-19,2025-07-21,R04,Fleet B,558,2,2,Y,192739
SHP-2025-01718,2025-07-19,2025-07-20,R03,Fleet B,1069,1,1,Y,105649
SHP-2025-01719,2025-07-19,2025-07-21,R02,Fleet A,1666,2,2,Y,564633
SHP-2025-01720,2025-07-19,2025-07-21,R02,Fleet B,2097,2,2,Y,824950
SHP-2025-01721,2025-07-19,2025-07-20,R05,Partner Haulage,1382,1,1,Y,374014
SHP-2025-01722,2025-07-19,2025-07-20,R03,Fleet A,2830,1,1,Y,280629
SHP-2025-01723,2025-07-19,2025-07-21,R05,Fleet A,1373,1,2,N,360841
SHP-2025-01724,2025-07-21,2025-07-22,R03,Fleet B,2145,1,1,Y,193941
SHP-2025-01725,2025-07-21,2025-07-22,R08,Fleet B,2503,1,1,Y,533282
SHP-2025-01726,2025-07-21,2025-07-23,R01,Fleet A,892,2,2,Y,365153
SHP-2025-01727,2025-07-21,2025-07-22,R03,Fleet B,2542,1,1,Y,246748
SHP-2025-01728,2025-07-21,2025-07-22,R05,Fleet B,1825,1,1,Y,467107
SHP-2025-01729,2025-07-21,2025-07-22,R07,Partner Haulage,1244,1,1,Y,201939
SHP-2025-01730,2025-07-21,2025-07-23,R10,Fleet B,3302,2,2,Y,1084457
SHP-2025-01731,2025-07-21,2025-07-22,R06,Fleet A,2616,1,1,Y,159036
SHP-2025-01732,2025-07-21,2025-07-22,R05,Fleet A,1578,1,1,Y,411682
SHP-2025-01733,2025-07-22,2025-07-23,R07,Fleet B,403,1,1,Y,76939
SHP-2025-01734,2025-07-22,2025-07-23,R07,Fleet B,467,1,1,Y,89185
SHP-2025-01735,2025-07-22,2025-07-26,R02,Fleet A,1939,2,4,N,676453
SHP-2025-01736,2025-07-22,2025-07-23,R06,Fleet A,1558,1,1,Y,101179
SHP-2025-01737,2025-07-22,2025-07-26,R09,Fleet A,1992,3,4,N,1185814
SHP-2025-01738,2025-07-22,2025-07-24,R10,Fleet A,2770,2,2,Y,1038155
SHP-2025-01739,2025-07-22,2025-07-25,R09,Fleet B,2218,3,3,Y,1490038
SHP-2025-01740,2025-07-22,2025-07-24,R04,Fleet A,1185,2,2,Y,451646
SHP-2025-01741,2025-07-22,2025-07-25,R09,Fleet A,50,3,3,Y,44496
SHP-2025-01742,2025-07-22,2025-07-25,R09,Fleet B,2448,3,3,Y,1669171
SHP-2025-01743,2025-07-22,2025-07-24,R04,Partner Haulage,1380,2,2,Y,536330
SHP-2025-01744,2025-07-23,2025-07-24,R05,Fleet A,2927,1,1,Y,761899
SHP-2025-01745,2025-07-23,2025-07-26,R07,Fleet A,638,1,3,N,107658
SHP-2025-01746,2025-07-23,2025-07-27,R01,Fleet A,1571,2,4,N,634286
SHP-2025-01747,2025-07-23,2025-07-25,R04,Fleet A,796,2,2,Y,293914
SHP-2025-01748,2025-07-23,2025-07-24,R03,Fleet A,2346,1,1,Y,211920
SHP-2025-01749,2025-07-23,2025-07-26,R02,Partner Haulage,1763,2,3,N,654285
SHP-2025-01750,2025-07-23,2025-07-25,R10,Partner Haulage,2486,2,2,Y,855888
SHP-2025-01751,2025-07-23,2025-07-25,R02,Fleet A,1876,2,2,Y,672889
SHP-2025-01752,2025-07-24,2025-07-25,R06,Fleet B,50,1,1,Y,17956
SHP-2025-01753,2025-07-24,2025-07-28,R06,Fleet A,2350,1,4,N,145167
SHP-2025-01754,2025-07-24,2025-07-27,R04,Fleet A,766,2,3,N,291276
SHP-2025-01755,2025-07-24,2025-07-25,R03,Fleet A,2776,1,1,Y,274126
SHP-2025-01756,2025-07-24,2025-07-26,R10,Fleet A,2668,2,2,Y,980996
SHP-2025-01757,2025-07-24,2025-07-25,R06,Fleet A,1569,1,1,Y,105368
SHP-2025-01758,2025-07-24,2025-07-26,R10,Fleet B,1304,2,2,Y,419387
SHP-2025-01759,2025-07-24,2025-07-29,R09,Fleet B,2339,3,5,N,1690112
SHP-2025-01760,2025-07-24,2025-07-25,R07,Partner Haulage,1221,1,1,Y,187255
SHP-2025-01761,2025-07-24,2025-07-25,R05,Fleet B,1156,1,1,Y,338639
SHP-2025-01762,2025-07-24,2025-07-25,R03,Fleet A,301,1,1,Y,39902
SHP-2025-01763,2025-07-24,2025-07-25,R07,Fleet B,2273,1,1,Y,349741
SHP-2025-01764,2025-07-25,2025-07-26,R06,Fleet B,3076,1,1,Y,167187
SHP-2025-01765,2025-07-25,2025-07-27,R04,Fleet A,1308,2,2,Y,514651
SHP-2025-01766,2025-07-25,2025-07-27,R10,Fleet B,2411,2,2,Y,819946
SHP-2025-01767,2025-07-25,2025-07-26,R08,Fleet A,1399,1,1,Y,310055
SHP-2025-01768,2025-07-25,2025-07-26,R03,Fleet A,158,1,1,Y,28873
SHP-2025-01769,2025-07-25,2025-07-27,R10,Fleet B,1785,2,2,Y,603105
SHP-2025-01770,2025-07-27,2025-07-29,R10,Fleet B,1085,2,2,Y,321458
SHP-2025-01771,2025-07-27,2025-07-28,R06,Fleet B,2583,1,1,Y,171128
SHP-2025-01772,2025-07-27,2025-07-28,R06,Fleet B,2131,1,1,Y,144727
SHP-2025-01773,2025-07-27,2025-07-29,R01,Fleet A,2479,2,2,Y,932389
SHP-2025-01774,2025-07-27,2025-07-28,R05,Fleet A,50,1,1,Y,30473
SHP-2025-01775,2025-07-27,2025-07-28,R05,Partner Haulage,2281,1,1,Y,609418
SHP-2025-01776,2025-07-27,2025-07-28,R05,Fleet A,1133,1,1,Y,354265
SHP-2025-01777,2025-07-27,2025-07-28,R05,Fleet A,2050,1,1,Y,555344
SHP-2025-01778,2025-07-27,2025-07-28,R08,Partner Haulage,1458,1,1,Y,373325
SHP-2025-01779,2025-07-27,2025-07-29,R02,Fleet B,1748,2,2,Y,671963
SHP-2025-01780,2025-07-27,2025-07-30,R04,Fleet B,2095,2,3,N,799245
SHP-2025-01781,2025-07-27,2025-07-29,R04,Partner Haulage,683,2,2,Y,264632
SHP-2025-01782,2025-07-28,2025-07-29,R03,Fleet A,1975,1,1,Y,200511
SHP-2025-01783,2025-07-28,2025-07-29,R03,Fleet A,1342,1,1,Y,127673
SHP-2025-01784,2025-07-28,2025-07-29,R06,Partner Haulage,850,1,1,Y,65076
SHP-2025-01785,2025-07-28,2025-07-30,R02,Fleet A,2292,2,2,Y,846468
SHP-2025-01786,2025-07-28,2025-07-30,R02,Fleet A,747,2,2,Y,275661
SHP-2025-01787,2025-07-28,2025-07-29,R07,Partner Haulage,3915,1,1,Y,581815
SHP-2025-01788,2025-07-28,2025-07-30,R10,Fleet B,2258,2,2,Y,738817
SHP-2025-01789,2025-07-28,2025-07-30,R02,Partner Haulage,1881,2,2,Y,665958
SHP-2025-01790,2025-07-28,2025-07-29,R05,Fleet B,2616,1,1,Y,672269
SHP-2025-01791,2025-07-28,2025-07-29,R06,Fleet A,3441,1,1,Y,213808
SHP-2025-01792,2025-07-28,2025-07-30,R10,Partner Haulage,2875,2,2,Y,961844
SHP-2025-01793,2025-07-29,2025-07-31,R04,Fleet A,1352,2,2,Y,461399
SHP-2025-01794,2025-07-29,2025-07-30,R05,Fleet A,569,1,1,Y,163050
SHP-2025-01795,2025-07-29,2025-07-30,R07,Fleet A,2766,1,1,Y,408828
SHP-2025-01796,2025-07-29,2025-07-31,R01,Fleet B,2695,2,2,Y,1129477
SHP-2025-01797,2025-07-29,2025-07-31,R04,Fleet A,3420,2,2,Y,1212712
SHP-2025-01798,2025-07-29,2025-07-30,R05,Partner Haulage,1275,1,1,Y,326775
SHP-2025-01799,2025-07-29,2025-07-30,R08,Fleet B,1324,1,1,Y,322687
SHP-2025-01800,2025-07-29,2025-07-31,R01,Fleet A,3889,2,2,Y,1401408
SHP-2025-01801,2025-07-29,2025-07-30,R05,Partner Haulage,1501,1,1,Y,402642
SHP-2025-01802,2025-07-29,2025-07-31,R01,Fleet B,1969,2,2,Y,877480
SHP-2025-01803,2025-07-29,2025-07-31,R01,Fleet A,2187,2,2,Y,869672
SHP-2025-01804,2025-07-29,2025-07-30,R06,Fleet A,3584,1,1,Y,198818
SHP-2025-01805,2025-07-29,2025-08-01,R07,Fleet B,2855,1,3,N,396362
SHP-2025-01806,2025-07-29,2025-08-04,R09,Fleet B,1945,3,6,N,1163565
SHP-2025-01807,2025-07-30,2025-07-31,R03,Fleet A,1691,1,1,Y,170962
SHP-2025-01808,2025-07-30,2025-07-31,R05,Fleet A,962,1,1,Y,279583
SHP-2025-01809,2025-07-30,2025-08-01,R10,Fleet A,252,2,2,Y,93125
SHP-2025-01810,2025-07-30,2025-07-31,R03,Partner Haulage,2769,1,1,Y,261829
SHP-2025-01811,2025-07-30,2025-08-01,R01,Partner Haulage,2384,2,2,Y,910746
SHP-2025-01812,2025-07-30,2025-08-01,R01,Fleet B,2194,2,2,Y,1054824
SHP-2025-01813,2025-07-30,2025-08-05,R09,Fleet B,2388,3,6,N,1638782
SHP-2025-01814,2025-07-30,2025-08-01,R01,Fleet A,1376,2,2,Y,636013
SHP-2025-01815,2025-07-30,2025-07-31,R03,Fleet B,377,1,1,Y,46972
SHP-2025-01816,2025-07-30,2025-07-31,R03,Partner Haulage,89,1,1,Y,22602
SHP-2025-01817,2025-07-30,2025-08-01,R10,Fleet A,2492,2,2,Y,848365
SHP-2025-01818,2025-07-30,2025-08-01,R04,Fleet B,2867,2,2,Y,969291
SHP-2025-01819,2025-07-30,2025-07-31,R06,Fleet A,797,1,1,Y,56796
SHP-2025-01820,2025-07-30,2025-07-31,R03,Fleet A,2163,1,1,Y,188789
SHP-2025-01821,2025-07-30,2025-07-31,R06,Fleet A,4281,1,1,Y,269919
SHP-2025-01822,2025-07-31,2025-08-01,R06,Fleet B,1236,1,1,Y,89250
SHP-2025-01823,2025-07-31,2025-08-02,R01,Partner Haulage,2908,2,2,Y,1256812
SHP-2025-01824,2025-07-31,2025-08-02,R01,Fleet B,2796,2,2,Y,1065456
SHP-2025-01825,2025-07-31,2025-08-02,R01,Fleet A,2186,2,2,Y,920701
SHP-2025-01826,2025-07-31,2025-08-01,R08,Partner Haulage,3142,1,1,Y,821842
SHP-2025-01827,2025-07-31,2025-08-01,R08,Partner Haulage,4541,1,1,Y,1046725
SHP-2025-01828,2025-07-31,2025-08-02,R10,Fleet B,2401,2,2,Y,837501
SHP-2025-01829,2025-07-31,2025-08-03,R04,Fleet A,1914,2,3,N,687967
SHP-2025-01830,2025-07-31,2025-08-01,R07,Fleet A,2085,1,1,Y,340187
SHP-2025-01831,2025-08-01,2025-08-02,R05,Fleet A,4169,1,1,Y,989192
SHP-2025-01832,2025-08-01,2025-08-02,R03,Fleet A,1359,1,1,Y,134264
SHP-2025-01833,2025-08-01,2025-08-02,R08,Fleet B,3345,1,1,Y,823129
SHP-2025-01834,2025-08-01,2025-08-02,R06,Fleet B,835,1,1,Y,62835
SHP-2025-01835,2025-08-01,2025-08-04,R09,Fleet B,3968,3,3,Y,2505485
SHP-2025-01836,2025-08-01,2025-08-05,R03,Partner Haulage,50,1,4,N,19133
SHP-2025-01837,2025-08-01,2025-08-02,R08,Fleet B,1707,1,1,Y,423706
SHP-2025-01838,2025-08-01,2025-08-03,R02,Partner Haulage,2175,2,2,Y,816047
SHP-2025-01839,2025-08-01,2025-08-03,R10,Partner Haulage,2052,2,2,Y,642632
SHP-2025-01840,2025-08-01,2025-08-03,R10,Fleet A,2108,2,2,Y,751678
SHP-2025-01841,2025-08-01,2025-08-03,R10,Partner Haulage,2160,2,2,Y,755467
SHP-2025-01842,2025-08-01,2025-08-04,R09,Partner Haulage,2369,3,3,Y,1597132
SHP-2025-01843,2025-08-01,2025-08-03,R01,Fleet A,2759,2,2,Y,1152076
SHP-2025-01844,2025-08-01,2025-08-02,R08,Fleet B,2362,1,1,Y,527601
SHP-2025-01845,2025-08-01,2025-08-04,R09,Fleet B,2224,3,3,Y,1366977
SHP-2025-01846,2025-08-02,2025-08-07,R09,Fleet A,1790,3,5,N,1209891
SHP-2025-01847,2025-08-02,2025-08-04,R01,Fleet B,1384,2,2,Y,621057
SHP-2025-01848,2025-08-02,2025-08-05,R09,Partner Haulage,1326,3,3,Y,902387
SHP-2025-01849,2025-08-02,2025-08-03,R06,Fleet A,287,1,1,Y,30367
SHP-2025-01850,2025-08-02,2025-08-03,R03,Fleet A,870,1,1,Y,95281
SHP-2025-01851,2025-08-02,2025-08-06,R02,Fleet B,1583,2,4,N,591918
SHP-2025-01852,2025-08-02,2025-08-03,R03,Fleet B,2022,1,1,Y,207099
SHP-2025-01853,2025-08-02,2025-08-03,R06,Fleet A,2730,1,1,Y,146098
SHP-2025-01854,2025-08-02,2025-08-04,R10,Partner Haulage,281,2,2,Y,117151
SHP-2025-01855,2025-08-02,2025-08-04,R10,Fleet A,2264,2,2,Y,787796
SHP-2025-01856,2025-08-03,2025-08-04,R06,Fleet B,2734,1,1,Y,168456
SHP-2025-01857,2025-08-03,2025-08-05,R02,Fleet A,3235,2,2,Y,1061642
SHP-2025-01858,2025-08-03,2025-08-04,R07,Fleet B,3274,1,1,Y,447056
SHP-2025-01859,2025-08-03,2025-08-05,R04,Partner Haulage,1735,2,2,Y,603441
SHP-2025-01860,2025-08-03,2025-08-04,R03,Fleet A,481,1,1,Y,56141
SHP-2025-01861,2025-08-03,2025-08-05,R01,Fleet B,1539,2,2,Y,683809
SHP-2025-01862,2025-08-03,2025-08-08,R02,Partner Haulage,2762,2,5,N,1006756
SHP-2025-01863,2025-08-03,2025-08-05,R01,Partner Haulage,3204,2,2,Y,1395680
SHP-2025-01864,2025-08-03,2025-08-05,R10,Fleet B,3382,2,2,Y,1060510
SHP-2025-01865,2025-08-03,2025-08-04,R03,Fleet A,1710,1,1,Y,167457
SHP-2025-01866,2025-08-03,2025-08-04,R08,Partner Haulage,140,1,1,Y,48293
SHP-2025-01867,2025-08-03,2025-08-05,R04,Fleet A,2485,2,2,Y,918170
SHP-2025-01868,2025-08-04,2025-08-08,R04,Fleet A,1504,2,4,N,499046
SHP-2025-01869,2025-08-04,2025-08-06,R02,Fleet A,1245,2,2,Y,498874
SHP-2025-01870,2025-08-04,2025-08-05,R03,Fleet A,1432,1,1,Y,134667
SHP-2025-01871,2025-08-04,2025-08-05,R06,Partner Haulage,50,1,1,Y,17771
SHP-2025-01872,2025-08-04,2025-08-08,R01,Fleet A,2348,2,4,N,914924
SHP-2025-01873,2025-08-04,2025-08-06,R01,Fleet A,3506,2,2,Y,1349063
SHP-2025-01874,2025-08-04,2025-08-06,R10,Fleet B,2704,2,2,Y,839369
SHP-2025-01875,2025-08-04,2025-08-05,R06,Fleet A,2289,1,1,Y,139367
SHP-2025-01876,2025-08-04,2025-08-05,R06,Fleet A,1260,1,1,Y,85621
SHP-2025-01877,2025-08-04,2025-08-06,R02,Fleet A,2322,2,2,Y,948907
SHP-2025-01878,2025-08-04,2025-08-06,R01,Fleet A,1324,2,2,Y,644575
SHP-2025-01879,2025-08-04,2025-08-07,R02,Fleet A,404,2,3,N,151880
SHP-2025-01880,2025-08-05,2025-08-07,R10,Fleet A,2538,2,2,Y,857272
SHP-2025-01881,2025-08-05,2025-08-06,R08,Fleet A,1861,1,1,Y,411057
SHP-2025-01882,2025-08-05,2025-08-06,R05,Fleet A,2852,1,1,Y,733963
SHP-2025-01883,2025-08-05,2025-08-06,R08,Fleet A,2102,1,1,Y,493822
SHP-2025-01884,2025-08-05,2025-08-07,R01,Partner Haulage,885,2,2,Y,365510
SHP-2025-01885,2025-08-05,2025-08-06,R03,Fleet A,2473,1,1,Y,227141
SHP-2025-01886,2025-08-05,2025-08-08,R09,Fleet A,2249,3,3,Y,1427227
SHP-2025-01887,2025-08-05,2025-08-06,R07,Partner Haulage,2112,1,1,Y,320485
SHP-2025-01888,2025-08-05,2025-08-07,R02,Fleet A,2558,2,2,Y,828766
SHP-2025-01889,2025-08-06,2025-08-08,R02,Partner Haulage,1678,2,2,Y,584535
SHP-2025-01890,2025-08-06,2025-08-07,R05,Fleet B,50,1,1,Y,28345
SHP-2025-01891,2025-08-06,2025-08-07,R06,Fleet A,1105,1,1,Y,82368
SHP-2025-01892,2025-08-06,2025-08-08,R10,Fleet B,2855,2,2,Y,1001220
SHP-2025-01893,2025-08-06,2025-08-09,R04,Fleet B,917,2,3,N,338993
SHP-2025-01894,2025-08-06,2025-08-07,R06,Fleet A,1202,1,1,Y,83171
SHP-2025-01895,2025-08-06,2025-08-07,R03,Fleet A,50,1,1,Y,19453
SHP-2025-01896,2025-08-06,2025-08-08,R10,Partner Haulage,1956,2,2,Y,710726
SHP-2025-01897,2025-08-06,2025-08-07,R03,Partner Haulage,1772,1,1,Y,185291
SHP-2025-01898,2025-08-06,2025-08-07,R07,Fleet A,1578,1,1,Y,243730
SHP-2025-01899,2025-08-07,2025-08-08,R08,Fleet B,1024,1,1,Y,263574
SHP-2025-01900,2025-08-07,2025-08-08,R07,Fleet A,1962,1,1,Y,299287
SHP-2025-01901,2025-08-07,2025-08-08,R03,Fleet B,1073,1,1,Y,109314
SHP-2025-01902,2025-08-07,2025-08-09,R10,Fleet B,1725,2,2,Y,646182
SHP-2025-01903,2025-08-07,2025-08-09,R04,Fleet A,1611,2,2,Y,605859
SHP-2025-01904,2025-08-07,2025-08-08,R07,Fleet B,2410,1,1,Y,356423
SHP-2025-01905,2025-08-07,2025-08-08,R07,Fleet A,1450,1,1,Y,233113
SHP-2025-01906,2025-08-07,2025-08-08,R07,Partner Haulage,2173,1,1,Y,350128
SHP-2025-01907,2025-08-07,2025-08-08,R06,Partner Haulage,3709,1,1,Y,210158
SHP-2025-01908,2025-08-08,2025-08-10,R01,Fleet A,1755,2,2,Y,767419
SHP-2025-01909,2025-08-08,2025-08-09,R03,Fleet A,1004,1,1,Y,105465
SHP-2025-01910,2025-08-08,2025-08-09,R06,Fleet A,1713,1,1,Y,101174
SHP-2025-01911,2025-08-08,2025-08-09,R07,Fleet A,1707,1,1,Y,233313
SHP-2025-01912,2025-08-08,2025-08-10,R02,Fleet B,3696,2,2,Y,1196497
SHP-2025-01913,2025-08-08,2025-08-10,R02,Fleet A,2307,2,2,Y,813580
SHP-2025-01914,2025-08-08,2025-08-09,R06,Fleet A,2648,1,1,Y,175199
SHP-2025-01915,2025-08-08,2025-08-09,R05,Partner Haulage,1655,1,1,Y,469545
SHP-2025-01916,2025-08-08,2025-08-09,R07,Partner Haulage,2488,1,1,Y,384911
SHP-2025-01917,2025-08-08,2025-08-10,R04,Fleet B,1635,2,2,Y,585343
SHP-2025-01918,2025-08-08,2025-08-09,R06,Fleet B,3269,1,1,Y,200133
SHP-2025-01919,2025-08-08,2025-08-09,R07,Fleet A,740,1,1,Y,111522
SHP-2025-01920,2025-08-08,2025-08-09,R03,Fleet A,2315,1,1,Y,208116
SHP-2025-01921,2025-08-10,2025-08-11,R05,Fleet B,2270,1,1,Y,603275
SHP-2025-01922,2025-08-10,2025-08-12,R10,Fleet A,1255,2,2,Y,445445
SHP-2025-01923,2025-08-10,2025-08-13,R06,Partner Haulage,700,1,3,N,53158
SHP-2025-01924,2025-08-10,2025-08-11,R03,Fleet A,1660,1,1,Y,152363
SHP-2025-01925,2025-08-10,2025-08-11,R08,Fleet A,2987,1,1,Y,677714
SHP-2025-01926,2025-08-10,2025-08-11,R03,Fleet B,1969,1,1,Y,190974
SHP-2025-01927,2025-08-10,2025-08-11,R08,Fleet B,884,1,1,Y,195580
SHP-2025-01928,2025-08-10,2025-08-12,R04,Fleet B,2412,2,2,Y,909965
SHP-2025-01929,2025-08-10,2025-08-11,R07,Partner Haulage,1879,1,1,Y,284424
SHP-2025-01930,2025-08-10,2025-08-12,R01,Fleet A,1836,2,2,Y,772725
SHP-2025-01931,2025-08-10,2025-08-14,R01,Fleet A,3675,2,4,N,1730916
SHP-2025-01932,2025-08-10,2025-08-12,R04,Fleet A,2258,2,2,Y,756096
SHP-2025-01933,2025-08-10,2025-08-11,R06,Fleet A,2809,1,1,Y,176102
SHP-2025-01934,2025-08-10,2025-08-12,R10,Partner Haulage,2918,2,2,Y,1038810
SHP-2025-01935,2025-08-11,2025-08-14,R09,Fleet A,597,3,3,Y,364127
SHP-2025-01936,2025-08-11,2025-08-12,R05,Fleet B,2144,1,1,Y,601226
SHP-2025-01937,2025-08-11,2025-08-13,R10,Fleet A,2488,2,2,Y,810998
SHP-2025-01938,2025-08-11,2025-08-13,R04,Fleet A,2121,2,2,Y,808540
SHP-2025-01939,2025-08-11,2025-08-12,R08,Fleet A,2731,1,1,Y,562643
SHP-2025-01940,2025-08-11,2025-08-12,R08,Fleet B,1406,1,1,Y,358368
SHP-2025-01941,2025-08-11,2025-08-12,R05,Partner Haulage,2815,1,1,Y,703278
SHP-2025-01942,2025-08-11,2025-08-13,R02,Fleet B,1217,2,2,Y,408143
SHP-2025-01943,2025-08-11,2025-08-12,R08,Fleet B,1539,1,1,Y,394755
SHP-2025-01944,2025-08-11,2025-08-12,R08,Partner Haulage,2151,1,1,Y,439995
SHP-2025-01945,2025-08-11,2025-08-12,R03,Fleet B,2481,1,1,Y,235460
SHP-2025-01946,2025-08-11,2025-08-14,R04,Fleet A,1758,2,3,N,625199
SHP-2025-01947,2025-08-11,2025-08-13,R01,Partner Haulage,919,2,2,Y,401400
SHP-2025-01948,2025-08-11,2025-08-12,R05,Fleet A,1551,1,1,Y,456405
SHP-2025-01949,2025-08-12,2025-08-13,R07,Fleet A,558,1,1,Y,89522
SHP-2025-01950,2025-08-12,2025-08-17,R02,Fleet A,981,2,5,N,301141
SHP-2025-01951,2025-08-12,2025-08-13,R08,Partner Haulage,3672,1,1,Y,865291
SHP-2025-01952,2025-08-12,2025-08-14,R10,Fleet B,1351,2,2,Y,431235
SHP-2025-01953,2025-08-12,2025-08-14,R10,Fleet B,1435,2,2,Y,472722
SHP-2025-01954,2025-08-12,2025-08-13,R03,Fleet A,943,1,1,Y,98568
SHP-2025-01955,2025-08-12,2025-08-15,R09,Fleet A,705,3,3,Y,471985
SHP-2025-01956,2025-08-12,2025-08-13,R07,Fleet B,992,1,1,Y,157808
SHP-2025-01957,2025-08-12,2025-08-13,R07,Partner Haulage,1030,1,1,Y,165001
SHP-2025-01958,2025-08-12,2025-08-14,R05,Fleet B,2411,1,2,N,651472
SHP-2025-01959,2025-08-13,2025-08-14,R07,Partner Haulage,1400,1,1,Y,195336
SHP-2025-01960,2025-08-13,2025-08-14,R06,Fleet B,50,1,1,Y,17646
SHP-2025-01961,2025-08-13,2025-08-14,R07,Partner Haulage,2285,1,1,Y,356066
SHP-2025-01962,2025-08-13,2025-08-14,R06,Fleet A,759,1,1,Y,60444
SHP-2025-01963,2025-08-13,2025-08-14,R05,Fleet B,2523,1,1,Y,746299
SHP-2025-01964,2025-08-13,2025-08-15,R10,Fleet B,1948,2,2,Y,645795
SHP-2025-01965,2025-08-13,2025-08-14,R06,Partner Haulage,2105,1,1,Y,144413
SHP-2025-01966,2025-08-13,2025-08-14,R03,Partner Haulage,2618,1,1,Y,242486
SHP-2025-01967,2025-08-14,2025-08-16,R06,Fleet A,2571,1,2,N,173822
SHP-2025-01968,2025-08-14,2025-08-17,R01,Partner Haulage,1110,2,3,N,499558
SHP-2025-01969,2025-08-14,2025-08-15,R07,Fleet A,2483,1,1,Y,385285
SHP-2025-01970,2025-08-14,2025-08-18,R01,Partner Haulage,2907,2,4,N,1204533
SHP-2025-01971,2025-08-14,2025-08-15,R06,Partner Haulage,2508,1,1,Y,174005
SHP-2025-01972,2025-08-14,2025-08-16,R02,Partner Haulage,1328,2,2,Y,504634
SHP-2025-01973,2025-08-14,2025-08-16,R02,Fleet A,1148,2,2,Y,445975
SHP-2025-01974,2025-08-14,2025-08-16,R02,Fleet A,1532,2,2,Y,534583
SHP-2025-01975,2025-08-14,2025-08-15,R08,Partner Haulage,1406,1,1,Y,327380
SHP-2025-01976,2025-08-14,2025-08-15,R03,Fleet B,1429,1,1,Y,149323
SHP-2025-01977,2025-08-14,2025-08-16,R01,Fleet A,1166,2,2,Y,534242
SHP-2025-01978,2025-08-14,2025-08-16,R02,Fleet A,943,2,2,Y,323521
SHP-2025-01979,2025-08-14,2025-08-16,R10,Partner Haulage,1812,2,2,Y,620279
SHP-2025-01980,2025-08-15,2025-08-16,R06,Fleet A,2116,1,1,Y,136431
SHP-2025-01981,2025-08-15,2025-08-19,R04,Partner Haulage,2762,2,4,N,983504
SHP-2025-01982,2025-08-15,2025-08-16,R08,Partner Haulage,50,1,1,Y,25782
SHP-2025-01983,2025-08-15,2025-08-20,R04,Fleet B,2475,2,5,N,870276
SHP-2025-01984,2025-08-15,2025-08-16,R05,Fleet A,943,1,1,Y,290570
SHP-2025-01985,2025-08-15,2025-08-17,R01,Partner Haulage,1526,2,2,Y,606214
SHP-2025-01986,2025-08-15,2025-08-17,R01,Fleet A,2212,2,2,Y,885233
SHP-2025-01987,2025-08-15,2025-08-16,R06,Fleet A,1669,1,1,Y,130678
SHP-2025-01988,2025-08-15,2025-08-17,R10,Partner Haulage,287,2,2,Y,106174
SHP-2025-01989,2025-08-18,2025-08-19,R05,Fleet B,3146,1,1,Y,764218
SHP-2025-01990,2025-08-18,2025-08-19,R03,Partner Haulage,1046,1,1,Y,109180
SHP-2025-01991,2025-08-18,2025-08-22,R01,Partner Haulage,1408,2,4,N,555452
SHP-2025-01992,2025-08-18,2025-08-19,R03,Fleet B,2602,1,1,Y,253595
SHP-2025-01993,2025-08-18,2025-08-20,R10,Partner Haulage,1962,2,2,Y,661070
SHP-2025-01994,2025-08-18,2025-08-20,R01,Fleet A,1453,2,2,Y,617098
SHP-2025-01995,2025-08-18,2025-08-19,R03,Fleet B,2315,1,1,Y,203274
SHP-2025-01996,2025-08-18,2025-08-19,R05,Fleet A,1988,1,1,Y,537374
SHP-2025-01997,2025-08-18,2025-08-20,R01,Fleet A,2456,2,2,Y,1030854
SHP-2025-01998,2025-08-18,2025-08-21,R09,Fleet A,1524,3,3,Y,1075565
SHP-2025-01999,2025-08-18,2025-08-21,R03,Partner Haulage,2897,1,3,N,270794
SHP-2025-02000,2025-08-18,2025-08-19,R05,Fleet A,1754,1,1,Y,544004
SHP-2025-02001,2025-08-19,2025-08-20,R07,Partner Haulage,749,1,1,Y,123451
SHP-2025-02002,2025-08-19,2025-08-21,R01,Fleet B,300,2,2,Y,147697
SHP-2025-02003,2025-08-19,2025-08-20,R03,Partner Haulage,124,1,1,Y,26393
SHP-2025-02004,2025-08-19,2025-08-21,R04,Fleet B,1773,2,2,Y,657765
SHP-2025-02005,2025-08-19,2025-08-21,R07,Fleet A,1925,1,2,N,297678
SHP-2025-02006,2025-08-19,2025-08-22,R01,Fleet B,281,2,3,N,119901
SHP-2025-02007,2025-08-19,2025-08-21,R05,Fleet A,3984,1,2,N,1106946
SHP-2025-02008,2025-08-19,2025-08-20,R06,Fleet B,422,1,1,Y,37109
SHP-2025-02009,2025-08-20,2025-08-22,R01,Fleet A,50,2,2,Y,37313
SHP-2025-02010,2025-08-20,2025-08-21,R08,Partner Haulage,175,1,1,Y,53424
SHP-2025-02011,2025-08-20,2025-08-21,R03,Fleet A,1008,1,1,Y,95410
SHP-2025-02012,2025-08-20,2025-08-21,R06,Fleet A,2636,1,1,Y,164276
SHP-2025-02013,2025-08-20,2025-08-21,R06,Fleet A,1117,1,1,Y,79416
SHP-2025-02014,2025-08-20,2025-08-21,R06,Fleet A,451,1,1,Y,38225
SHP-2025-02015,2025-08-20,2025-08-22,R02,Fleet B,1714,2,2,Y,628695
SHP-2025-02016,2025-08-20,2025-08-22,R10,Fleet A,1349,2,2,Y,445391
SHP-2025-02017,2025-08-20,2025-08-25,R01,Fleet A,635,2,5,N,305296
SHP-2025-02018,2025-08-20,2025-08-21,R05,Fleet A,2146,1,1,Y,559343
SHP-2025-02019,2025-08-20,2025-08-21,R08,Fleet B,2155,1,1,Y,522175
SHP-2025-02020,2025-08-21,2025-08-23,R10,Fleet A,739,2,2,Y,261249
SHP-2025-02021,2025-08-21,2025-08-22,R08,Fleet A,2107,1,1,Y,467581
SHP-2025-02022,2025-08-21,2025-08-22,R06,Fleet B,289,1,1,Y,33091
SHP-2025-02023,2025-08-21,2025-08-24,R09,Partner Haulage,4270,3,3,Y,2764699
SHP-2025-02024,2025-08-21,2025-08-26,R01,Fleet A,2192,2,5,N,913404
SHP-2025-02025,2025-08-21,2025-08-23,R01,Fleet A,248,2,2,Y,116767
SHP-2025-02026,2025-08-21,2025-08-23,R02,Partner Haulage,1335,2,2,Y,476335
SHP-2025-02027,2025-08-21,2025-08-24,R09,Fleet A,2921,3,3,Y,1882694
SHP-2025-02028,2025-08-21,2025-08-22,R03,Partner Haulage,1490,1,1,Y,159309
SHP-2025-02029,2025-08-22,2025-08-27,R02,Partner Haulage,641,2,5,N,229560
SHP-2025-02030,2025-08-22,2025-08-27,R02,Fleet B,756,2,5,N,272950
SHP-2025-02031,2025-08-22,2025-08-25,R02,Fleet B,1930,2,3,N,746047
SHP-2025-02032,2025-08-22,2025-08-23,R07,Fleet A,2098,1,1,Y,333830
SHP-2025-02033,2025-08-22,2025-08-24,R04,Fleet B,3445,2,2,Y,1264163
SHP-2025-02034,2025-08-22,2025-08-23,R06,Fleet A,1331,1,1,Y,89043
SHP-2025-02035,2025-08-23,2025-08-24,R08,Fleet B,3289,1,1,Y,698080
SHP-2025-02036,2025-08-23,2025-08-25,R07,Partner Haulage,1762,1,2,N,285719
SHP-2025-02037,2025-08-23,2025-08-24,R06,Partner Haulage,2747,1,1,Y,167316
SHP-2025-02038,2025-08-23,2025-08-24,R03,Fleet B,1260,1,1,Y,125255
SHP-2025-02039,2025-08-23,2025-08-24,R05,Fleet B,533,1,1,Y,158686
SHP-2025-02040,2025-08-23,2025-08-25,R01,Fleet A,2258,2,2,Y,935565
SHP-2025-02041,2025-08-23,2025-08-26,R02,Fleet A,1873,2,3,N,756688
SHP-2025-02042,2025-08-23,2025-08-25,R01,Fleet A,1599,2,2,Y,684282
SHP-2025-02043,2025-08-23,2025-08-24,R08,Partner Haulage,1154,1,1,Y,306415
SHP-2025-02044,2025-08-23,2025-08-24,R03,Fleet A,2394,1,1,Y,234935
SHP-2025-02045,2025-08-23,2025-08-25,R01,Fleet B,2924,2,2,Y,1167669
SHP-2025-02046,2025-08-25,2025-08-28,R06,Fleet A,1820,1,3,N,116558
SHP-2025-02047,2025-08-25,2025-08-27,R10,Fleet B,1309,2,2,Y,443947
SHP-2025-02048,2025-08-25,2025-08-27,R02,Fleet A,2706,2,2,Y,960423
SHP-2025-02049,2025-08-25,2025-08-26,R06,Partner Haulage,1482,1,1,Y,107474
SHP-2025-02050,2025-08-25,2025-08-27,R10,Fleet A,1570,2,2,Y,494094
SHP-2025-02051,2025-08-25,2025-08-26,R03,Fleet A,1413,1,1,Y,145839
SHP-2025-02052,2025-08-25,2025-08-27,R10,Fleet A,762,2,2,Y,290965
SHP-2025-02053,2025-08-25,2025-08-26,R03,Fleet A,955,1,1,Y,98389
SHP-2025-02054,2025-08-25,2025-08-26,R05,Fleet A,2506,1,1,Y,711779
SHP-2025-02055,2025-08-25,2025-08-26,R03,Fleet B,1277,1,1,Y,115703
SHP-2025-02056,2025-08-26,2025-08-28,R02,Fleet A,676,2,2,Y,236128
SHP-2025-02057,2025-08-26,2025-08-27,R08,Partner Haulage,1712,1,1,Y,376345
SHP-2025-02058,2025-08-26,2025-08-27,R06,Fleet A,1600,1,1,Y,98743
SHP-2025-02059,2025-08-26,2025-08-28,R10,Fleet B,1412,2,2,Y,518889
SHP-2025-02060,2025-08-26,2025-08-28,R04,Partner Haulage,2629,2,2,Y,837456
SHP-2025-02061,2025-08-26,2025-08-28,R04,Partner Haulage,712,2,2,Y,232767
SHP-2025-02062,2025-08-26,2025-08-29,R01,Fleet A,2699,2,3,N,1160440
SHP-2025-02063,2025-08-26,2025-08-28,R04,Fleet A,2286,2,2,Y,862298
SHP-2025-02064,2025-08-26,2025-08-28,R10,Fleet A,1756,2,2,Y,652783
SHP-2025-02065,2025-08-26,2025-08-28,R01,Partner Haulage,1573,2,2,Y,632216
SHP-2025-02066,2025-08-26,2025-08-28,R02,Fleet B,1460,2,2,Y,544562
SHP-2025-02067,2025-08-27,2025-08-28,R07,Fleet A,3500,1,1,Y,562878
SHP-2025-02068,2025-08-27,2025-08-29,R10,Fleet A,1582,2,2,Y,513291
SHP-2025-02069,2025-08-27,2025-08-28,R06,Fleet A,2031,1,1,Y,140326
SHP-2025-02070,2025-08-27,2025-08-28,R07,Partner Haulage,341,1,1,Y,63445
SHP-2025-02071,2025-08-27,2025-08-28,R06,Fleet A,859,1,1,Y,65651
SHP-2025-02072,2025-08-27,2025-08-28,R07,Fleet A,625,1,1,Y,114670
SHP-2025-02073,2025-08-27,2025-08-31,R02,Partner Haulage,50,2,4,N,31133
SHP-2025-02074,2025-08-27,2025-08-31,R02,Partner Haulage,1531,2,4,N,537948
SHP-2025-02075,2025-08-27,2025-08-29,R01,Fleet B,2795,2,2,Y,1131291
SHP-2025-02076,2025-08-27,2025-08-28,R03,Fleet A,1829,1,1,Y,167387
SHP-2025-02077,2025-08-28,2025-08-30,R04,Partner Haulage,2141,2,2,Y,844965
SHP-2025-02078,2025-08-28,2025-08-29,R08,Fleet A,1294,1,1,Y,314440
SHP-2025-02079,2025-08-28,2025-08-31,R09,Fleet A,2054,3,3,Y,1278849
SHP-2025-02080,2025-08-28,2025-08-30,R04,Fleet B,2623,2,2,Y,983361
SHP-2025-02081,2025-08-28,2025-08-30,R02,Fleet A,1520,2,2,Y,529972
SHP-2025-02082,2025-08-28,2025-08-29,R03,Fleet A,2328,1,1,Y,215368
SHP-2025-02083,2025-08-28,2025-08-30,R10,Fleet A,1750,2,2,Y,598376
SHP-2025-02084,2025-08-28,2025-08-29,R05,Partner Haulage,1302,1,1,Y,342862
SHP-2025-02085,2025-08-28,2025-08-29,R07,Fleet B,2955,1,1,Y,469388
SHP-2025-02086,2025-08-28,2025-08-29,R06,Fleet A,652,1,1,Y,49794
SHP-2025-02087,2025-08-29,2025-09-01,R02,Partner Haulage,2114,2,3,N,719632
SHP-2025-02088,2025-08-29,2025-08-30,R07,Fleet A,1556,1,1,Y,254541
SHP-2025-02089,2025-08-29,2025-08-30,R08,Fleet B,1176,1,1,Y,262152
SHP-2025-02090,2025-08-29,2025-08-30,R06,Fleet A,1331,1,1,Y,91862
SHP-2025-02091,2025-08-29,2025-08-30,R08,Fleet A,2431,1,1,Y,542140
SHP-2025-02092,2025-08-29,2025-08-31,R01,Fleet A,3172,2,2,Y,1326762
SHP-2025-02093,2025-08-29,2025-08-30,R06,Fleet A,1803,1,1,Y,120665
SHP-2025-02094,2025-08-29,2025-09-01,R09,Fleet A,2748,3,3,Y,1818128
SHP-2025-02095,2025-08-31,2025-09-01,R03,Fleet A,742,1,1,Y,75550
SHP-2025-02096,2025-08-31,2025-09-01,R07,Fleet A,1690,1,1,Y,240758
SHP-2025-02097,2025-08-31,2025-09-03,R09,Fleet A,3644,3,3,Y,2341639
SHP-2025-02098,2025-08-31,2025-09-02,R10,Fleet A,2855,2,2,Y,1089630
SHP-2025-02099,2025-08-31,2025-09-01,R06,Fleet A,2926,1,1,Y,184585
SHP-2025-02100,2025-08-31,2025-09-02,R10,Fleet A,1838,2,2,Y,665693
SHP-2025-02101,2025-08-31,2025-09-02,R02,Fleet A,1592,2,2,Y,566213
SHP-2025-02102,2025-08-31,2025-09-01,R07,Fleet A,2995,1,1,Y,415879
SHP-2025-02103,2025-09-01,2025-09-03,R10,Partner Haulage,629,2,2,Y,249546
SHP-2025-02104,2025-09-01,2025-09-02,R03,Partner Haulage,1495,1,1,Y,136499
SHP-2025-02105,2025-09-01,2025-09-02,R08,Partner Haulage,138,1,1,Y,46849
SHP-2025-02106,2025-09-01,2025-09-05,R01,Fleet A,2582,2,4,N,1063806
SHP-2025-02107,2025-09-01,2025-09-02,R03,Fleet A,984,1,1,Y,103752
SHP-2025-02108,2025-09-01,2025-09-05,R02,Partner Haulage,3125,2,4,N,1176974
SHP-2025-02109,2025-09-01,2025-09-02,R05,Partner Haulage,1352,1,1,Y,383181
SHP-2025-02110,2025-09-01,2025-09-03,R10,Fleet B,1421,2,2,Y,519122
SHP-2025-02111,2025-09-01,2025-09-02,R05,Fleet A,1644,1,1,Y,451382
SHP-2025-02112,2025-09-02,2025-09-03,R06,Fleet A,1369,1,1,Y,89839
SHP-2025-02113,2025-09-02,2025-09-03,R06,Fleet A,1533,1,1,Y,103075
SHP-2025-02114,2025-09-02,2025-09-07,R04,Fleet B,3164,2,5,N,1183801
SHP-2025-02115,2025-09-02,2025-09-04,R10,Partner Haulage,2708,2,2,Y,1039141
SHP-2025-02116,2025-09-02,2025-09-04,R10,Fleet A,1591,2,2,Y,530461
SHP-2025-02117,2025-09-02,2025-09-03,R06,Fleet B,1261,1,1,Y,84713
SHP-2025-02118,2025-09-02,2025-09-04,R02,Fleet A,2305,2,2,Y,800839
SHP-2025-02119,2025-09-02,2025-09-03,R07,Fleet A,580,1,1,Y,96094
SHP-2025-02120,2025-09-02,2025-09-04,R04,Fleet A,2517,2,2,Y,871619
SHP-2025-02121,2025-09-03,2025-09-05,R02,Fleet A,1430,2,2,Y,495305
SHP-2025-02122,2025-09-03,2025-09-05,R10,Partner Haulage,2241,2,2,Y,674748
SHP-2025-02123,2025-09-03,2025-09-08,R09,Fleet A,1912,3,5,N,1188764
SHP-2025-02124,2025-09-03,2025-09-04,R05,Fleet B,2273,1,1,Y,648159
SHP-2025-02125,2025-09-03,2025-09-06,R08,Fleet A,1789,1,3,N,428349
SHP-2025-02126,2025-09-03,2025-09-04,R07,Fleet B,1814,1,1,Y,312083
SHP-2025-02127,2025-09-03,2025-09-04,R03,Fleet B,813,1,1,Y,75847
SHP-2025-02128,2025-09-03,2025-09-04,R07,Fleet A,2489,1,1,Y,372439
SHP-2025-02129,2025-09-03,2025-09-05,R02,Fleet A,1415,2,2,Y,506649
SHP-2025-02130,2025-09-03,2025-09-05,R02,Fleet B,3378,2,2,Y,1208104
SHP-2025-02131,2025-09-03,2025-09-05,R04,Partner Haulage,1858,2,2,Y,701974
SHP-2025-02132,2025-09-03,2025-09-06,R04,Fleet A,1655,2,3,N,598688
SHP-2025-02133,2025-09-03,2025-09-05,R02,Fleet A,1261,2,2,Y,467591
SHP-2025-02134,2025-09-04,2025-09-05,R05,Fleet A,3993,1,1,Y,995782
SHP-2025-02135,2025-09-04,2025-09-08,R09,Partner Haulage,1349,3,4,N,900623
SHP-2025-02136,2025-09-04,2025-09-08,R01,Fleet A,2974,2,4,N,1304109
SHP-2025-02137,2025-09-04,2025-09-06,R02,Fleet A,1489,2,2,Y,536492
SHP-2025-02138,2025-09-04,2025-09-06,R04,Fleet B,2249,2,2,Y,882929
SHP-2025-02139,2025-09-04,2025-09-06,R02,Partner Haulage,2819,2,2,Y,1073227
SHP-2025-02140,2025-09-04,2025-09-05,R06,Fleet B,814,1,1,Y,62743
SHP-2025-02141,2025-09-04,2025-09-07,R09,Fleet B,599,3,3,Y,424477
SHP-2025-02142,2025-09-04,2025-09-05,R06,Fleet B,1706,1,1,Y,119720
SHP-2025-02143,2025-09-04,2025-09-05,R03,Fleet A,50,1,1,Y,18585
SHP-2025-02144,2025-09-04,2025-09-05,R08,Fleet B,3027,1,1,Y,732997
SHP-2025-02145,2025-09-05,2025-09-06,R05,Partner Haulage,1716,1,1,Y,473970
SHP-2025-02146,2025-09-05,2025-09-06,R07,Partner Haulage,1441,1,1,Y,216252
SHP-2025-02147,2025-09-05,2025-09-06,R03,Fleet A,1632,1,1,Y,148872
SHP-2025-02148,2025-09-05,2025-09-07,R02,Fleet A,2531,2,2,Y,935199
SHP-2025-02149,2025-09-05,2025-09-06,R07,Fleet B,912,1,1,Y,155309
SHP-2025-02150,2025-09-05,2025-09-06,R07,Partner Haulage,2011,1,1,Y,321236
SHP-2025-02151,2025-09-05,2025-09-07,R10,Fleet A,2474,2,2,Y,932355
SHP-2025-02152,2025-09-05,2025-09-07,R04,Fleet A,96,2,2,Y,50590
SHP-2025-02153,2025-09-05,2025-09-06,R07,Fleet B,2972,1,1,Y,494140
SHP-2025-02154,2025-09-05,2025-09-06,R06,Fleet B,4131,1,1,Y,262327
SHP-2025-02155,2025-09-05,2025-09-07,R01,Fleet B,2317,2,2,Y,982116
SHP-2025-02156,2025-09-05,2025-09-06,R03,Fleet B,1129,1,1,Y,114246
SHP-2025-02157,2025-09-06,2025-09-08,R10,Fleet A,2706,2,2,Y,999363
SHP-2025-02158,2025-09-06,2025-09-07,R06,Fleet A,1454,1,1,Y,104577
SHP-2025-02159,2025-09-06,2025-09-11,R09,Partner Haulage,2033,3,5,N,1367637
SHP-2025-02160,2025-09-06,2025-09-07,R06,Partner Haulage,2200,1,1,Y,144979
SHP-2025-02161,2025-09-06,2025-09-08,R01,Fleet A,1124,2,2,Y,470115
SHP-2025-02162,2025-09-06,2025-09-07,R06,Fleet A,50,1,1,Y,17741
SHP-2025-02163,2025-09-06,2025-09-11,R01,Fleet B,622,2,5,N,263310
SHP-2025-02164,2025-09-06,2025-09-07,R03,Fleet B,1491,1,1,Y,147129
SHP-2025-02165,2025-09-06,2025-09-08,R10,Fleet A,2950,2,2,Y,1025772
SHP-2025-02166,2025-09-06,2025-09-10,R05,Fleet B,1804,1,4,N,443334
SHP-2025-02167,2025-09-06,2025-09-07,R08,Fleet B,1940,1,1,Y,456482
SHP-2025-02168,2025-09-06,2025-09-07,R07,Partner Haulage,1453,1,1,Y,232971
SHP-2025-02169,2025-09-06,2025-09-07,R06,Fleet B,50,1,1,Y,17697
SHP-2025-02170,2025-09-06,2025-09-08,R04,Fleet A,452,2,2,Y,186578
SHP-2025-02171,2025-09-06,2025-09-08,R01,Fleet B,442,2,2,Y,181893
SHP-2025-02172,2025-09-07,2025-09-09,R10,Fleet A,3301,2,2,Y,1213178
SHP-2025-02173,2025-09-07,2025-09-10,R08,Partner Haulage,2215,1,3,N,526313
SHP-2025-02174,2025-09-07,2025-09-09,R04,Partner Haulage,2558,2,2,Y,913290
SHP-2025-02175,2025-09-07,2025-09-09,R02,Fleet A,1240,2,2,Y,439273
SHP-2025-02176,2025-09-07,2025-09-08,R08,Fleet A,1115,1,1,Y,263906
SHP-2025-02177,2025-09-07,2025-09-09,R02,Fleet B,809,2,2,Y,287322
SHP-2025-02178,2025-09-07,2025-09-08,R05,Fleet B,1358,1,1,Y,377459
SHP-2025-02179,2025-09-07,2025-09-12,R01,Partner Haulage,2202,2,5,N,872671
SHP-2025-02180,2025-09-07,2025-09-08,R06,Fleet A,1730,1,1,Y,117078
SHP-2025-02181,2025-09-07,2025-09-08,R03,Fleet A,1753,1,1,Y,191520
SHP-2025-02182,2025-09-07,2025-09-08,R08,Fleet A,1485,1,1,Y,333705
SHP-2025-02183,2025-09-07,2025-09-08,R06,Fleet B,1358,1,1,Y,89808
SHP-2025-02184,2025-09-07,2025-09-08,R05,Partner Haulage,2329,1,1,Y,706344
SHP-2025-02185,2025-09-08,2025-09-09,R07,Fleet A,1464,1,1,Y,233503
SHP-2025-02186,2025-09-08,2025-09-13,R02,Fleet A,777,2,5,N,303854
SHP-2025-02187,2025-09-08,2025-09-09,R08,Fleet B,853,1,1,Y,193013
SHP-2025-02188,2025-09-08,2025-09-09,R03,Partner Haulage,1235,1,1,Y,119893
SHP-2025-02189,2025-09-08,2025-09-10,R03,Fleet A,2281,1,2,N,218459
SHP-2025-02190,2025-09-08,2025-09-10,R02,Fleet A,1707,2,2,Y,622251
SHP-2025-02191,2025-09-08,2025-09-09,R05,Fleet B,50,1,1,Y,28087
SHP-2025-02192,2025-09-08,2025-09-10,R02,Fleet B,1812,2,2,Y,619965
SHP-2025-02193,2025-09-08,2025-09-09,R03,Fleet B,746,1,1,Y,82913
SHP-2025-02194,2025-09-08,2025-09-09,R07,Fleet A,1759,1,1,Y,254600
SHP-2025-02195,2025-09-08,2025-09-10,R10,Fleet A,760,2,2,Y,292351
SHP-2025-02196,2025-09-08,2025-09-10,R03,Partner Haulage,1750,1,2,N,167308
SHP-2025-02197,2025-09-09,2025-09-10,R08,Fleet B,2907,1,1,Y,590780
SHP-2025-02198,2025-09-09,2025-09-13,R08,Fleet B,955,1,4,N,250530
SHP-2025-02199,2025-09-09,2025-09-10,R06,Fleet A,1140,1,1,Y,78212
SHP-2025-02200,2025-09-09,2025-09-10,R03,Fleet B,3115,1,1,Y,285518
SHP-2025-02201,2025-09-09,2025-09-12,R09,Fleet A,2781,3,3,Y,1838865
SHP-2025-02202,2025-09-09,2025-09-10,R05,Fleet B,1675,1,1,Y,403013
SHP-2025-02203,2025-09-09,2025-09-14,R02,Fleet A,2163,2,5,N,782620
SHP-2025-02204,2025-09-09,2025-09-10,R03,Fleet B,1933,1,1,Y,189744
SHP-2025-02205,2025-09-09,2025-09-12,R04,Fleet A,2623,2,3,N,1043140
SHP-2025-02206,2025-09-10,2025-09-11,R06,Fleet B,1966,1,1,Y,134688
SHP-2025-02207,2025-09-10,2025-09-11,R08,Partner Haulage,912,1,1,Y,211399
SHP-2025-02208,2025-09-10,2025-09-11,R03,Fleet B,2932,1,1,Y,292920
SHP-2025-02209,2025-09-10,2025-09-11,R03,Fleet A,2443,1,1,Y,254362
SHP-2025-02210,2025-09-10,2025-09-11,R03,Fleet A,3234,1,1,Y,312801
SHP-2025-02211,2025-09-10,2025-09-11,R07,Fleet A,1194,1,1,Y,203878
SHP-2025-02212,2025-09-10,2025-09-14,R02,Partner Haulage,1874,2,4,N,682530
SHP-2025-02213,2025-09-10,2025-09-12,R04,Fleet A,2450,2,2,Y,881631
SHP-2025-02214,2025-09-10,2025-09-11,R05,Fleet A,1413,1,1,Y,473293
SHP-2025-02215,2025-09-10,2025-09-12,R02,Fleet B,2840,2,2,Y,991963
SHP-2025-02216,2025-09-10,2025-09-11,R03,Partner Haulage,2673,1,1,Y,249489
SHP-2025-02217,2025-09-10,2025-09-11,R03,Partner Haulage,962,1,1,Y,88596
SHP-2025-02218,2025-09-11,2025-09-12,R07,Partner Haulage,2613,1,1,Y,372011
SHP-2025-02219,2025-09-11,2025-09-15,R03,Fleet B,888,1,4,N,89421
SHP-2025-02220,2025-09-11,2025-09-13,R10,Partner Haulage,2726,2,2,Y,894671
SHP-2025-02221,2025-09-11,2025-09-12,R05,Fleet A,1242,1,1,Y,300455
SHP-2025-02222,2025-09-11,2025-09-12,R06,Fleet A,372,1,1,Y,36361
SHP-2025-02223,2025-09-11,2025-09-12,R06,Fleet B,2826,1,1,Y,188003
SHP-2025-02224,2025-09-11,2025-09-12,R08,Fleet A,936,1,1,Y,198114
SHP-2025-02225,2025-09-11,2025-09-13,R01,Fleet A,1379,2,2,Y,648702
SHP-2025-02226,2025-09-11,2025-09-13,R04,Fleet A,1137,2,2,Y,410915
SHP-2025-02227,2025-09-11,2025-09-12,R08,Fleet A,1942,1,1,Y,399775
SHP-2025-02228,2025-09-11,2025-09-13,R01,Fleet B,1799,2,2,Y,747951
SHP-2025-02229,2025-09-11,2025-09-13,R01,Fleet B,2452,2,2,Y,1000383
SHP-2025-02230,2025-09-12,2025-09-14,R02,Fleet A,2684,2,2,Y,966274
SHP-2025-02231,2025-09-12,2025-09-13,R06,Fleet A,1706,1,1,Y,114419
SHP-2025-02232,2025-09-12,2025-09-16,R01,Fleet A,2753,2,4,N,1195682
SHP-2025-02233,2025-09-12,2025-09-13,R05,Fleet B,184,1,1,Y,60315
SHP-2025-02234,2025-09-12,2025-09-13,R05,Fleet B,2251,1,1,Y,658002
SHP-2025-02235,2025-09-12,2025-09-14,R02,Fleet B,1298,2,2,Y,494157
SHP-2025-02236,2025-09-12,2025-09-13,R06,Fleet B,3672,1,1,Y,232177
SHP-2025-02237,2025-09-12,2025-09-14,R06,Fleet A,1641,1,2,N,101648
SHP-2025-02238,2025-09-12,2025-09-14,R01,Fleet A,1927,2,2,Y,771174
SHP-2025-02239,2025-09-12,2025-09-13,R07,Partner Haulage,1195,1,1,Y,181812
SHP-2025-02240,2025-09-12,2025-09-14,R04,Fleet B,1272,2,2,Y,439890
SHP-2025-02241,2025-09-12,2025-09-14,R04,Partner Haulage,2513,2,2,Y,965237
SHP-2025-02242,2025-09-15,2025-09-17,R02,Fleet A,2845,2,2,Y,976701
SHP-2025-02243,2025-09-15,2025-09-16,R05,Fleet A,1441,1,1,Y,446874
SHP-2025-02244,2025-09-15,2025-09-17,R10,Fleet A,1854,2,2,Y,596630
SHP-2025-02245,2025-09-15,2025-09-18,R09,Fleet B,1816,3,3,Y,1280180
SHP-2025-02246,2025-09-15,2025-09-19,R04,Fleet A,2004,2,4,N,699827
SHP-2025-02247,2025-09-15,2025-09-16,R03,Fleet A,2144,1,1,Y,206362
SHP-2025-02248,2025-09-15,2025-09-17,R02,Fleet A,2867,2,2,Y,1047816
SHP-2025-02249,2025-09-15,2025-09-17,R02,Fleet A,588,2,2,Y,226704
SHP-2025-02250,2025-09-15,2025-09-16,R03,Fleet A,820,1,1,Y,86718
SHP-2025-02251,2025-09-15,2025-09-16,R08,Partner Haulage,1671,1,1,Y,382272
SHP-2025-02252,2025-09-15,2025-09-16,R05,Fleet A,569,1,1,Y,188702
SHP-2025-02253,2025-09-16,2025-09-17,R07,Partner Haulage,313,1,1,Y,62879
SHP-2025-02254,2025-09-16,2025-09-18,R04,Fleet A,4246,2,2,Y,1493882
SHP-2025-02255,2025-09-16,2025-09-17,R03,Fleet A,3057,1,1,Y,275594
SHP-2025-02256,2025-09-16,2025-09-18,R10,Fleet B,2384,2,2,Y,823099
SHP-2025-02257,2025-09-16,2025-09-18,R08,Fleet A,905,1,2,N,200191
SHP-2025-02258,2025-09-16,2025-09-18,R04,Fleet A,3627,2,2,Y,1326689
SHP-2025-02259,2025-09-16,2025-09-17,R05,Fleet A,2369,1,1,Y,618321
SHP-2025-02260,2025-09-16,2025-09-17,R08,Fleet B,2429,1,1,Y,552459
SHP-2025-02261,2025-09-16,2025-09-17,R03,Partner Haulage,827,1,1,Y,81043
SHP-2025-02262,2025-09-16,2025-09-18,R02,Fleet A,205,2,2,Y,81905
SHP-2025-02263,2025-09-17,2025-09-19,R10,Partner Haulage,3004,2,2,Y,945530
SHP-2025-02264,2025-09-17,2025-09-19,R01,Fleet B,2302,2,2,Y,1000356
SHP-2025-02265,2025-09-17,2025-09-18,R06,Partner Haulage,1648,1,1,Y,98869
SHP-2025-02266,2025-09-17,2025-09-18,R03,Fleet B,2541,1,1,Y,246825
SHP-2025-02267,2025-09-17,2025-09-19,R01,Fleet A,1608,2,2,Y,741347
SHP-2025-02268,2025-09-17,2025-09-18,R06,Partner Haulage,1680,1,1,Y,113201
SHP-2025-02269,2025-09-17,2025-09-19,R04,Fleet A,2834,2,2,Y,1022021
SHP-2025-02270,2025-09-17,2025-09-20,R02,Fleet A,1444,2,3,N,510469
SHP-2025-02271,2025-09-17,2025-09-18,R05,Fleet A,1851,1,1,Y,547730
SHP-2025-02272,2025-09-17,2025-09-18,R06,Fleet A,866,1,1,Y,66841
SHP-2025-02273,2025-09-17,2025-09-18,R03,Fleet B,2798,1,1,Y,277446
SHP-2025-02274,2025-09-17,2025-09-19,R01,Fleet B,1886,2,2,Y,820649
SHP-2025-02275,2025-09-18,2025-09-19,R03,Fleet B,1783,1,1,Y,168090
SHP-2025-02276,2025-09-18,2025-09-20,R04,Fleet B,1245,2,2,Y,443112
SHP-2025-02277,2025-09-18,2025-09-21,R04,Fleet B,1580,2,3,N,574073
SHP-2025-02278,2025-09-18,2025-09-19,R03,Fleet B,1560,1,1,Y,169302
SHP-2025-02279,2025-09-18,2025-09-20,R01,Fleet A,1915,2,2,Y,662521
SHP-2025-02280,2025-09-18,2025-09-22,R09,Fleet A,1234,3,4,N,774569
SHP-2025-02281,2025-09-18,2025-09-20,R10,Fleet B,2922,2,2,Y,1011029
SHP-2025-02282,2025-09-18,2025-09-20,R10,Fleet A,1375,2,2,Y,430788
SHP-2025-02283,2025-09-18,2025-09-21,R04,Partner Haulage,1685,2,3,N,625722
SHP-2025-02284,2025-09-19,2025-09-21,R04,Fleet B,1485,2,2,Y,540471
SHP-2025-02285,2025-09-19,2025-09-20,R06,Partner Haulage,3640,1,1,Y,239530
SHP-2025-02286,2025-09-19,2025-09-21,R01,Fleet A,701,2,2,Y,306758
SHP-2025-02287,2025-09-19,2025-09-20,R05,Fleet A,1002,1,1,Y,306239
SHP-2025-02288,2025-09-19,2025-09-20,R05,Partner Haulage,1612,1,1,Y,413747
SHP-2025-02289,2025-09-19,2025-09-22,R07,Partner Haulage,2444,1,3,N,366248
SHP-2025-02290,2025-09-19,2025-09-21,R04,Fleet A,1586,2,2,Y,520311
SHP-2025-02291,2025-09-19,2025-09-20,R08,Fleet B,1770,1,1,Y,430824
SHP-2025-02292,2025-09-19,2025-09-20,R03,Fleet A,2818,1,1,Y,267427
SHP-2025-02293,2025-09-19,2025-09-21,R04,Fleet B,403,2,2,Y,157128
SHP-2025-02294,2025-09-19,2025-09-20,R07,Fleet A,2483,1,1,Y,392731
SHP-2025-02295,2025-09-20,2025-09-21,R08,Partner Haulage,2248,1,1,Y,556898
SHP-2025-02296,2025-09-20,2025-09-21,R06,Fleet A,1766,1,1,Y,111857
SHP-2025-02297,2025-09-20,2025-09-21,R03,Fleet A,1850,1,1,Y,170703
SHP-2025-02298,2025-09-20,2025-09-22,R10,Fleet B,2427,2,2,Y,832880
SHP-2025-02299,2025-09-20,2025-09-22,R02,Fleet A,1878,2,2,Y,539084
SHP-2025-02300,2025-09-20,2025-09-21,R03,Fleet B,1589,1,1,Y,160820
SHP-2025-02301,2025-09-20,2025-09-21,R03,Fleet A,1378,1,1,Y,131754
SHP-2025-02302,2025-09-20,2025-09-21,R07,Fleet A,1482,1,1,Y,244115
SHP-2025-02303,2025-09-20,2025-09-22,R02,Fleet A,2060,2,2,Y,760467
SHP-2025-02304,2025-09-20,2025-09-22,R05,Fleet A,2863,1,2,N,866558
SHP-2025-02305,2025-09-20,2025-09-21,R07,Fleet A,3580,1,1,Y,574732
SHP-2025-02306,2025-09-20,2025-09-22,R10,Fleet B,1752,2,2,Y,614198
SHP-2025-02307,2025-09-20,2025-09-22,R01,Fleet B,1987,2,2,Y,737192
SHP-2025-02308,2025-09-22,2025-09-23,R06,Fleet B,1755,1,1,Y,110480
SHP-2025-02309,2025-09-22,2025-09-23,R03,Fleet B,2608,1,1,Y,239657
SHP-2025-02310,2025-09-22,2025-09-23,R05,Partner Haulage,414,1,1,Y,120293
SHP-2025-02311,2025-09-22,2025-09-23,R03,Fleet B,1248,1,1,Y,127946
SHP-2025-02312,2025-09-22,2025-09-24,R01,Partner Haulage,2713,2,2,Y,1175872
SHP-2025-02313,2025-09-22,2025-09-24,R01,Fleet B,1420,2,2,Y,588101
SHP-2025-02314,2025-09-22,2025-09-23,R03,Fleet A,4242,1,1,Y,409364
SHP-2025-02315,2025-09-22,2025-09-24,R10,Fleet A,2295,2,2,Y,752529
SHP-2025-02316,2025-09-22,2025-09-23,R08,Fleet A,2266,1,1,Y,467752
SHP-2025-02317,2025-09-22,2025-09-23,R07,Fleet A,2381,1,1,Y,338004
SHP-2025-02318,2025-09-22,2025-09-24,R02,Fleet A,50,2,2,Y,30505
SHP-2025-02319,2025-09-22,2025-09-24,R01,Fleet B,653,2,2,Y,277600
SHP-2025-02320,2025-09-23,2025-09-24,R06,Partner Haulage,1814,1,1,Y,116847
SHP-2025-02321,2025-09-23,2025-09-25,R02,Fleet B,3308,2,2,Y,1190540
SHP-2025-02322,2025-09-23,2025-09-25,R04,Partner Haulage,518,2,2,Y,218229
SHP-2025-02323,2025-09-23,2025-09-24,R05,Partner Haulage,1592,1,1,Y,438498
SHP-2025-02324,2025-09-23,2025-09-24,R06,Fleet A,1327,1,1,Y,89324
SHP-2025-02325,2025-09-23,2025-09-25,R02,Fleet A,2261,2,2,Y,751674
SHP-2025-02326,2025-09-23,2025-09-27,R02,Partner Haulage,1606,2,4,N,567073
SHP-2025-02327,2025-09-23,2025-09-25,R02,Fleet A,1801,2,2,Y,615857
SHP-2025-02328,2025-09-23,2025-09-24,R06,Partner Haulage,2030,1,1,Y,140025
SHP-2025-02329,2025-09-24,2025-09-25,R06,Fleet B,3203,1,1,Y,203144
SHP-2025-02330,2025-09-24,2025-09-26,R02,Fleet A,1299,2,2,Y,525071
SHP-2025-02331,2025-09-24,2025-09-25,R03,Fleet A,2887,1,1,Y,230822
SHP-2025-02332,2025-09-24,2025-09-26,R10,Partner Haulage,2576,2,2,Y,884727
SHP-2025-02333,2025-09-24,2025-09-26,R01,Partner Haulage,2058,2,2,Y,808246
SHP-2025-02334,2025-09-24,2025-09-26,R02,Partner Haulage,2125,2,2,Y,742341
SHP-2025-02335,2025-09-24,2025-09-27,R09,Fleet A,2951,3,3,Y,1775593
SHP-2025-02336,2025-09-24,2025-09-29,R02,Fleet A,1186,2,5,N,476654
SHP-2025-02337,2025-09-24,2025-09-25,R07,Fleet A,3473,1,1,Y,519078
SHP-2025-02338,2025-09-25,2025-09-26,R03,Partner Haulage,50,1,1,Y,19112
SHP-2025-02339,2025-09-25,2025-09-30,R09,Fleet B,1776,3,5,N,1224380
SHP-2025-02340,2025-09-25,2025-09-30,R09,Fleet A,1612,3,5,N,1000149
SHP-2025-02341,2025-09-25,2025-09-27,R10,Fleet A,2457,2,2,Y,857166
SHP-2025-02342,2025-09-25,2025-09-27,R02,Fleet B,2046,2,2,Y,756017
SHP-2025-02343,2025-09-25,2025-09-27,R02,Fleet A,2837,2,2,Y,1041125
SHP-2025-02344,2025-09-25,2025-09-27,R02,Fleet A,1332,2,2,Y,488621
SHP-2025-02345,2025-09-25,2025-09-27,R02,Fleet A,2364,2,2,Y,844453
SHP-2025-02346,2025-09-25,2025-09-27,R02,Fleet B,2158,2,2,Y,729972
SHP-2025-02347,2025-09-25,2025-09-26,R07,Partner Haulage,937,1,1,Y,146078
SHP-2025-02348,2025-09-25,2025-09-26,R08,Fleet B,1620,1,1,Y,384447
SHP-2025-02349,2025-09-25,2025-09-27,R01,Fleet B,917,2,2,Y,380716
SHP-2025-02350,2025-09-25,2025-09-26,R07,Fleet A,1980,1,1,Y,305492
SHP-2025-02351,2025-09-25,2025-09-26,R03,Partner Haulage,2966,1,1,Y,291594
SHP-2025-02352,2025-09-26,2025-09-28,R04,Fleet B,50,2,2,Y,33284
SHP-2025-02353,2025-09-26,2025-09-28,R04,Fleet A,1895,2,2,Y,730989
SHP-2025-02354,2025-09-26,2025-09-28,R04,Fleet A,582,2,2,Y,259792
SHP-2025-02355,2025-09-26,2025-09-27,R06,Fleet B,2042,1,1,Y,131070
SHP-2025-02356,2025-09-26,2025-09-27,R08,Fleet A,1443,1,1,Y,355023
SHP-2025-02357,2025-09-26,2025-09-29,R05,Fleet A,816,1,3,N,247718
SHP-2025-02358,2025-09-26,2025-09-27,R08,Fleet A,2532,1,1,Y,653465
SHP-2025-02359,2025-09-26,2025-09-28,R04,Fleet A,1012,2,2,Y,395489
SHP-2025-02360,2025-09-26,2025-09-28,R01,Partner Haulage,807,2,2,Y,333770
SHP-2025-02361,2025-09-26,2025-09-28,R04,Fleet B,1754,2,2,Y,643917
SHP-2025-02362,2025-09-26,2025-09-27,R03,Fleet B,1320,1,1,Y,123949
SHP-2025-02363,2025-09-28,2025-10-02,R05,Fleet A,1431,1,4,N,399334
SHP-2025-02364,2025-09-28,2025-09-29,R08,Fleet A,2264,1,1,Y,563205
SHP-2025-02365,2025-09-28,2025-09-30,R02,Fleet A,2235,2,2,Y,791900
SHP-2025-02366,2025-09-28,2025-09-29,R03,Fleet A,2972,1,1,Y,271606
SHP-2025-02367,2025-09-28,2025-10-03,R09,Fleet A,857,3,5,N,538624
SHP-2025-02368,2025-09-28,2025-09-29,R05,Fleet B,426,1,1,Y,131951
SHP-2025-02369,2025-09-28,2025-09-29,R07,Fleet A,1097,1,1,Y,175005
SHP-2025-02370,2025-09-28,2025-09-29,R03,Fleet A,2138,1,1,Y,194861
SHP-2025-02371,2025-09-28,2025-09-29,R05,Partner Haulage,2475,1,1,Y,681925
SHP-2025-02372,2025-09-28,2025-10-01,R09,Fleet A,1063,3,3,Y,672386
SHP-2025-02373,2025-09-28,2025-09-29,R06,Fleet A,2497,1,1,Y,156013
SHP-2025-02374,2025-09-29,2025-09-30,R08,Fleet A,1184,1,1,Y,265235
SHP-2025-02375,2025-09-29,2025-10-01,R04,Fleet B,1722,2,2,Y,608453
SHP-2025-02376,2025-09-29,2025-09-30,R06,Fleet A,3079,1,1,Y,200454
SHP-2025-02377,2025-09-29,2025-10-02,R09,Fleet A,1066,3,3,Y,781720
SHP-2025-02378,2025-09-29,2025-10-02,R09,Fleet A,1707,3,3,Y,1028664
SHP-2025-02379,2025-09-29,2025-09-30,R03,Fleet B,1909,1,1,Y,177422
SHP-2025-02380,2025-09-29,2025-09-30,R03,Fleet A,50,1,1,Y,19565
SHP-2025-02381,2025-09-29,2025-10-01,R01,Partner Haulage,3078,2,2,Y,1329285
SHP-2025-02382,2025-09-29,2025-09-30,R05,Fleet A,1102,1,1,Y,287648
SHP-2025-02383,2025-09-29,2025-10-02,R09,Fleet B,3652,3,3,Y,2489684
SHP-2025-02384,2025-09-29,2025-09-30,R06,Fleet B,3015,1,1,Y,183747
SHP-2025-02385,2025-09-30,2025-10-02,R04,Fleet B,766,2,2,Y,282124
SHP-2025-02386,2025-09-30,2025-10-01,R03,Fleet B,1623,1,1,Y,148999
SHP-2025-02387,2025-09-30,2025-10-02,R04,Fleet B,1412,2,2,Y,540296
SHP-2025-02388,2025-09-30,2025-10-01,R06,Fleet A,2851,1,1,Y,173491
SHP-2025-02389,2025-09-30,2025-10-04,R07,Fleet A,2447,1,4,N,402163
SHP-2025-02390,2025-09-30,2025-10-01,R05,Fleet A,2698,1,1,Y,725779
SHP-2025-02391,2025-09-30,2025-10-03,R09,Partner Haulage,1342,3,3,Y,864383
SHP-2025-02392,2025-09-30,2025-10-04,R05,Partner Haulage,1965,1,4,N,531870
SHP-2025-02393,2025-09-30,2025-10-02,R02,Fleet A,2095,2,2,Y,726598
SHP-2025-02394,2025-09-30,2025-10-02,R01,Fleet A,1688,2,2,Y,796778
SHP-2025-02395,2025-09-30,2025-10-01,R03,Fleet A,2422,1,1,Y,205761
SHP-2025-02396,2025-09-30,2025-10-01,R05,Fleet B,2562,1,1,Y,741015
SHP-2025-02397,2025-10-01,2025-10-03,R01,Fleet B,2179,2,2,Y,869646
SHP-2025-02398,2025-10-01,2025-10-03,R02,Fleet A,3224,2,2,Y,989337
SHP-2025-02399,2025-10-01,2025-10-03,R08,Fleet A,1267,1,2,N,279267
SHP-2025-02400,2025-10-01,2025-10-02,R06,Fleet A,3099,1,1,Y,194671
SHP-2025-02401,2025-10-01,2025-10-03,R01,Fleet A,1881,2,2,Y,802998
SHP-2025-02402,2025-10-01,2025-10-02,R03,Fleet B,2318,1,1,Y,215485
SHP-2025-02403,2025-10-01,2025-10-02,R07,Fleet A,1594,1,1,Y,243857
SHP-2025-02404,2025-10-01,2025-10-04,R08,Fleet A,623,1,3,N,150333
SHP-2025-02405,2025-10-01,2025-10-03,R01,Fleet A,1941,2,2,Y,933268
SHP-2025-02406,2025-10-01,2025-10-02,R06,Fleet A,1484,1,1,Y,95017
SHP-2025-02407,2025-10-02,2025-10-04,R04,Fleet A,2745,2,2,Y,988918
SHP-2025-02408,2025-10-02,2025-10-04,R01,Partner Haulage,2719,2,2,Y,1188974
SHP-2025-02409,2025-10-02,2025-10-08,R09,Partner Haulage,2247,3,6,N,1508756
SHP-2025-02410,2025-10-02,2025-10-04,R02,Fleet A,960,2,2,Y,334839
SHP-2025-02411,2025-10-02,2025-10-05,R09,Fleet B,1723,3,3,Y,1165694
SHP-2025-02412,2025-10-02,2025-10-05,R09,Fleet A,1605,3,3,Y,1101992
SHP-2025-02413,2025-10-02,2025-10-04,R10,Fleet A,3112,2,2,Y,1044637
SHP-2025-02414,2025-10-02,2025-10-04,R04,Fleet A,1936,2,2,Y,702291
SHP-2025-02415,2025-10-02,2025-10-04,R02,Fleet B,1719,2,2,Y,581257
SHP-2025-02416,2025-10-02,2025-10-04,R01,Partner Haulage,3102,2,2,Y,1327862
SHP-2025-02417,2025-10-02,2025-10-06,R08,Fleet A,2155,1,4,N,555582
SHP-2025-02418,2025-10-02,2025-10-03,R03,Fleet B,1120,1,1,Y,108419
SHP-2025-02419,2025-10-03,2025-10-05,R04,Fleet A,182,2,2,Y,78163
SHP-2025-02420,2025-10-03,2025-10-05,R10,Partner Haulage,2233,2,2,Y,736697
SHP-2025-02421,2025-10-03,2025-10-04,R05,Fleet B,1105,1,1,Y,309877
SHP-2025-02422,2025-10-03,2025-10-06,R02,Fleet A,2479,2,3,N,917839
SHP-2025-02423,2025-10-03,2025-10-04,R08,Fleet A,1276,1,1,Y,320086
SHP-2025-02424,2025-10-03,2025-10-05,R10,Fleet A,1833,2,2,Y,582596
SHP-2025-02425,2025-10-03,2025-10-04,R07,Fleet B,1844,1,1,Y,317821
SHP-2025-02426,2025-10-03,2025-10-05,R04,Fleet A,2522,2,2,Y,947073
SHP-2025-02427,2025-10-03,2025-10-07,R09,Fleet A,2508,3,4,N,1680670
SHP-2025-02428,2025-10-03,2025-10-04,R08,Fleet A,1275,1,1,Y,293627
SHP-2025-02429,2025-10-06,2025-10-08,R02,Partner Haulage,1150,2,2,Y,448500
SHP-2025-02430,2025-10-06,2025-10-08,R10,Fleet A,2442,2,2,Y,835588
SHP-2025-02431,2025-10-06,2025-10-07,R06,Fleet A,1891,1,1,Y,116629
SHP-2025-02432,2025-10-06,2025-10-07,R07,Partner Haulage,1482,1,1,Y,238602
SHP-2025-02433,2025-10-06,2025-10-08,R01,Partner Haulage,1999,2,2,Y,810795
SHP-2025-02434,2025-10-06,2025-10-07,R07,Fleet B,2211,1,1,Y,333406
SHP-2025-02435,2025-10-06,2025-10-08,R10,Fleet A,3157,2,2,Y,1030679
SHP-2025-02436,2025-10-06,2025-10-07,R06,Fleet B,2135,1,1,Y,145107
SHP-2025-02437,2025-10-06,2025-10-09,R07,Partner Haulage,1038,1,3,N,182045
SHP-2025-02438,2025-10-06,2025-10-07,R08,Partner Haulage,666,1,1,Y,186722
SHP-2025-02439,2025-10-06,2025-10-09,R04,Partner Haulage,938,2,3,N,329416
SHP-2025-02440,2025-10-06,2025-10-07,R07,Fleet B,2704,1,1,Y,424254
SHP-2025-02441,2025-10-06,2025-10-08,R01,Fleet B,2041,2,2,Y,825257
SHP-2025-02442,2025-10-06,2025-10-07,R06,Fleet A,2297,1,1,Y,159606
SHP-2025-02443,2025-10-06,2025-10-11,R09,Fleet B,2901,3,5,N,1733042
SHP-2025-02444,2025-10-06,2025-10-07,R03,Fleet A,2587,1,1,Y,246779
SHP-2025-02445,2025-10-07,2025-10-08,R05,Fleet A,4485,1,1,Y,1101932
SHP-2025-02446,2025-10-07,2025-10-11,R09,Fleet B,1922,3,4,N,1147819
SHP-2025-02447,2025-10-07,2025-10-08,R03,Fleet A,1356,1,1,Y,122485
SHP-2025-02448,2025-10-07,2025-10-10,R09,Partner Haulage,1260,3,3,Y,743642
SHP-2025-02449,2025-10-07,2025-10-09,R04,Fleet A,3020,2,2,Y,1323363
SHP-2025-02450,2025-10-07,2025-10-08,R03,Fleet A,1756,1,1,Y,168858
SHP-2025-02451,2025-10-08,2025-10-09,R06,Fleet A,1936,1,1,Y,136154
SHP-2025-02452,2025-10-08,2025-10-09,R08,Fleet A,703,1,1,Y,192673
SHP-2025-02453,2025-10-08,2025-10-09,R06,Fleet A,257,1,1,Y,30966
SHP-2025-02454,2025-10-08,2025-10-10,R04,Fleet B,2686,2,2,Y,1021508
SHP-2025-02455,2025-10-08,2025-10-10,R04,Fleet A,1645,2,2,Y,653670
SHP-2025-02456,2025-10-08,2025-10-09,R05,Fleet A,2010,1,1,Y,539056
SHP-2025-02457,2025-10-08,2025-10-09,R07,Partner Haulage,2194,1,1,Y,343508
SHP-2025-02458,2025-10-08,2025-10-09,R03,Fleet A,1607,1,1,Y,162945
SHP-2025-02459,2025-10-08,2025-10-12,R04,Fleet A,2484,2,4,N,932724
SHP-2025-02460,2025-10-08,2025-10-09,R05,Fleet B,1118,1,1,Y,321887
SHP-2025-02461,2025-10-08,2025-10-09,R03,Fleet A,50,1,1,Y,19640
SHP-2025-02462,2025-10-08,2025-10-10,R01,Fleet B,1849,2,2,Y,892679
SHP-2025-02463,2025-10-09,2025-10-10,R05,Fleet A,2501,1,1,Y,654084
SHP-2025-02464,2025-10-09,2025-10-11,R04,Fleet A,2649,2,2,Y,887510
SHP-2025-02465,2025-10-09,2025-10-10,R08,Fleet A,3389,1,1,Y,827931
SHP-2025-02466,2025-10-09,2025-10-12,R09,Fleet B,890,3,3,Y,527059
SHP-2025-02467,2025-10-09,2025-10-10,R08,Fleet A,1483,1,1,Y,377858
SHP-2025-02468,2025-10-09,2025-10-10,R08,Fleet B,3034,1,1,Y,665163
SHP-2025-02469,2025-10-09,2025-10-10,R07,Fleet A,50,1,1,Y,22286
SHP-2025-02470,2025-10-09,2025-10-11,R10,Partner Haulage,1442,2,2,Y,511226
SHP-2025-02471,2025-10-09,2025-10-11,R04,Fleet A,2776,2,2,Y,969548
SHP-2025-02472,2025-10-09,2025-10-11,R04,Fleet A,1730,2,2,Y,630727
SHP-2025-02473,2025-10-09,2025-10-11,R01,Fleet B,1655,2,2,Y,693842
SHP-2025-02474,2025-10-09,2025-10-10,R05,Fleet A,3290,1,1,Y,866976
SHP-2025-02475,2025-10-10,2025-10-12,R01,Fleet A,1470,2,2,Y,665459
SHP-2025-02476,2025-10-10,2025-10-11,R03,Fleet B,1389,1,1,Y,145359
SHP-2025-02477,2025-10-10,2025-10-12,R02,Fleet A,1765,2,2,Y,590055
SHP-2025-02478,2025-10-10,2025-10-12,R02,Fleet B,1427,2,2,Y,494033
SHP-2025-02479,2025-10-10,2025-10-12,R05,Fleet B,275,1,2,N,92994
SHP-2025-02480,2025-10-10,2025-10-13,R09,Fleet B,1829,3,3,Y,1220863
SHP-2025-02481,2025-10-10,2025-10-11,R05,Fleet B,1458,1,1,Y,418406
SHP-2025-02482,2025-10-10,2025-10-15,R10,Fleet A,2424,2,5,N,811834
SHP-2025-02483,2025-10-10,2025-10-11,R07,Fleet A,50,1,1,Y,22974
SHP-2025-02484,2025-10-10,2025-10-11,R08,Fleet A,916,1,1,Y,217105
SHP-2025-02485,2025-10-10,2025-10-12,R01,Fleet B,2666,2,2,Y,1245182
SHP-2025-02486,2025-10-12,2025-10-13,R06,Fleet B,1849,1,1,Y,121513
SHP-2025-02487,2025-10-12,2025-10-14,R04,Fleet B,82,2,2,Y,44775
SHP-2025-02488,2025-10-12,2025-10-13,R06,Fleet A,1734,1,1,Y,112786
SHP-2025-02489,2025-10-12,2025-10-13,R07,Partner Haulage,1767,1,1,Y,280071
SHP-2025-02490,2025-10-12,2025-10-14,R04,Fleet B,1443,2,2,Y,519139
SHP-2025-02491,2025-10-12,2025-10-14,R04,Fleet A,577,2,2,Y,237866
SHP-2025-02492,2025-10-12,2025-10-13,R06,Fleet B,3076,1,1,Y,185476
SHP-2025-02493,2025-10-12,2025-10-14,R01,Fleet A,323,2,2,Y,144560
SHP-2025-02494,2025-10-12,2025-10-15,R09,Partner Haulage,2485,3,3,Y,1750649
SHP-2025-02495,2025-10-12,2025-10-13,R08,Fleet A,1183,1,1,Y,269390
SHP-2025-02496,2025-10-12,2025-10-13,R03,Fleet B,1611,1,1,Y,167137
SHP-2025-02497,2025-10-12,2025-10-14,R04,Partner Haulage,2263,2,2,Y,858305
SHP-2025-02498,2025-10-12,2025-10-16,R02,Partner Haulage,1487,2,4,N,536226
SHP-2025-02499,2025-10-13,2025-10-14,R05,Fleet B,2648,1,1,Y,733470
SHP-2025-02500,2025-10-13,2025-10-14,R06,Fleet A,3145,1,1,Y,182694
SHP-2025-02501,2025-10-13,2025-10-15,R01,Fleet B,2754,2,2,Y,1220764
SHP-2025-02502,2025-10-13,2025-10-15,R01,Fleet B,50,2,2,Y,35492
SHP-2025-02503,2025-10-13,2025-10-14,R03,Fleet A,738,1,1,Y,88822
SHP-2025-02504,2025-10-13,2025-10-15,R04,Fleet A,2522,2,2,Y,966339
SHP-2025-02505,2025-10-13,2025-10-14,R06,Partner Haulage,847,1,1,Y,62733
SHP-2025-02506,2025-10-13,2025-10-14,R05,Fleet B,2365,1,1,Y,677380
SHP-2025-02507,2025-10-13,2025-10-14,R07,Fleet A,3122,1,1,Y,469581
SHP-2025-02508,2025-10-13,2025-10-19,R09,Fleet A,1656,3,6,N,1059723
SHP-2025-02509,2025-10-13,2025-10-14,R03,Fleet A,1355,1,1,Y,129064
SHP-2025-02510,2025-10-13,2025-10-15,R02,Fleet A,2279,2,2,Y,863560
SHP-2025-02511,2025-10-14,2025-10-16,R01,Fleet B,2876,2,2,Y,1286780
SHP-2025-02512,2025-10-14,2025-10-15,R03,Partner Haulage,866,1,1,Y,95710
SHP-2025-02513,2025-10-14,2025-10-15,R06,Fleet A,2823,1,1,Y,187621
SHP-2025-02514,2025-10-14,2025-10-15,R06,Partner Haulage,2526,1,1,Y,170843
SHP-2025-02515,2025-10-14,2025-10-16,R04,Fleet B,1924,2,2,Y,644213
SHP-2025-02516,2025-10-14,2025-10-16,R04,Fleet A,807,2,2,Y,322484
SHP-2025-02517,2025-10-14,2025-10-19,R02,Partner Haulage,1969,2,5,N,747469
SHP-2025-02518,2025-10-14,2025-10-15,R05,Partner Haulage,1357,1,1,Y,415829
SHP-2025-02519,2025-10-14,2025-10-16,R04,Fleet A,1782,2,2,Y,632634
SHP-2025-02520,2025-10-14,2025-10-15,R03,Fleet A,2539,1,1,Y,242796
SHP-2025-02521,2025-10-14,2025-10-15,R03,Fleet B,984,1,1,Y,105107
SHP-2025-02522,2025-10-14,2025-10-15,R07,Fleet A,354,1,1,Y,62941
SHP-2025-02523,2025-10-14,2025-10-15,R06,Fleet A,50,1,1,Y,17838
SHP-2025-02524,2025-10-14,2025-10-16,R10,Fleet A,1204,2,2,Y,434989
SHP-2025-02525,2025-10-14,2025-10-15,R08,Fleet B,1786,1,1,Y,414969
SHP-2025-02526,2025-10-14,2025-10-15,R06,Fleet A,2726,1,1,Y,157559
SHP-2025-02527,2025-10-14,2025-10-16,R07,Fleet A,971,1,2,N,141700
SHP-2025-02528,2025-10-15,2025-10-16,R06,Fleet A,1528,1,1,Y,92315
SHP-2025-02529,2025-10-15,2025-10-16,R03,Fleet A,1757,1,1,Y,175438
SHP-2025-02530,2025-10-15,2025-10-16,R08,Fleet A,2518,1,1,Y,567124
SHP-2025-02531,2025-10-15,2025-10-17,R05,Fleet A,3938,1,2,N,1109751
SHP-2025-02532,2025-10-15,2025-10-17,R04,Fleet A,1956,2,2,Y,666759
SHP-2025-02533,2025-10-15,2025-10-19,R07,Fleet B,724,1,4,N,115881
SHP-2025-02534,2025-10-15,2025-10-17,R02,Fleet B,1373,2,2,Y,548633
SHP-2025-02535,2025-10-15,2025-10-17,R10,Fleet A,1497,2,2,Y,487370
SHP-2025-02536,2025-10-15,2025-10-16,R08,Fleet B,171,1,1,Y,55008
SHP-2025-02537,2025-10-15,2025-10-17,R01,Fleet A,1284,2,2,Y,596667
SHP-2025-02538,2025-10-15,2025-10-16,R08,Fleet B,1784,1,1,Y,371014
SHP-2025-02539,2025-10-16,2025-10-17,R08,Fleet B,2438,1,1,Y,569775
SHP-2025-02540,2025-10-16,2025-10-18,R01,Fleet B,1721,2,2,Y,717889
SHP-2025-02541,2025-10-16,2025-10-17,R03,Fleet B,708,1,1,Y,78070
SHP-2025-02542,2025-10-16,2025-10-17,R06,Fleet A,3115,1,1,Y,204552
SHP-2025-02543,2025-10-16,2025-10-17,R03,Partner Haulage,992,1,1,Y,102095
SHP-2025-02544,2025-10-16,2025-10-17,R07,Fleet B,2525,1,1,Y,386212
SHP-2025-02545,2025-10-16,2025-10-17,R08,Fleet A,2982,1,1,Y,701011
SHP-2025-02546,2025-10-16,2025-10-21,R01,Fleet A,3499,2,5,N,1412120
SHP-2025-02547,2025-10-16,2025-10-19,R09,Fleet A,2431,3,3,Y,1646023
SHP-2025-02548,2025-10-16,2025-10-18,R02,Fleet B,3926,2,2,Y,1463011
SHP-2025-02549,2025-10-16,2025-10-17,R05,Fleet B,2053,1,1,Y,592112
SHP-2025-02550,2025-10-16,2025-10-18,R04,Fleet A,1849,2,2,Y,606146
SHP-2025-02551,2025-10-16,2025-10-18,R10,Fleet B,1108,2,2,Y,377005
SHP-2025-02552,2025-10-17,2025-10-18,R03,Partner Haulage,1239,1,1,Y,129720
SHP-2025-02553,2025-10-17,2025-10-18,R08,Fleet B,832,1,1,Y,195237
SHP-2025-02554,2025-10-17,2025-10-20,R03,Partner Haulage,1568,1,3,N,156290
SHP-2025-02555,2025-10-17,2025-10-19,R10,Fleet A,2342,2,2,Y,795418
SHP-2025-02556,2025-10-17,2025-10-19,R10,Fleet B,3001,2,2,Y,1025203
SHP-2025-02557,2025-10-17,2025-10-18,R07,Fleet B,1316,1,1,Y,217910
SHP-2025-02558,2025-10-17,2025-10-18,R07,Fleet A,254,1,1,Y,53542
SHP-2025-02559,2025-10-17,2025-10-18,R06,Fleet B,2889,1,1,Y,168750
SHP-2025-02560,2025-10-17,2025-10-18,R07,Fleet B,2386,1,1,Y,368159
SHP-2025-02561,2025-10-18,2025-10-19,R07,Fleet B,2780,1,1,Y,438306
SHP-2025-02562,2025-10-18,2025-10-19,R07,Fleet A,1893,1,1,Y,317012
SHP-2025-02563,2025-10-18,2025-10-19,R06,Fleet A,1958,1,1,Y,120263
SHP-2025-02564,2025-10-18,2025-10-23,R01,Fleet A,1569,2,5,N,692592
SHP-2025-02565,2025-10-18,2025-10-20,R02,Partner Haulage,2419,2,2,Y,783309
SHP-2025-02566,2025-10-18,2025-10-20,R01,Fleet A,2026,2,2,Y,863024
SHP-2025-02567,2025-10-18,2025-10-20,R04,Fleet A,2094,2,2,Y,765782
SHP-2025-02568,2025-10-18,2025-10-19,R07,Fleet B,934,1,1,Y,160254
SHP-2025-02569,2025-10-18,2025-10-20,R02,Fleet A,1508,2,2,Y,514876
SHP-2025-02570,2025-10-18,2025-10-21,R03,Fleet A,2094,1,3,N,189243
SHP-2025-02571,2025-10-18,2025-10-20,R10,Partner Haulage,1262,2,2,Y,493978
SHP-2025-02572,2025-10-20,2025-10-22,R01,Fleet B,369,2,2,Y,174037
SHP-2025-02573,2025-10-20,2025-10-24,R06,Partner Haulage,2296,1,4,N,146252
SHP-2025-02574,2025-10-20,2025-10-21,R06,Fleet B,2119,1,1,Y,120105
SHP-2025-02575,2025-10-20,2025-10-21,R03,Fleet B,1713,1,1,Y,168217
SHP-2025-02576,2025-10-20,2025-10-22,R04,Partner Haulage,1533,2,2,Y,588284
SHP-2025-02577,2025-10-20,2025-10-22,R02,Fleet B,2424,2,2,Y,805269
SHP-2025-02578,2025-10-20,2025-10-22,R02,Fleet A,1361,2,2,Y,489923
SHP-2025-02579,2025-10-20,2025-10-22,R01,Partner Haulage,2431,2,2,Y,1016954
SHP-2025-02580,2025-10-20,2025-10-21,R06,Fleet A,1049,1,1,Y,77650
SHP-2025-02581,2025-10-20,2025-10-21,R06,Fleet B,1825,1,1,Y,120049
SHP-2025-02582,2025-10-20,2025-10-22,R04,Fleet A,2969,2,2,Y,1130866
SHP-2025-02583,2025-10-20,2025-10-21,R05,Fleet A,2488,1,1,Y,724890
SHP-2025-02584,2025-10-20,2025-10-24,R07,Fleet B,1880,1,4,N,338709
SHP-2025-02585,2025-10-21,2025-10-22,R06,Fleet A,1625,1,1,Y,110791
SHP-2025-02586,2025-10-21,2025-10-22,R06,Fleet B,1420,1,1,Y,99443
SHP-2025-02587,2025-10-21,2025-10-22,R05,Partner Haulage,2472,1,1,Y,641971
SHP-2025-02588,2025-10-21,2025-10-22,R03,Fleet B,2329,1,1,Y,238995
SHP-2025-02589,2025-10-21,2025-10-23,R02,Fleet B,2134,2,2,Y,728599
SHP-2025-02590,2025-10-21,2025-10-22,R06,Fleet B,1956,1,1,Y,125953
SHP-2025-02591,2025-10-21,2025-10-22,R05,Fleet A,2705,1,1,Y,767626
SHP-2025-02592,2025-10-21,2025-10-23,R01,Fleet B,2005,2,2,Y,920086
SHP-2025-02593,2025-10-21,2025-10-24,R09,Partner Haulage,745,3,3,Y,462936
SHP-2025-02594,2025-10-21,2025-10-26,R02,Fleet A,317,2,5,N,133910
SHP-2025-02595,2025-10-22,2025-10-23,R05,Fleet A,2052,1,1,Y,533679
SHP-2025-02596,2025-10-22,2025-10-23,R08,Partner Haulage,968,1,1,Y,215398
SHP-2025-02597,2025-10-22,2025-10-23,R06,Fleet B,2978,1,1,Y,164962
SHP-2025-02598,2025-10-22,2025-10-23,R07,Fleet B,2315,1,1,Y,372351
SHP-2025-02599,2025-10-22,2025-10-25,R09,Fleet B,1082,3,3,Y,694299
SHP-2025-02600,2025-10-22,2025-10-24,R04,Partner Haulage,1684,2,2,Y,609788
SHP-2025-02601,2025-10-22,2025-10-23,R06,Partner Haulage,1899,1,1,Y,125990
SHP-2025-02602,2025-10-23,2025-10-24,R07,Fleet A,1446,1,1,Y,245147
SHP-2025-02603,2025-10-23,2025-10-25,R01,Fleet A,2060,2,2,Y,871024
SHP-2025-02604,2025-10-23,2025-10-25,R10,Fleet A,3785,2,2,Y,1305107
SHP-2025-02605,2025-10-23,2025-10-27,R05,Partner Haulage,1161,1,4,N,306887
SHP-2025-02606,2025-10-23,2025-10-25,R04,Fleet B,3025,2,2,Y,1059426
SHP-2025-02607,2025-10-23,2025-10-24,R03,Fleet A,2082,1,1,Y,169992
SHP-2025-02608,2025-10-23,2025-10-25,R10,Fleet A,746,2,2,Y,259382
SHP-2025-02609,2025-10-23,2025-10-24,R06,Fleet A,1844,1,1,Y,139019
SHP-2025-02610,2025-10-23,2025-10-26,R09,Fleet A,2622,3,3,Y,1718668
SHP-2025-02611,2025-10-23,2025-10-25,R01,Fleet B,2275,2,2,Y,956913
SHP-2025-02612,2025-10-23,2025-10-24,R05,Partner Haulage,1433,1,1,Y,406450
SHP-2025-02613,2025-10-23,2025-10-24,R07,Fleet B,4055,1,1,Y,552902
SHP-2025-02614,2025-10-23,2025-10-24,R03,Fleet A,2843,1,1,Y,256682
SHP-2025-02615,2025-10-23,2025-10-24,R07,Partner Haulage,1923,1,1,Y,283703
SHP-2025-02616,2025-10-24,2025-10-26,R10,Fleet A,1596,2,2,Y,526606
SHP-2025-02617,2025-10-24,2025-10-25,R07,Fleet A,2397,1,1,Y,399545
SHP-2025-02618,2025-10-24,2025-10-29,R09,Fleet B,2519,3,5,N,1598705
SHP-2025-02619,2025-10-24,2025-10-25,R06,Fleet A,1762,1,1,Y,109818
SHP-2025-02620,2025-10-24,2025-10-25,R05,Fleet B,50,1,1,Y,28606
SHP-2025-02621,2025-10-24,2025-10-25,R05,Fleet A,3704,1,1,Y,989043
SHP-2025-02622,2025-10-24,2025-10-25,R06,Fleet B,1664,1,1,Y,107421
SHP-2025-02623,2025-10-24,2025-10-25,R07,Fleet A,1533,1,1,Y,239426
SHP-2025-02624,2025-10-24,2025-10-25,R05,Fleet A,1908,1,1,Y,560885
SHP-2025-02625,2025-10-24,2025-10-26,R04,Fleet B,2593,2,2,Y,948437
SHP-2025-02626,2025-10-24,2025-10-26,R02,Fleet B,3415,2,2,Y,1178719
SHP-2025-02627,2025-10-24,2025-10-25,R03,Fleet A,1461,1,1,Y,134970
SHP-2025-02628,2025-10-24,2025-10-25,R07,Fleet A,1977,1,1,Y,289672
SHP-2025-02629,2025-10-24,2025-10-27,R05,Fleet B,268,1,3,N,82700
SHP-2025-02630,2025-10-24,2025-10-25,R06,Fleet A,2988,1,1,Y,188312
SHP-2025-02631,2025-10-26,2025-10-27,R08,Fleet A,1328,1,1,Y,319392
SHP-2025-02632,2025-10-26,2025-10-30,R01,Partner Haulage,1118,2,4,N,530570
SHP-2025-02633,2025-10-26,2025-10-28,R01,Fleet A,2510,2,2,Y,1099086
SHP-2025-02634,2025-10-26,2025-10-27,R06,Fleet A,1063,1,1,Y,74868
SHP-2025-02635,2025-10-26,2025-10-27,R05,Fleet A,1983,1,1,Y,557469
SHP-2025-02636,2025-10-26,2025-10-27,R06,Fleet A,280,1,1,Y,32204
SHP-2025-02637,2025-10-26,2025-10-28,R02,Fleet A,492,2,2,Y,179404
SHP-2025-02638,2025-10-26,2025-10-27,R03,Fleet A,1515,1,1,Y,146171
SHP-2025-02639,2025-10-26,2025-10-27,R05,Fleet A,1316,1,1,Y,345861
SHP-2025-02640,2025-10-26,2025-10-27,R07,Fleet A,341,1,1,Y,66066
SHP-2025-02641,2025-10-27,2025-10-29,R10,Fleet A,3459,2,2,Y,1194532
SHP-2025-02642,2025-10-27,2025-10-29,R10,Fleet A,2345,2,2,Y,803076
SHP-2025-02643,2025-10-27,2025-10-28,R06,Fleet A,1874,1,1,Y,119571
SHP-2025-02644,2025-10-27,2025-10-28,R07,Fleet A,252,1,1,Y,49877
SHP-2025-02645,2025-10-27,2025-10-28,R03,Fleet A,120,1,1,Y,25785
SHP-2025-02646,2025-10-27,2025-10-29,R02,Partner Haulage,3323,2,2,Y,990601
SHP-2025-02647,2025-10-27,2025-10-28,R06,Fleet A,2908,1,1,Y,194225
SHP-2025-02648,2025-10-27,2025-10-28,R06,Fleet B,2025,1,1,Y,127749
SHP-2025-02649,2025-10-28,2025-10-30,R10,Fleet A,1321,2,2,Y,477375
SHP-2025-02650,2025-10-28,2025-10-30,R10,Fleet B,1508,2,2,Y,502356
SHP-2025-02651,2025-10-28,2025-10-29,R05,Fleet B,955,1,1,Y,278536
SHP-2025-02652,2025-10-28,2025-10-31,R09,Partner Haulage,2406,3,3,Y,1592219
SHP-2025-02653,2025-10-28,2025-10-31,R09,Fleet A,2446,3,3,Y,1677415
SHP-2025-02654,2025-10-28,2025-10-30,R01,Fleet A,2642,2,2,Y,1028637
SHP-2025-02655,2025-10-28,2025-10-30,R04,Fleet A,1179,2,2,Y,419105
SHP-2025-02656,2025-10-28,2025-10-29,R03,Fleet A,1091,1,1,Y,112581
SHP-2025-02657,2025-10-29,2025-10-30,R03,Partner Haulage,2170,1,1,Y,215191
SHP-2025-02658,2025-10-29,2025-10-30,R07,Partner Haulage,1481,1,1,Y,224122
SHP-2025-02659,2025-10-29,2025-10-31,R10,Fleet A,3118,2,2,Y,1086976
SHP-2025-02660,2025-10-29,2025-10-30,R03,Fleet A,3024,1,1,Y,235393
SHP-2025-02661,2025-10-29,2025-10-30,R03,Fleet A,2609,1,1,Y,250015
SHP-2025-02662,2025-10-29,2025-10-31,R01,Fleet A,1782,2,2,Y,797561
SHP-2025-02663,2025-10-29,2025-11-02,R03,Fleet B,2654,1,4,N,229634
SHP-2025-02664,2025-10-29,2025-10-31,R10,Partner Haulage,50,2,2,Y,31537
SHP-2025-02665,2025-10-29,2025-10-31,R04,Fleet B,2868,2,2,Y,1066008
SHP-2025-02666,2025-10-29,2025-10-30,R08,Fleet A,1627,1,1,Y,437522
SHP-2025-02667,2025-10-29,2025-10-30,R06,Fleet B,3260,1,1,Y,208354
SHP-2025-02668,2025-10-30,2025-10-31,R06,Fleet B,2084,1,1,Y,129455
SHP-2025-02669,2025-10-30,2025-11-03,R08,Fleet B,1424,1,4,N,346183
SHP-2025-02670,2025-10-30,2025-10-31,R08,Fleet A,1941,1,1,Y,430584
SHP-2025-02671,2025-10-30,2025-11-01,R02,Fleet A,1841,2,2,Y,723977
SHP-2025-02672,2025-10-30,2025-11-01,R02,Partner Haulage,1754,2,2,Y,662949
SHP-2025-02673,2025-10-30,2025-11-01,R04,Fleet A,50,2,2,Y,32146
SHP-2025-02674,2025-10-30,2025-11-01,R01,Fleet A,2791,2,2,Y,1223439
SHP-2025-02675,2025-10-30,2025-10-31,R05,Fleet A,1742,1,1,Y,476843
SHP-2025-02676,2025-10-30,2025-10-31,R06,Partner Haulage,50,1,1,Y,17830
SHP-2025-02677,2025-10-30,2025-10-31,R06,Fleet A,2199,1,1,Y,138050
SHP-2025-02678,2025-10-30,2025-11-02,R10,Fleet B,96,2,3,N,50396
SHP-2025-02679,2025-10-31,2025-11-01,R08,Fleet A,76,1,1,Y,30677
SHP-2025-02680,2025-10-31,2025-11-03,R06,Fleet A,1951,1,3,N,122120
SHP-2025-02681,2025-10-31,2025-11-02,R01,Partner Haulage,857,2,2,Y,378254
SHP-2025-02682,2025-10-31,2025-11-02,R10,Fleet B,2283,2,2,Y,752125
SHP-2025-02683,2025-10-31,2025-11-02,R01,Partner Haulage,2643,2,2,Y,968875
SHP-2025-02684,2025-10-31,2025-11-01,R03,Fleet A,2806,1,1,Y,280725
SHP-2025-02685,2025-10-31,2025-11-01,R03,Partner Haulage,1922,1,1,Y,188266
SHP-2025-02686,2025-10-31,2025-11-02,R10,Fleet A,1059,2,2,Y,341406
SHP-2025-02687,2025-10-31,2025-11-02,R10,Fleet A,1402,2,2,Y,461904
SHP-2025-02688,2025-10-31,2025-11-02,R04,Partner Haulage,1217,2,2,Y,489713
SHP-2025-02689,2025-10-31,2025-11-02,R01,Fleet A,1723,2,2,Y,720190
SHP-2025-02690,2025-10-31,2025-11-02,R01,Fleet B,3737,2,2,Y,1789815
SHP-2025-02691,2025-10-31,2025-11-02,R04,Fleet B,1634,2,2,Y,635454
SHP-2025-02692,2025-10-31,2025-11-01,R07,Fleet A,1334,1,1,Y,189364
SHP-2025-02693,2025-11-03,2025-11-04,R06,Partner Haulage,1752,1,1,Y,116102
SHP-2025-02694,2025-11-03,2025-11-04,R05,Fleet B,2049,1,1,Y,499691
SHP-2025-02695,2025-11-03,2025-11-05,R08,Partner Haulage,3018,1,2,N,702772
SHP-2025-02696,2025-11-03,2025-11-04,R06,Fleet A,2686,1,1,Y,167238
SHP-2025-02697,2025-11-03,2025-11-05,R02,Fleet B,893,2,2,Y,306911
SHP-2025-02698,2025-11-03,2025-11-05,R04,Partner Haulage,1297,2,2,Y,472677
SHP-2025-02699,2025-11-03,2025-11-06,R09,Partner Haulage,1330,3,3,Y,875382
SHP-2025-02700,2025-11-03,2025-11-06,R02,Partner Haulage,1322,2,3,N,485886
SHP-2025-02701,2025-11-03,2025-11-04,R03,Fleet B,1281,1,1,Y,119973
SHP-2025-02702,2025-11-03,2025-11-05,R04,Partner Haulage,852,2,2,Y,315110
SHP-2025-02703,2025-11-03,2025-11-04,R08,Fleet A,1122,1,1,Y,257389
SHP-2025-02704,2025-11-03,2025-11-04,R06,Fleet A,2266,1,1,Y,145542
SHP-2025-02705,2025-11-03,2025-11-05,R04,Fleet B,1698,2,2,Y,675700
SHP-2025-02706,2025-11-04,2025-11-05,R08,Fleet A,1709,1,1,Y,425964
SHP-2025-02707,2025-11-04,2025-11-05,R08,Fleet A,499,1,1,Y,140211
SHP-2025-02708,2025-11-04,2025-11-06,R10,Fleet A,2343,2,2,Y,801758
SHP-2025-02709,2025-11-04,2025-11-05,R07,Fleet B,2263,1,1,Y,347595
SHP-2025-02710,2025-11-04,2025-11-05,R03,Fleet B,630,1,1,Y,68366
SHP-2025-02711,2025-11-04,2025-11-06,R07,Fleet A,2370,1,2,N,398141
SHP-2025-02712,2025-11-04,2025-11-05,R06,Partner Haulage,1679,1,1,Y,113636
SHP-2025-02713,2025-11-04,2025-11-06,R06,Fleet A,572,1,2,N,51210
SHP-2025-02714,2025-11-04,2025-11-07,R08,Fleet A,2640,1,3,N,662502
SHP-2025-02715,2025-11-04,2025-11-05,R06,Fleet B,1261,1,1,Y,85419
SHP-2025-02716,2025-11-04,2025-11-05,R05,Fleet A,854,1,1,Y,248075
SHP-2025-02717,2025-11-04,2025-11-06,R02,Fleet A,1481,2,2,Y,501203
SHP-2025-02718,2025-11-04,2025-11-06,R01,Fleet A,512,2,2,Y,226735
SHP-2025-02719,2025-11-05,2025-11-06,R05,Fleet B,1474,1,1,Y,414960
SHP-2025-02720,2025-11-05,2025-11-07,R01,Fleet B,2499,2,2,Y,991740
SHP-2025-02721,2025-11-05,2025-11-06,R03,Partner Haulage,3156,1,1,Y,272679
SHP-2025-02722,2025-11-05,2025-11-07,R01,Fleet A,1942,2,2,Y,894049
SHP-2025-02723,2025-11-05,2025-11-07,R01,Fleet A,1874,2,2,Y,883731
SHP-2025-02724,2025-11-05,2025-11-07,R04,Fleet A,1494,2,2,Y,554856
SHP-2025-02725,2025-11-05,2025-11-06,R06,Fleet A,597,1,1,Y,46910
SHP-2025-02726,2025-11-05,2025-11-08,R09,Fleet B,50,3,3,Y,48959
SHP-2025-02727,2025-11-05,2025-11-09,R08,Partner Haulage,2935,1,4,N,761392
SHP-2025-02728,2025-11-05,2025-11-06,R03,Partner Haulage,1242,1,1,Y,135435
SHP-2025-02729,2025-11-05,2025-11-07,R08,Fleet A,2442,1,2,N,547691
SHP-2025-02730,2025-11-05,2025-11-06,R03,Partner Haulage,2400,1,1,Y,227136
SHP-2025-02731,2025-11-05,2025-11-06,R03,Fleet B,1122,1,1,Y,119968
SHP-2025-02732,2025-11-05,2025-11-11,R09,Fleet A,1354,3,6,N,862010
SHP-2025-02733,2025-11-06,2025-11-07,R07,Fleet A,771,1,1,Y,129564
SHP-2025-02734,2025-11-06,2025-11-07,R03,Fleet A,996,1,1,Y,105189
SHP-2025-02735,2025-11-06,2025-11-08,R10,Fleet B,1467,2,2,Y,451351
SHP-2025-02736,2025-11-06,2025-11-07,R03,Fleet B,2282,1,1,Y,218782
SHP-2025-02737,2025-11-06,2025-11-07,R08,Partner Haulage,3058,1,1,Y,723962
SHP-2025-02738,2025-11-06,2025-11-09,R09,Fleet B,2204,3,3,Y,1329560
SHP-2025-02739,2025-11-06,2025-11-08,R04,Fleet A,471,2,2,Y,188458
SHP-2025-02740,2025-11-06,2025-11-08,R04,Fleet A,1663,2,2,Y,678505
SHP-2025-02741,2025-11-06,2025-11-07,R05,Fleet B,1949,1,1,Y,536308
SHP-2025-02742,2025-11-06,2025-11-08,R10,Fleet B,2934,2,2,Y,1061851
SHP-2025-02743,2025-11-06,2025-11-08,R10,Fleet B,1869,2,2,Y,638379
SHP-2025-02744,2025-11-06,2025-11-07,R03,Fleet B,2936,1,1,Y,268463
SHP-2025-02745,2025-11-06,2025-11-07,R08,Partner Haulage,2064,1,1,Y,491032
SHP-2025-02746,2025-11-06,2025-11-11,R01,Partner Haulage,2312,2,5,N,907992
SHP-2025-02747,2025-11-06,2025-11-08,R04,Fleet B,3037,2,2,Y,1026236
SHP-2025-02748,2025-11-06,2025-11-11,R02,Fleet A,1169,2,5,N,375670
SHP-2025-02749,2025-11-07,2025-11-08,R06,Fleet A,2469,1,1,Y,166451
SHP-2025-02750,2025-11-07,2025-11-09,R10,Partner Haulage,1122,2,2,Y,384373
SHP-2025-02751,2025-11-07,2025-11-08,R03,Partner Haulage,1855,1,1,Y,176737
SHP-2025-02752,2025-11-07,2025-11-08,R06,Fleet A,2163,1,1,Y,139416
SHP-2025-02753,2025-11-07,2025-11-10,R07,Fleet A,1612,1,3,N,276384
SHP-2025-02754,2025-11-07,2025-11-11,R04,Fleet A,652,2,4,N,268671
SHP-2025-02755,2025-11-07,2025-11-08,R03,Fleet A,3209,1,1,Y,264177
SHP-2025-02756,2025-11-07,2025-11-08,R06,Fleet A,2748,1,1,Y,190537
SHP-2025-02757,2025-11-07,2025-11-08,R05,Partner Haulage,2390,1,1,Y,622303
SHP-2025-02758,2025-11-07,2025-11-09,R04,Fleet B,1093,2,2,Y,394322
SHP-2025-02759,2025-11-10,2025-11-11,R03,Fleet A,1084,1,1,Y,104444
SHP-2025-02760,2025-11-10,2025-11-12,R04,Fleet B,2338,2,2,Y,880590
SHP-2025-02761,2025-11-10,2025-11-11,R03,Fleet B,1545,1,1,Y,135397
SHP-2025-02762,2025-11-10,2025-11-12,R10,Fleet B,2346,2,2,Y,801421
SHP-2025-02763,2025-11-10,2025-11-11,R06,Partner Haulage,2006,1,1,Y,135799
SHP-2025-02764,2025-11-10,2025-11-12,R01,Fleet B,1189,2,2,Y,538918
SHP-2025-02765,2025-11-10,2025-11-13,R09,Fleet A,1600,3,3,Y,1006503
SHP-2025-02766,2025-11-10,2025-11-11,R08,Fleet A,2392,1,1,Y,582324
SHP-2025-02767,2025-11-10,2025-11-11,R08,Fleet A,3464,1,1,Y,856232
SHP-2025-02768,2025-11-10,2025-11-12,R02,Fleet A,1320,2,2,Y,460588
SHP-2025-02769,2025-11-10,2025-11-12,R01,Fleet B,1196,2,2,Y,438327
SHP-2025-02770,2025-11-10,2025-11-12,R01,Fleet B,654,2,2,Y,294450
SHP-2025-02771,2025-11-10,2025-11-12,R02,Partner Haulage,925,2,2,Y,343675
SHP-2025-02772,2025-11-10,2025-11-11,R05,Fleet A,2695,1,1,Y,735837
SHP-2025-02773,2025-11-11,2025-11-13,R01,Fleet A,2218,2,2,Y,909984
SHP-2025-02774,2025-11-11,2025-11-13,R10,Fleet A,3072,2,2,Y,1018663
SHP-2025-02775,2025-11-11,2025-11-13,R01,Fleet A,2231,2,2,Y,1052584
SHP-2025-02776,2025-11-11,2025-11-14,R09,Fleet A,2329,3,3,Y,1416505
SHP-2025-02777,2025-11-11,2025-11-12,R06,Partner Haulage,2113,1,1,Y,129825
SHP-2025-02778,2025-11-11,2025-11-12,R03,Fleet B,1002,1,1,Y,97263
SHP-2025-02779,2025-11-11,2025-11-13,R06,Partner Haulage,50,1,2,N,17901
SHP-2025-02780,2025-11-11,2025-11-12,R03,Fleet B,3097,1,1,Y,262484
SHP-2025-02781,2025-11-11,2025-11-13,R10,Fleet A,1519,2,2,Y,504225
SHP-2025-02782,2025-11-11,2025-11-17,R09,Partner Haulage,1099,3,6,N,722274
SHP-2025-02783,2025-11-11,2025-11-13,R02,Fleet B,1063,2,2,Y,386382
SHP-2025-02784,2025-11-11,2025-11-13,R10,Fleet B,2121,2,2,Y,681610
SHP-2025-02785,2025-11-11,2025-11-12,R06,Fleet A,2842,1,1,Y,187258
SHP-2025-02786,2025-11-11,2025-11-12,R03,Fleet A,784,1,1,Y,85664
SHP-2025-02787,2025-11-11,2025-11-13,R10,Fleet A,1847,2,2,Y,687244
SHP-2025-02788,2025-11-12,2025-11-14,R04,Fleet A,2588,2,2,Y,903017
SHP-2025-02789,2025-11-12,2025-11-13,R08,Fleet B,1081,1,1,Y,248443
SHP-2025-02790,2025-11-12,2025-11-14,R04,Fleet A,2424,2,2,Y,768901
SHP-2025-02791,2025-11-12,2025-11-13,R08,Fleet B,696,1,1,Y,161325
SHP-2025-02792,2025-11-12,2025-11-17,R10,Fleet A,2067,2,5,N,704508
SHP-2025-02793,2025-11-12,2025-11-14,R10,Fleet B,667,2,2,Y,233831
SHP-2025-02794,2025-11-12,2025-11-13,R05,Fleet A,1228,1,1,Y,354392
SHP-2025-02795,2025-11-12,2025-11-13,R03,Fleet A,2285,1,1,Y,230375
SHP-2025-02796,2025-11-12,2025-11-14,R10,Fleet B,353,2,2,Y,112438
SHP-2025-02797,2025-11-12,2025-11-14,R01,Partner Haulage,1580,2,2,Y,608576
SHP-2025-02798,2025-11-12,2025-11-14,R02,Fleet A,2061,2,2,Y,762896
SHP-2025-02799,2025-11-12,2025-11-13,R08,Fleet B,1125,1,1,Y,255374
SHP-2025-02800,2025-11-12,2025-11-14,R10,Fleet A,3462,2,2,Y,1169763
SHP-2025-02801,2025-11-13,2025-11-15,R02,Fleet A,2985,2,2,Y,1036115
SHP-2025-02802,2025-11-13,2025-11-16,R09,Partner Haulage,868,3,3,Y,584399
SHP-2025-02803,2025-11-13,2025-11-14,R06,Fleet B,1280,1,1,Y,87474
SHP-2025-02804,2025-11-13,2025-11-14,R07,Fleet B,1521,1,1,Y,225543
SHP-2025-02805,2025-11-13,2025-11-14,R08,Fleet A,1353,1,1,Y,306477
SHP-2025-02806,2025-11-13,2025-11-15,R01,Partner Haulage,829,2,2,Y,376001
SHP-2025-02807,2025-11-13,2025-11-15,R01,Fleet A,1236,2,2,Y,518071
SHP-2025-02808,2025-11-13,2025-11-15,R02,Fleet A,2470,2,2,Y,942007
SHP-2025-02809,2025-11-13,2025-11-15,R07,Partner Haulage,3071,1,2,N,475485
SHP-2025-02810,2025-11-13,2025-11-15,R10,Fleet A,2363,2,2,Y,761663
SHP-2025-02811,2025-11-13,2025-11-15,R01,Fleet A,1436,2,2,Y,582837
SHP-2025-02812,2025-11-13,2025-11-15,R01,Fleet B,2369,2,2,Y,834878
SHP-2025-02813,2025-11-14,2025-11-15,R07,Fleet B,2677,1,1,Y,400616
SHP-2025-02814,2025-11-14,2025-11-15,R03,Fleet B,2148,1,1,Y,206979
SHP-2025-02815,2025-11-14,2025-11-16,R08,Fleet B,1323,1,2,N,320303
SHP-2025-02816,2025-11-14,2025-11-15,R07,Fleet B,2241,1,1,Y,331176
SHP-2025-02817,2025-11-14,2025-11-15,R03,Fleet B,3008,1,1,Y,290356
SHP-2025-02818,2025-11-14,2025-11-15,R05,Fleet B,403,1,1,Y,125153
SHP-2025-02819,2025-11-14,2025-11-15,R03,Fleet B,1341,1,1,Y,126308
SHP-2025-02820,2025-11-14,2025-11-15,R03,Fleet B,1829,1,1,Y,172114
SHP-2025-02821,2025-11-14,2025-11-19,R01,Partner Haulage,2629,2,5,N,1084982
SHP-2025-02822,2025-11-14,2025-11-16,R02,Fleet A,2600,2,2,Y,910892
SHP-2025-02823,2025-11-16,2025-11-17,R06,Partner Haulage,2337,1,1,Y,151487
SHP-2025-02824,2025-11-16,2025-11-17,R05,Fleet B,2092,1,1,Y,558111
SHP-2025-02825,2025-11-16,2025-11-17,R06,Fleet B,793,1,1,Y,57850
SHP-2025-02826,2025-11-16,2025-11-18,R10,Fleet A,1936,2,2,Y,697121
SHP-2025-02827,2025-11-16,2025-11-17,R06,Partner Haulage,576,1,1,Y,47590
SHP-2025-02828,2025-11-16,2025-11-17,R03,Fleet B,2619,1,1,Y,252168
SHP-2025-02829,2025-11-16,2025-11-17,R06,Fleet A,255,1,1,Y,27055
SHP-2025-02830,2025-11-16,2025-11-17,R08,Partner Haulage,1147,1,1,Y,275904
SHP-2025-02831,2025-11-16,2025-11-18,R04,Fleet A,3079,2,2,Y,1124714
SHP-2025-02832,2025-11-16,2025-11-18,R01,Fleet A,2207,2,2,Y,940959
SHP-2025-02833,2025-11-17,2025-11-18,R06,Fleet A,2556,1,1,Y,152655
SHP-2025-02834,2025-11-17,2025-11-18,R07,Fleet A,2326,1,1,Y,340117
SHP-2025-02835,2025-11-17,2025-11-21,R09,Fleet A,1408,3,4,N,868329
SHP-2025-02836,2025-11-17,2025-11-18,R08,Fleet B,2171,1,1,Y,476357
SHP-2025-02837,2025-11-17,2025-11-19,R01,Fleet A,1270,2,2,Y,559604
SHP-2025-02838,2025-11-17,2025-11-21,R07,Fleet B,1384,1,4,N,223873
SHP-2025-02839,2025-11-17,2025-11-18,R03,Fleet A,2181,1,1,Y,204071
SHP-2025-02840,2025-11-17,2025-11-20,R09,Fleet A,451,3,3,Y,294592
SHP-2025-02841,2025-11-17,2025-11-18,R05,Fleet A,1722,1,1,Y,477255
SHP-2025-02842,2025-11-17,2025-11-18,R03,Partner Haulage,3146,1,1,Y,315371
SHP-2025-02843,2025-11-17,2025-11-21,R04,Fleet A,934,2,4,N,366100
SHP-2025-02844,2025-11-17,2025-11-19,R01,Fleet A,1729,2,2,Y,732400
SHP-2025-02845,2025-11-17,2025-11-19,R10,Fleet B,1456,2,2,Y,514629
SHP-2025-02846,2025-11-17,2025-11-20,R01,Partner Haulage,2094,2,3,N,895356
SHP-2025-02847,2025-11-18,2025-11-19,R03,Fleet A,748,1,1,Y,88373
SHP-2025-02848,2025-11-18,2025-11-21,R02,Fleet B,2447,2,3,N,833857
SHP-2025-02849,2025-11-18,2025-11-19,R07,Fleet B,2570,1,1,Y,394016
SHP-2025-02850,2025-11-18,2025-11-20,R01,Partner Haulage,2197,2,2,Y,833991
SHP-2025-02851,2025-11-18,2025-11-19,R08,Fleet A,767,1,1,Y,168129
SHP-2025-02852,2025-11-18,2025-11-20,R10,Partner Haulage,1557,2,2,Y,544077
SHP-2025-02853,2025-11-18,2025-11-19,R03,Fleet B,818,1,1,Y,78553
SHP-2025-02854,2025-11-18,2025-11-19,R06,Fleet A,882,1,1,Y,62356
SHP-2025-02855,2025-11-18,2025-11-21,R01,Fleet A,1822,2,3,N,786023
SHP-2025-02856,2025-11-18,2025-11-21,R09,Fleet B,2158,3,3,Y,1394198
SHP-2025-02857,2025-11-18,2025-11-20,R04,Fleet A,1910,2,2,Y,718160
SHP-2025-02858,2025-11-18,2025-11-23,R09,Fleet B,500,3,5,N,363283
SHP-2025-02859,2025-11-18,2025-11-20,R10,Fleet B,1828,2,2,Y,657315
SHP-2025-02860,2025-11-18,2025-11-20,R04,Fleet A,3912,2,2,Y,1368710
SHP-2025-02861,2025-11-18,2025-11-19,R03,Partner Haulage,1551,1,1,Y,158885
SHP-2025-02862,2025-11-18,2025-11-19,R06,Fleet B,2174,1,1,Y,148029
SHP-2025-02863,2025-11-19,2025-11-20,R03,Partner Haulage,1612,1,1,Y,177306
SHP-2025-02864,2025-11-19,2025-11-21,R01,Fleet B,2384,2,2,Y,1067021
SHP-2025-02865,2025-11-19,2025-11-21,R02,Fleet A,3563,2,2,Y,1215327
SHP-2025-02866,2025-11-19,2025-11-20,R08,Fleet A,355,1,1,Y,86473
SHP-2025-02867,2025-11-19,2025-11-23,R02,Fleet A,1077,2,4,N,414733
SHP-2025-02868,2025-11-19,2025-11-21,R10,Fleet A,2431,2,2,Y,791402
SHP-2025-02869,2025-11-19,2025-11-20,R07,Fleet A,2616,1,1,Y,419422
SHP-2025-02870,2025-11-19,2025-11-20,R06,Fleet B,1634,1,1,Y,104280
SHP-2025-02871,2025-11-19,2025-11-20,R06,Partner Haulage,2663,1,1,Y,175984
SHP-2025-02872,2025-11-19,2025-11-21,R04,Fleet A,1406,2,2,Y,554314
SHP-2025-02873,2025-11-20,2025-11-22,R04,Fleet B,1247,2,2,Y,461414
SHP-2025-02874,2025-11-20,2025-11-22,R10,Fleet A,857,2,2,Y,317802
SHP-2025-02875,2025-11-20,2025-11-22,R10,Fleet A,1850,2,2,Y,641289
SHP-2025-02876,2025-11-20,2025-11-22,R10,Partner Haulage,891,2,2,Y,322720
SHP-2025-02877,2025-11-20,2025-11-22,R10,Fleet A,817,2,2,Y,287107
SHP-2025-02878,2025-11-20,2025-11-22,R02,Partner Haulage,757,2,2,Y,275464
SHP-2025-02879,2025-11-20,2025-11-22,R01,Fleet A,686,2,2,Y,328380
SHP-2025-02880,2025-11-20,2025-11-22,R04,Fleet A,723,2,2,Y,253674
SHP-2025-02881,2025-11-20,2025-11-21,R06,Fleet A,1662,1,1,Y,113298
SHP-2025-02882,2025-11-20,2025-11-22,R02,Partner Haulage,2458,2,2,Y,857144
SHP-2025-02883,2025-11-20,2025-11-21,R05,Fleet A,1033,1,1,Y,288831
SHP-2025-02884,2025-11-20,2025-11-22,R02,Fleet B,1736,2,2,Y,608624
SHP-2025-02885,2025-11-20,2025-11-21,R08,Partner Haulage,1469,1,1,Y,334346
SHP-2025-02886,2025-11-20,2025-11-22,R03,Partner Haulage,753,1,2,N,87190
SHP-2025-02887,2025-11-20,2025-11-21,R07,Fleet B,214,1,1,Y,44235
SHP-2025-02888,2025-11-20,2025-11-22,R02,Fleet B,411,2,2,Y,152733
SHP-2025-02889,2025-11-21,2025-11-23,R04,Fleet A,1740,2,2,Y,745174
SHP-2025-02890,2025-11-21,2025-11-23,R07,Fleet A,1262,1,2,N,191697
SHP-2025-02891,2025-11-21,2025-11-24,R09,Fleet A,2588,3,3,Y,1558825
SHP-2025-02892,2025-11-21,2025-11-22,R03,Fleet A,2496,1,1,Y,247908
SHP-2025-02893,2025-11-21,2025-11-22,R03,Fleet A,1861,1,1,Y,177440
SHP-2025-02894,2025-11-21,2025-11-23,R08,Fleet A,1757,1,2,N,404131
SHP-2025-02895,2025-11-21,2025-11-23,R04,Fleet A,1850,2,2,Y,704783
SHP-2025-02896,2025-11-21,2025-11-23,R02,Fleet A,1137,2,2,Y,435508
SHP-2025-02897,2025-11-21,2025-11-22,R06,Fleet B,1754,1,1,Y,115138
SHP-2025-02898,2025-11-21,2025-11-22,R08,Fleet A,50,1,1,Y,26297
SHP-2025-02899,2025-11-24,2025-11-25,R06,Fleet A,1618,1,1,Y,120823
SHP-2025-02900,2025-11-24,2025-11-26,R04,Fleet A,1362,2,2,Y,540388
SHP-2025-02901,2025-11-24,2025-11-25,R06,Fleet B,1146,1,1,Y,86842
SHP-2025-02902,2025-11-24,2025-11-26,R10,Fleet B,4329,2,2,Y,1376926
SHP-2025-02903,2025-11-24,2025-11-25,R06,Fleet A,2636,1,1,Y,163381
SHP-2025-02904,2025-11-24,2025-11-25,R08,Partner Haulage,2655,1,1,Y,641542
SHP-2025-02905,2025-11-24,2025-11-26,R10,Fleet B,1740,2,2,Y,665724
SHP-2025-02906,2025-11-24,2025-11-26,R02,Fleet B,3148,2,2,Y,1091668
SHP-2025-02907,2025-11-25,2025-11-26,R05,Fleet B,2082,1,1,Y,563799
SHP-2025-02908,2025-11-25,2025-11-28,R04,Fleet A,2040,2,3,N,785235
SHP-2025-02909,2025-11-25,2025-11-26,R06,Fleet B,2576,1,1,Y,166993
SHP-2025-02910,2025-11-25,2025-11-26,R08,Partner Haulage,609,1,1,Y,158474
SHP-2025-02911,2025-11-25,2025-11-26,R06,Partner Haulage,1894,1,1,Y,127088
SHP-2025-02912,2025-11-25,2025-11-27,R04,Fleet A,2169,2,2,Y,782640
SHP-2025-02913,2025-11-25,2025-11-26,R05,Fleet B,1414,1,1,Y,413563
SHP-2025-02914,2025-11-25,2025-11-27,R02,Fleet A,1473,2,2,Y,527981
SHP-2025-02915,2025-11-25,2025-11-26,R06,Partner Haulage,1190,1,1,Y,87228
SHP-2025-02916,2025-11-25,2025-11-26,R08,Fleet A,2334,1,1,Y,506559
SHP-2025-02917,2025-11-25,2025-11-27,R01,Fleet A,1081,2,2,Y,452368
SHP-2025-02918,2025-11-25,2025-11-26,R03,Partner Haulage,730,1,1,Y,88975
SHP-2025-02919,2025-11-25,2025-11-26,R06,Fleet A,2409,1,1,Y,150447
SHP-2025-02920,2025-11-25,2025-11-27,R10,Fleet A,2700,2,2,Y,963948
SHP-2025-02921,2025-11-25,2025-11-26,R06,Fleet B,869,1,1,Y,63527
SHP-2025-02922,2025-11-26,2025-11-27,R08,Fleet B,1221,1,1,Y,299782
SHP-2025-02923,2025-11-26,2025-11-27,R06,Fleet A,650,1,1,Y,49166
SHP-2025-02924,2025-11-26,2025-11-27,R03,Fleet B,1636,1,1,Y,144020
SHP-2025-02925,2025-11-26,2025-11-29,R09,Fleet B,723,3,3,Y,473857
SHP-2025-02926,2025-11-26,2025-11-27,R08,Fleet B,917,1,1,Y,226452
SHP-2025-02927,2025-11-26,2025-11-27,R03,Partner Haulage,1711,1,1,Y,164092
SHP-2025-02928,2025-11-26,2025-11-28,R02,Fleet A,1259,2,2,Y,441765
SHP-2025-02929,2025-11-26,2025-11-28,R10,Fleet A,2506,2,2,Y,910680
SHP-2025-02930,2025-11-26,2025-11-28,R10,Fleet B,1366,2,2,Y,504962
SHP-2025-02931,2025-11-26,2025-11-27,R08,Fleet A,2719,1,1,Y,543763
SHP-2025-02932,2025-11-26,2025-11-28,R01,Partner Haulage,2687,2,2,Y,1137193
SHP-2025-02933,2025-11-26,2025-11-27,R03,Fleet A,1939,1,1,Y,184570
SHP-2025-02934,2025-11-26,2025-11-28,R04,Fleet A,498,2,2,Y,200984
SHP-2025-02935,2025-11-27,2025-11-28,R07,Fleet A,2140,1,1,Y,318552
SHP-2025-02936,2025-11-27,2025-11-28,R06,Partner Haulage,2418,1,1,Y,160678
SHP-2025-02937,2025-11-27,2025-11-28,R08,Fleet A,1654,1,1,Y,366263
SHP-2025-02938,2025-11-27,2025-11-29,R10,Fleet B,1608,2,2,Y,551521
SHP-2025-02939,2025-11-27,2025-11-28,R08,Fleet A,1915,1,1,Y,477501
SHP-2025-02940,2025-11-27,2025-12-02,R02,Fleet A,2243,2,5,N,854875
SHP-2025-02941,2025-11-27,2025-11-28,R03,Fleet B,638,1,1,Y,71677
SHP-2025-02942,2025-11-27,2025-11-28,R06,Fleet B,2643,1,1,Y,159685
SHP-2025-02943,2025-11-27,2025-11-28,R06,Fleet B,559,1,1,Y,47034
SHP-2025-02944,2025-11-27,2025-11-29,R02,Partner Haulage,2568,2,2,Y,952731
SHP-2025-02945,2025-11-27,2025-11-28,R07,Fleet A,246,1,1,Y,52610
SHP-2025-02946,2025-11-27,2025-11-28,R03,Partner Haulage,1758,1,1,Y,180897
SHP-2025-02947,2025-11-27,2025-11-30,R08,Fleet A,2416,1,3,N,482455
SHP-2025-02948,2025-11-27,2025-11-28,R05,Partner Haulage,1637,1,1,Y,417815
SHP-2025-02949,2025-11-27,2025-11-29,R02,Partner Haulage,2888,2,2,Y,983892
SHP-2025-02950,2025-11-28,2025-11-29,R06,Fleet A,50,1,1,Y,17710
SHP-2025-02951,2025-11-28,2025-12-01,R02,Fleet A,1405,2,3,N,472892
SHP-2025-02952,2025-11-28,2025-11-29,R06,Fleet A,2292,1,1,Y,141735
SHP-2025-02953,2025-11-28,2025-11-29,R06,Fleet A,2449,1,1,Y,160847
SHP-2025-02954,2025-11-28,2025-11-29,R08,Fleet A,1288,1,1,Y,308096
SHP-2025-02955,2025-11-28,2025-11-29,R06,Fleet B,1097,1,1,Y,84012
SHP-2025-02956,2025-11-28,2025-11-30,R01,Fleet A,1912,2,2,Y,814872
SHP-2025-02957,2025-11-28,2025-11-29,R06,Fleet A,2589,1,1,Y,163547
SHP-2025-02958,2025-11-28,2025-12-01,R08,Fleet A,2653,1,3,N,610813
SHP-2025-02959,2025-11-28,2025-11-30,R01,Fleet B,2184,2,2,Y,859465
SHP-2025-02960,2025-11-28,2025-11-30,R04,Fleet A,2032,2,2,Y,767208
SHP-2025-02961,2025-11-30,2025-12-02,R01,Fleet A,1481,2,2,Y,699113
SHP-2025-02962,2025-11-30,2025-12-02,R01,Fleet A,2836,2,2,Y,1078170
SHP-2025-02963,2025-11-30,2025-12-01,R08,Partner Haulage,3581,1,1,Y,897176
SHP-2025-02964,2025-11-30,2025-12-01,R08,Partner Haulage,2175,1,1,Y,478254
SHP-2025-02965,2025-11-30,2025-12-01,R05,Partner Haulage,2087,1,1,Y,574753
SHP-2025-02966,2025-11-30,2025-12-01,R07,Fleet B,2944,1,1,Y,437708
SHP-2025-02967,2025-11-30,2025-12-01,R05,Fleet B,2694,1,1,Y,744954
SHP-2025-02968,2025-11-30,2025-12-01,R05,Fleet A,3412,1,1,Y,988722
SHP-2025-02969,2025-11-30,2025-12-02,R04,Fleet B,2087,2,2,Y,734064
SHP-2025-02970,2025-11-30,2025-12-01,R06,Fleet A,1945,1,1,Y,133691
SHP-2025-02971,2025-12-01,2025-12-02,R03,Fleet A,2773,1,1,Y,272612
SHP-2025-02972,2025-12-01,2025-12-02,R05,Partner Haulage,3269,1,1,Y,896103
SHP-2025-02973,2025-12-01,2025-12-03,R05,Partner Haulage,2367,1,2,N,644923
SHP-2025-02974,2025-12-01,2025-12-02,R08,Fleet A,2522,1,1,Y,633182
SHP-2025-02975,2025-12-01,2025-12-03,R04,Fleet A,3094,2,2,Y,1180185
SHP-2025-02976,2025-12-01,2025-12-03,R04,Fleet B,2550,2,2,Y,909798
SHP-2025-02977,2025-12-01,2025-12-02,R08,Fleet B,2225,1,1,Y,513690
SHP-2025-02978,2025-12-01,2025-12-03,R10,Partner Haulage,50,2,2,Y,32561
SHP-2025-02979,2025-12-01,2025-12-02,R06,Fleet A,1765,1,1,Y,114017
SHP-2025-02980,2025-12-01,2025-12-02,R07,Fleet A,53,1,1,Y,22499
SHP-2025-02981,2025-12-01,2025-12-02,R03,Fleet A,2154,1,1,Y,206373
SHP-2025-02982,2025-12-01,2025-12-02,R03,Fleet B,1651,1,1,Y,171254
SHP-2025-02983,2025-12-01,2025-12-02,R03,Partner Haulage,863,1,1,Y,91147
SHP-2025-02984,2025-12-01,2025-12-03,R02,Fleet A,1883,2,2,Y,648846
SHP-2025-02985,2025-12-01,2025-12-05,R01,Partner Haulage,3316,2,4,N,1393550
SHP-2025-02986,2025-12-02,2025-12-04,R02,Fleet A,742,2,2,Y,266945
SHP-2025-02987,2025-12-02,2025-12-04,R10,Fleet B,2431,2,2,Y,779426
SHP-2025-02988,2025-12-02,2025-12-04,R01,Partner Haulage,2820,2,2,Y,1161359
SHP-2025-02989,2025-12-02,2025-12-04,R04,Fleet B,1119,2,2,Y,456578
SHP-2025-02990,2025-12-02,2025-12-03,R08,Fleet B,407,1,1,Y,106948
SHP-2025-02991,2025-12-02,2025-12-04,R04,Partner Haulage,2527,2,2,Y,994102
SHP-2025-02992,2025-12-02,2025-12-03,R03,Fleet A,2510,1,1,Y,220561
SHP-2025-02993,2025-12-02,2025-12-05,R09,Fleet A,1946,3,3,Y,1419258
SHP-2025-02994,2025-12-02,2025-12-04,R10,Partner Haulage,3130,2,2,Y,1147278
SHP-2025-02995,2025-12-02,2025-12-03,R08,Fleet A,546,1,1,Y,131757
SHP-2025-02996,2025-12-02,2025-12-06,R04,Partner Haulage,1498,2,4,N,534426
SHP-2025-02997,2025-12-02,2025-12-03,R05,Fleet B,2063,1,1,Y,559041
SHP-2025-02998,2025-12-02,2025-12-03,R06,Fleet B,1199,1,1,Y,88003
SHP-2025-02999,2025-12-02,2025-12-04,R04,Fleet A,1772,2,2,Y,653027
SHP-2025-03000,2025-12-03,2025-12-04,R08,Fleet B,936,1,1,Y,208970
SHP-2025-03001,2025-12-03,2025-12-04,R06,Fleet A,1566,1,1,Y,105619
SHP-2025-03002,2025-12-03,2025-12-04,R03,Partner Haulage,71,1,1,Y,21313
SHP-2025-03003,2025-12-03,2025-12-04,R05,Fleet B,1244,1,1,Y,327647
SHP-2025-03004,2025-12-03,2025-12-05,R04,Fleet B,2076,2,2,Y,770954
SHP-2025-03005,2025-12-03,2025-12-04,R08,Fleet B,1219,1,1,Y,281651
SHP-2025-03006,2025-12-03,2025-12-04,R05,Fleet B,412,1,1,Y,120513
SHP-2025-03007,2025-12-03,2025-12-05,R10,Fleet A,2027,2,2,Y,779147
SHP-2025-03008,2025-12-04,2025-12-05,R06,Fleet A,50,1,1,Y,17939
SHP-2025-03009,2025-12-04,2025-12-06,R04,Partner Haulage,4256,2,2,Y,1747753
SHP-2025-03010,2025-12-04,2025-12-05,R07,Fleet B,1055,1,1,Y,171997
SHP-2025-03011,2025-12-04,2025-12-06,R10,Partner Haulage,837,2,2,Y,302336
SHP-2025-03012,2025-12-04,2025-12-05,R05,Fleet A,2858,1,1,Y,750766
SHP-2025-03013,2025-12-04,2025-12-06,R10,Fleet A,3122,2,2,Y,1087639
SHP-2025-03014,2025-12-04,2025-12-07,R09,Partner Haulage,2530,3,3,Y,1591709
SHP-2025-03015,2025-12-04,2025-12-06,R04,Fleet B,1694,2,2,Y,663733
SHP-2025-03016,2025-12-04,2025-12-05,R03,Fleet A,2370,1,1,Y,231894
SHP-2025-03017,2025-12-04,2025-12-05,R06,Fleet A,1539,1,1,Y,101962
SHP-2025-03018,2025-12-04,2025-12-06,R10,Fleet B,2079,2,2,Y,687850
SHP-2025-03019,2025-12-04,2025-12-06,R02,Partner Haulage,50,2,2,Y,33676
SHP-2025-03020,2025-12-05,2025-12-06,R05,Fleet A,1604,1,1,Y,497947
SHP-2025-03021,2025-12-05,2025-12-06,R08,Fleet B,3190,1,1,Y,711933
SHP-2025-03022,2025-12-05,2025-12-06,R06,Fleet A,1876,1,1,Y,120774
SHP-2025-03023,2025-12-05,2025-12-07,R01,Fleet B,3492,2,2,Y,1432602
SHP-2025-03024,2025-12-05,2025-12-07,R01,Fleet B,2486,2,2,Y,1011890
SHP-2025-03025,2025-12-05,2025-12-06,R07,Fleet A,2164,1,1,Y,342804
SHP-2025-03026,2025-12-05,2025-12-06,R08,Fleet A,3036,1,1,Y,720539
SHP-2025-03027,2025-12-05,2025-12-06,R07,Fleet B,919,1,1,Y,167673
SHP-2025-03028,2025-12-05,2025-12-07,R02,Partner Haulage,2538,2,2,Y,915722
SHP-2025-03029,2025-12-05,2025-12-08,R09,Fleet B,2316,3,3,Y,1476303
SHP-2025-03030,2025-12-05,2025-12-07,R01,Fleet B,1502,2,2,Y,673387
SHP-2025-03031,2025-12-05,2025-12-06,R05,Fleet A,1472,1,1,Y,368700
SHP-2025-03032,2025-12-05,2025-12-07,R10,Fleet A,1906,2,2,Y,693616
SHP-2025-03033,2025-12-05,2025-12-06,R05,Partner Haulage,50,1,1,Y,29242
SHP-2025-03034,2025-12-05,2025-12-06,R07,Fleet B,2382,1,1,Y,381701
SHP-2025-03035,2025-12-06,2025-12-07,R06,Partner Haulage,876,1,1,Y,66722
SHP-2025-03036,2025-12-06,2025-12-07,R03,Fleet A,3218,1,1,Y,319254
SHP-2025-03037,2025-12-06,2025-12-07,R06,Fleet A,3219,1,1,Y,206922
SHP-2025-03038,2025-12-06,2025-12-07,R08,Fleet A,695,1,1,Y,191585
SHP-2025-03039,2025-12-06,2025-12-07,R03,Fleet A,1784,1,1,Y,156003
SHP-2025-03040,2025-12-06,2025-12-07,R03,Fleet B,1081,1,1,Y,102956
SHP-2025-03041,2025-12-06,2025-12-07,R06,Partner Haulage,2158,1,1,Y,140239
SHP-2025-03042,2025-12-06,2025-12-07,R03,Fleet B,1631,1,1,Y,159905
SHP-2025-03043,2025-12-06,2025-12-08,R04,Fleet B,3563,2,2,Y,1254817
SHP-2025-03044,2025-12-06,2025-12-08,R04,Partner Haulage,1625,2,2,Y,597812
SHP-2025-03045,2025-12-06,2025-12-07,R07,Fleet A,2783,1,1,Y,399549
SHP-2025-03046,2025-12-06,2025-12-08,R10,Partner Haulage,1009,2,2,Y,369126
SHP-2025-03047,2025-12-06,2025-12-09,R09,Fleet A,1591,3,3,Y,1011040
SHP-2025-03048,2025-12-06,2025-12-07,R08,Fleet B,202,1,1,Y,60602
SHP-2025-03049,2025-12-07,2025-12-10,R09,Fleet A,1262,3,3,Y,805252
SHP-2025-03050,2025-12-07,2025-12-09,R01,Fleet B,1369,2,2,Y,557057
SHP-2025-03051,2025-12-07,2025-12-09,R02,Partner Haulage,2943,2,2,Y,1165248
SHP-2025-03052,2025-12-07,2025-12-08,R06,Fleet B,888,1,1,Y,64324
SHP-2025-03053,2025-12-07,2025-12-08,R05,Fleet A,2487,1,1,Y,645579
SHP-2025-03054,2025-12-07,2025-12-08,R08,Fleet A,1219,1,1,Y,249673
SHP-2025-03055,2025-12-07,2025-12-09,R01,Fleet B,1725,2,2,Y,648790
SHP-2025-03056,2025-12-07,2025-12-09,R04,Fleet A,2886,2,2,Y,1007238
SHP-2025-03057,2025-12-07,2025-12-09,R08,Fleet A,1086,1,2,N,249630
SHP-2025-03058,2025-12-07,2025-12-09,R02,Fleet A,1186,2,2,Y,445514
SHP-2025-03059,2025-12-08,2025-12-09,R05,Partner Haulage,2049,1,1,Y,586120
SHP-2025-03060,2025-12-08,2025-12-09,R05,Fleet B,1208,1,1,Y,320058
SHP-2025-03061,2025-12-08,2025-12-09,R08,Fleet A,2001,1,1,Y,480335
SHP-2025-03062,2025-12-08,2025-12-10,R10,Partner Haulage,1645,2,2,Y,604429
SHP-2025-03063,2025-12-08,2025-12-10,R04,Partner Haulage,1148,2,2,Y,460307
SHP-2025-03064,2025-12-08,2025-12-09,R05,Partner Haulage,50,1,1,Y,28393
SHP-2025-03065,2025-12-08,2025-12-10,R01,Fleet B,1422,2,2,Y,563553
SHP-2025-03066,2025-12-08,2025-12-12,R02,Fleet A,872,2,4,N,321184
SHP-2025-03067,2025-12-08,2025-12-11,R05,Partner Haulage,2514,1,3,N,732946
SHP-2025-03068,2025-12-08,2025-12-09,R05,Fleet B,1657,1,1,Y,443707
SHP-2025-03069,2025-12-08,2025-12-10,R10,Fleet A,1970,2,2,Y,770844
SHP-2025-03070,2025-12-08,2025-12-10,R10,Fleet B,1785,2,2,Y,546927
SHP-2025-03071,2025-12-08,2025-12-09,R03,Fleet B,2097,1,1,Y,186397
SHP-2025-03072,2025-12-09,2025-12-13,R06,Partner Haulage,1274,1,4,N,85733
SHP-2025-03073,2025-12-09,2025-12-11,R10,Fleet B,90,2,2,Y,45970
SHP-2025-03074,2025-12-09,2025-12-10,R05,Fleet A,50,1,1,Y,29003
SHP-2025-03075,2025-12-09,2025-12-11,R01,Fleet A,2226,2,2,Y,982198
SHP-2025-03076,2025-12-09,2025-12-10,R05,Fleet A,2204,1,1,Y,624427
SHP-2025-03077,2025-12-09,2025-12-11,R04,Fleet B,1884,2,2,Y,769563
SHP-2025-03078,2025-12-09,2025-12-15,R09,Fleet A,3020,3,6,N,1843040
SHP-2025-03079,2025-12-09,2025-12-12,R05,Fleet A,2441,1,3,N,585951
SHP-2025-03080,2025-12-09,2025-12-10,R03,Fleet A,2269,1,1,Y,215776
SHP-2025-03081,2025-12-09,2025-12-10,R08,Fleet A,2388,1,1,Y,539366
SHP-2025-03082,2025-12-10,2025-12-14,R01,Partner Haulage,1520,2,4,N,660915
SHP-2025-03083,2025-12-10,2025-12-11,R08,Fleet A,1644,1,1,Y,416591
SHP-2025-03084,2025-12-10,2025-12-11,R03,Partner Haulage,1276,1,1,Y,133585
SHP-2025-03085,2025-12-10,2025-12-14,R05,Fleet A,2615,1,4,N,724533
SHP-2025-03086,2025-12-10,2025-12-11,R06,Fleet B,1392,1,1,Y,97225
SHP-2025-03087,2025-12-10,2025-12-11,R06,Fleet A,2595,1,1,Y,163059
SHP-2025-03088,2025-12-10,2025-12-14,R03,Fleet B,2580,1,4,N,232143
SHP-2025-03089,2025-12-10,2025-12-12,R10,Fleet B,1508,2,2,Y,518234
SHP-2025-03090,2025-12-11,2025-12-14,R09,Fleet B,1192,3,3,Y,849048
SHP-2025-03091,2025-12-11,2025-12-12,R08,Fleet B,2481,1,1,Y,605577
SHP-2025-03092,2025-12-11,2025-12-12,R07,Fleet B,1409,1,1,Y,216191
SHP-2025-03093,2025-12-11,2025-12-14,R06,Fleet B,1908,1,3,N,126266
SHP-2025-03094,2025-12-11,2025-12-13,R02,Fleet A,2897,2,2,Y,960763
SHP-2025-03095,2025-12-11,2025-12-13,R01,Fleet B,1832,2,2,Y,779676
SHP-2025-03096,2025-12-11,2025-12-12,R03,Partner Haulage,1661,1,1,Y,174804
SHP-2025-03097,2025-12-11,2025-12-12,R08,Fleet B,2106,1,1,Y,492721
SHP-2025-03098,2025-12-11,2025-12-13,R04,Fleet A,1241,2,2,Y,426545
SHP-2025-03099,2025-12-12,2025-12-13,R07,Fleet A,641,1,1,Y,110070
SHP-2025-03100,2025-12-12,2025-12-13,R07,Fleet A,1696,1,1,Y,277019
SHP-2025-03101,2025-12-12,2025-12-14,R01,Fleet A,1741,2,2,Y,667642
SHP-2025-03102,2025-12-12,2025-12-13,R03,Partner Haulage,2430,1,1,Y,232277
SHP-2025-03103,2025-12-12,2025-12-14,R10,Fleet A,3503,2,2,Y,1103385
SHP-2025-03104,2025-12-12,2025-12-13,R05,Partner Haulage,2086,1,1,Y,486904
SHP-2025-03105,2025-12-12,2025-12-14,R10,Fleet B,2810,2,2,Y,1039297
SHP-2025-03106,2025-12-12,2025-12-13,R06,Fleet A,2294,1,1,Y,148072
SHP-2025-03107,2025-12-12,2025-12-13,R08,Fleet A,1641,1,1,Y,380737
SHP-2025-03108,2025-12-12,2025-12-14,R10,Fleet B,1549,2,2,Y,591707
SHP-2025-03109,2025-12-12,2025-12-14,R02,Fleet A,2729,2,2,Y,989272
SHP-2025-03110,2025-12-12,2025-12-14,R01,Partner Haulage,706,2,2,Y,328932
SHP-2025-03111,2025-12-13,2025-12-14,R06,Fleet B,1975,1,1,Y,119814
SHP-2025-03112,2025-12-13,2025-12-14,R08,Partner Haulage,3247,1,1,Y,817632
SHP-2025-03113,2025-12-13,2025-12-14,R08,Fleet A,2887,1,1,Y,660734
SHP-2025-03114,2025-12-13,2025-12-14,R03,Fleet A,2306,1,1,Y,237807
SHP-2025-03115,2025-12-13,2025-12-14,R08,Fleet B,1994,1,1,Y,453039
SHP-2025-03116,2025-12-13,2025-12-18,R10,Fleet B,2636,2,5,N,992547
SHP-2025-03117,2025-12-13,2025-12-14,R06,Fleet A,2592,1,1,Y,160611
SHP-2025-03118,2025-12-13,2025-12-15,R04,Partner Haulage,1565,2,2,Y,554637
SHP-2025-03119,2025-12-13,2025-12-14,R06,Partner Haulage,225,1,1,Y,28369
SHP-2025-03120,2025-12-13,2025-12-14,R08,Partner Haulage,2140,1,1,Y,485796
SHP-2025-03121,2025-12-13,2025-12-15,R05,Fleet A,2840,1,2,N,772790
SHP-2025-03122,2025-12-13,2025-12-15,R01,Fleet A,3015,2,2,Y,1136526
SHP-2025-03123,2025-12-15,2025-12-17,R10,Fleet A,2381,2,2,Y,843591
SHP-2025-03124,2025-12-15,2025-12-17,R07,Fleet B,1859,1,2,N,290149
SHP-2025-03125,2025-12-15,2025-12-17,R10,Fleet B,744,2,2,Y,275994
SHP-2025-03126,2025-12-15,2025-12-16,R03,Fleet A,3685,1,1,Y,319808
SHP-2025-03127,2025-12-15,2025-12-16,R03,Fleet A,1899,1,1,Y,174201
SHP-2025-03128,2025-12-15,2025-12-18,R06,Partner Haulage,3298,1,3,N,227627
SHP-2025-03129,2025-12-15,2025-12-17,R04,Partner Haulage,2681,2,2,Y,1006982
SHP-2025-03130,2025-12-15,2025-12-16,R07,Fleet B,1339,1,1,Y,190285
SHP-2025-03131,2025-12-15,2025-12-17,R10,Fleet B,1954,2,2,Y,667709
SHP-2025-03132,2025-12-15,2025-12-16,R06,Fleet A,1541,1,1,Y,97216
SHP-2025-03133,2025-12-16,2025-12-17,R03,Fleet B,1067,1,1,Y,115494
SHP-2025-03134,2025-12-16,2025-12-17,R07,Fleet B,290,1,1,Y,63143
SHP-2025-03135,2025-12-16,2025-12-18,R01,Fleet B,2829,2,2,Y,1176103
SHP-2025-03136,2025-12-16,2025-12-17,R05,Fleet B,1784,1,1,Y,516003
SHP-2025-03137,2025-12-16,2025-12-18,R01,Fleet B,3031,2,2,Y,1326684
SHP-2025-03138,2025-12-16,2025-12-17,R03,Fleet A,1524,1,1,Y,156247
SHP-2025-03139,2025-12-16,2025-12-17,R06,Fleet A,1087,1,1,Y,71902
SHP-2025-03140,2025-12-16,2025-12-19,R09,Fleet B,1925,3,3,Y,1138591
SHP-2025-03141,2025-12-17,2025-12-20,R04,Partner Haulage,1892,2,3,N,677781
SHP-2025-03142,2025-12-17,2025-12-19,R04,Fleet A,1041,2,2,Y,377821
SHP-2025-03143,2025-12-17,2025-12-18,R06,Fleet B,2037,1,1,Y,127422
SHP-2025-03144,2025-12-17,2025-12-19,R04,Fleet A,981,2,2,Y,390525
SHP-2025-03145,2025-12-17,2025-12-19,R04,Fleet A,2517,2,2,Y,794677
SHP-2025-03146,2025-12-17,2025-12-18,R07,Fleet A,1426,1,1,Y,228196
SHP-2025-03147,2025-12-17,2025-12-19,R04,Fleet B,990,2,2,Y,385255
SHP-2025-03148,2025-12-17,2025-12-18,R08,Fleet B,1251,1,1,Y,310092
SHP-2025-03149,2025-12-17,2025-12-18,R05,Partner Haulage,2248,1,1,Y,591727
SHP-2025-03150,2025-12-17,2025-12-19,R10,Fleet A,2376,2,2,Y,764607
SHP-2025-03151,2025-12-17,2025-12-19,R04,Fleet B,2393,2,2,Y,846246
SHP-2025-03152,2025-12-17,2025-12-18,R05,Fleet A,122,1,1,Y,47813
SHP-2025-03153,2025-12-18,2025-12-22,R10,Fleet B,3004,2,4,N,1025749
SHP-2025-03154,2025-12-18,2025-12-19,R08,Fleet A,1432,1,1,Y,335110
SHP-2025-03155,2025-12-18,2025-12-19,R06,Fleet B,1855,1,1,Y,121126
SHP-2025-03156,2025-12-18,2025-12-19,R03,Fleet A,1851,1,1,Y,173938
SHP-2025-03157,2025-12-18,2025-12-19,R07,Fleet A,1131,1,1,Y,183476
SHP-2025-03158,2025-12-18,2025-12-19,R06,Fleet B,169,1,1,Y,25096
SHP-2025-03159,2025-12-18,2025-12-21,R10,Fleet A,1514,2,3,N,564648
SHP-2025-03160,2025-12-18,2025-12-20,R01,Fleet A,2806,2,2,Y,1117646
SHP-2025-03161,2025-12-18,2025-12-20,R10,Fleet B,1139,2,2,Y,385768
SHP-2025-03162,2025-12-18,2025-12-20,R02,Fleet A,2642,2,2,Y,791541
SHP-2025-03163,2025-12-18,2025-12-21,R01,Partner Haulage,3151,2,3,N,1181211
SHP-2025-03164,2025-12-18,2025-12-20,R04,Fleet A,3254,2,2,Y,1158471
SHP-2025-03165,2025-12-19,2025-12-23,R09,Fleet A,2359,3,4,N,1638566
SHP-2025-03166,2025-12-19,2025-12-20,R07,Fleet A,1167,1,1,Y,180170
SHP-2025-03167,2025-12-19,2025-12-20,R06,Partner Haulage,50,1,1,Y,17656
SHP-2025-03168,2025-12-19,2025-12-20,R06,Fleet A,1366,1,1,Y,90225
SHP-2025-03169,2025-12-19,2025-12-20,R03,Fleet B,2245,1,1,Y,238038
SHP-2025-03170,2025-12-19,2025-12-20,R07,Fleet A,3498,1,1,Y,499899
SHP-2025-03171,2025-12-19,2025-12-20,R03,Partner Haulage,969,1,1,Y,103023
SHP-2025-03172,2025-12-19,2025-12-20,R06,Fleet A,2075,1,1,Y,127561
SHP-2025-03173,2025-12-19,2025-12-21,R04,Partner Haulage,1707,2,2,Y,682509
SHP-2025-03174,2025-12-19,2025-12-21,R02,Fleet B,1024,2,2,Y,330894
SHP-2025-03175,2025-12-19,2025-12-21,R10,Fleet B,2820,2,2,Y,882860
SHP-2025-03176,2025-12-19,2025-12-20,R03,Fleet B,2094,1,1,Y,210454
SHP-2025-03177,2025-12-19,2025-12-20,R08,Fleet A,2594,1,1,Y,605502
SHP-2025-03178,2025-12-19,2025-12-21,R01,Fleet B,3471,2,2,Y,1424644
SHP-2025-03179,2025-12-19,2025-12-20,R05,Partner Haulage,1689,1,1,Y,425519
SHP-2025-03180,2025-12-19,2025-12-20,R03,Fleet B,1113,1,1,Y,116444
SHP-2025-03181,2025-12-21,2025-12-23,R10,Partner Haulage,802,2,2,Y,292737
SHP-2025-03182,2025-12-21,2025-12-22,R06,Fleet A,2860,1,1,Y,173905
SHP-2025-03183,2025-12-21,2025-12-23,R02,Partner Haulage,1382,2,2,Y,512435
SHP-2025-03184,2025-12-21,2025-12-23,R04,Fleet A,2411,2,2,Y,803639
SHP-2025-03185,2025-12-21,2025-12-24,R09,Fleet A,1267,3,3,Y,890592
SHP-2025-03186,2025-12-21,2025-12-23,R02,Partner Haulage,1165,2,2,Y,392693
SHP-2025-03187,2025-12-21,2025-12-22,R08,Fleet A,421,1,1,Y,105231
SHP-2025-03188,2025-12-21,2025-12-26,R09,Fleet B,2441,3,5,N,1412958
SHP-2025-03189,2025-12-21,2025-12-23,R01,Fleet A,1895,2,2,Y,702251
SHP-2025-03190,2025-12-21,2025-12-22,R06,Fleet A,1597,1,1,Y,93893
SHP-2025-03191,2025-12-21,2025-12-26,R09,Fleet A,349,3,5,N,239552
SHP-2025-03192,2025-12-21,2025-12-22,R08,Fleet B,1847,1,1,Y,404143
SHP-2025-03193,2025-12-21,2025-12-22,R06,Fleet A,560,1,1,Y,46130
SHP-2025-03194,2025-12-21,2025-12-22,R07,Fleet B,2260,1,1,Y,321773
SHP-2025-03195,2025-12-21,2025-12-22,R05,Partner Haulage,1890,1,1,Y,541725
SHP-2025-03196,2025-12-22,2025-12-23,R07,Partner Haulage,897,1,1,Y,150098
SHP-2025-03197,2025-12-22,2025-12-24,R04,Fleet B,752,2,2,Y,284835
SHP-2025-03198,2025-12-22,2025-12-24,R02,Fleet A,3175,2,2,Y,1137950
SHP-2025-03199,2025-12-22,2025-12-24,R10,Partner Haulage,2542,2,2,Y,800816
SHP-2025-03200,2025-12-22,2025-12-24,R02,Fleet B,2536,2,2,Y,869610
SHP-2025-03201,2025-12-22,2025-12-24,R10,Fleet B,2337,2,2,Y,820651
SHP-2025-03202,2025-12-22,2025-12-23,R06,Fleet A,2437,1,1,Y,145954
SHP-2025-03203,2025-12-22,2025-12-27,R02,Fleet A,2612,2,5,N,919301
SHP-2025-03204,2025-12-22,2025-12-24,R01,Fleet A,2226,2,2,Y,975094
SHP-2025-03205,2025-12-22,2025-12-23,R06,Partner Haulage,2388,1,1,Y,158514
SHP-2025-03206,2025-12-22,2025-12-24,R10,Fleet A,1660,2,2,Y,548670
SHP-2025-03207,2025-12-22,2025-12-23,R03,Fleet A,4007,1,1,Y,357017
SHP-2025-03208,2025-12-22,2025-12-23,R08,Partner Haulage,1819,1,1,Y,490782
SHP-2025-03209,2025-12-23,2025-12-24,R08,Fleet A,1445,1,1,Y,352197
SHP-2025-03210,2025-12-23,2025-12-26,R09,Fleet A,905,3,3,Y,626200
SHP-2025-03211,2025-12-23,2025-12-24,R03,Fleet B,3056,1,1,Y,288111
SHP-2025-03212,2025-12-23,2025-12-25,R03,Fleet B,2091,1,2,N,191026
SHP-2025-03213,2025-12-23,2025-12-25,R10,Partner Haulage,50,2,2,Y,31233
SHP-2025-03214,2025-12-23,2025-12-25,R01,Fleet A,734,2,2,Y,314708
SHP-2025-03215,2025-12-23,2025-12-24,R07,Fleet B,1775,1,1,Y,281169
SHP-2025-03216,2025-12-23,2025-12-25,R07,Fleet A,1266,1,2,N,211208
SHP-2025-03217,2025-12-23,2025-12-24,R06,Fleet A,3193,1,1,Y,203781
SHP-2025-03218,2025-12-23,2025-12-24,R03,Fleet A,1834,1,1,Y,196611
SHP-2025-03219,2025-12-23,2025-12-24,R06,Fleet A,834,1,1,Y,54412
SHP-2025-03220,2025-12-23,2025-12-24,R08,Fleet A,1804,1,1,Y,415249
SHP-2025-03221,2025-12-23,2025-12-25,R01,Fleet A,3729,2,2,Y,1428144
SHP-2025-03222,2025-12-23,2025-12-24,R06,Fleet A,1933,1,1,Y,131113
SHP-2025-03223,2025-12-24,2025-12-26,R01,Fleet A,606,2,2,Y,290611
SHP-2025-03224,2025-12-24,2025-12-25,R03,Fleet A,1365,1,1,Y,131287
SHP-2025-03225,2025-12-24,2025-12-25,R07,Fleet A,2617,1,1,Y,402695
SHP-2025-03226,2025-12-24,2025-12-26,R10,Fleet B,2897,2,2,Y,1025547
SHP-2025-03227,2025-12-24,2025-12-25,R08,Fleet A,1142,1,1,Y,273238
SHP-2025-03228,2025-12-24,2025-12-25,R08,Fleet A,2146,1,1,Y,509249
SHP-2025-03229,2025-12-24,2025-12-25,R03,Fleet A,1121,1,1,Y,110635
SHP-2025-03230,2025-12-24,2025-12-26,R02,Partner Haulage,1939,2,2,Y,599181
SHP-2025-03231,2025-12-24,2025-12-26,R10,Fleet B,3264,2,2,Y,1177598
SHP-2025-03232,2025-12-25,2025-12-26,R08,Fleet A,1521,1,1,Y,368776
SHP-2025-03233,2025-12-25,2025-12-26,R03,Fleet A,2311,1,1,Y,232009
SHP-2025-03234,2025-12-25,2025-12-27,R10,Fleet A,1219,2,2,Y,391227
SHP-2025-03235,2025-12-25,2025-12-26,R03,Partner Haulage,1063,1,1,Y,108672
SHP-2025-03236,2025-12-25,2025-12-27,R01,Partner Haulage,731,2,2,Y,297950
SHP-2025-03237,2025-12-25,2025-12-26,R05,Fleet A,1797,1,1,Y,491505
SHP-2025-03238,2025-12-25,2025-12-27,R01,Fleet A,1438,2,2,Y,597359
SHP-2025-03239,2025-12-25,2025-12-26,R06,Fleet A,2457,1,1,Y,148946
SHP-2025-03240,2025-12-25,2025-12-27,R01,Fleet B,1437,2,2,Y,604756
SHP-2025-03241,2025-12-25,2025-12-28,R09,Fleet A,2101,3,3,Y,1350380
SHP-2025-03242,2025-12-25,2025-12-27,R04,Fleet B,1615,2,2,Y,561511
SHP-2025-03243,2025-12-25,2025-12-26,R06,Fleet A,2232,1,1,Y,136107
SHP-2025-03244,2025-12-25,2025-12-29,R01,Partner Haulage,2015,2,4,N,885155
SHP-2025-03245,2025-12-25,2025-12-26,R03,Fleet B,848,1,1,Y,85065
SHP-2025-03246,2025-12-26,2025-12-28,R01,Fleet A,742,2,2,Y,330578
SHP-2025-03247,2025-12-26,2025-12-28,R02,Fleet A,2902,2,2,Y,932743
SHP-2025-03248,2025-12-26,2025-12-27,R07,Partner Haulage,326,1,1,Y,62686
SHP-2025-03249,2025-12-26,2025-12-28,R10,Fleet A,1492,2,2,Y,542901
SHP-2025-03250,2025-12-26,2025-12-29,R09,Fleet A,667,3,3,Y,435594
SHP-2025-03251,2025-12-26,2025-12-27,R06,Fleet A,2664,1,1,Y,167830
SHP-2025-03252,2025-12-26,2025-12-28,R02,Partner Haulage,2943,2,2,Y,1081356
SHP-2025-03253,2025-12-26,2025-12-27,R06,Fleet B,1538,1,1,Y,103958
SHP-2025-03254,2025-12-26,2025-12-28,R10,Fleet A,1437,2,2,Y,553038
SHP-2025-03255,2025-12-26,2025-12-30,R02,Partner Haulage,2766,2,4,N,952209
SHP-2025-03256,2025-12-26,2025-12-29,R09,Fleet A,3245,3,3,Y,2109623
SHP-2025-03257,2025-12-26,2025-12-27,R05,Partner Haulage,2412,1,1,Y,650487
SHP-2025-03258,2025-12-26,2025-12-27,R06,Fleet B,1781,1,1,Y,115145
SHP-2025-03259,2025-12-26,2025-12-28,R02,Fleet A,2536,2,2,Y,880041
SHP-2025-03260,2025-12-26,2025-12-27,R05,Fleet B,1053,1,1,Y,293303
SHP-2025-03261,2025-12-26,2025-12-28,R04,Fleet B,743,2,2,Y,294682
SHP-2025-03262,2025-12-29,2026-01-03,R02,Fleet B,2001,2,5,N,663519
SHP-2025-03263,2025-12-29,2025-12-30,R08,Fleet A,1971,1,1,Y,501077
SHP-2025-03264,2025-12-29,2026-01-01,R09,Fleet A,1423,3,3,Y,944924
SHP-2025-03265,2025-12-29,2025-12-30,R07,Fleet B,2876,1,1,Y,487507
SHP-2025-03266,2025-12-29,2025-12-30,R03,Fleet A,2338,1,1,Y,200481
SHP-2025-03267,2025-12-29,2025-12-30,R03,Fleet B,3828,1,1,Y,331895
SHP-2025-03268,2025-12-29,2025-12-30,R05,Fleet A,1489,1,1,Y,448650
SHP-2025-03269,2025-12-29,2025-12-30,R03,Fleet A,2311,1,1,Y,203506
SHP-2025-03270,2025-12-29,2026-01-03,R09,Fleet B,1664,3,5,N,966483
SHP-2025-03271,2025-12-29,2025-12-30,R08,Fleet B,1509,1,1,Y,345102
SHP-2025-03272,2025-12-29,2025-12-31,R04,Fleet A,514,2,2,Y,179806
SHP-2025-03273,2025-12-29,2025-12-30,R03,Fleet B,2231,1,1,Y,223152
SHP-2025-03274,2025-12-29,2025-12-30,R08,Partner Haulage,2438,1,1,Y,552441
SHP-2025-03275,2025-12-30,2025-12-31,R05,Fleet B,815,1,1,Y,240658
SHP-2025-03276,2025-12-30,2025-12-31,R06,Fleet B,2038,1,1,Y,124019
SHP-2025-03277,2025-12-30,2026-01-01,R04,Partner Haulage,1619,2,2,Y,610456
SHP-2025-03278,2025-12-30,2026-01-01,R01,Fleet A,1671,2,2,Y,710908
SHP-2025-03279,2025-12-30,2025-12-31,R08,Fleet B,1708,1,1,Y,376133
SHP-2025-03280,2025-12-30,2025-12-31,R03,Fleet A,2471,1,1,Y,217597
SHP-2025-03281,2025-12-30,2025-12-31,R06,Fleet A,1492,1,1,Y,104305
SHP-2025-03282,2025-12-30,2026-01-01,R02,Fleet A,2244,2,2,Y,761768
SHP-2025-03283,2025-12-30,2025-12-31,R07,Fleet A,2385,1,1,Y,320777
SHP-2025-03284,2025-12-30,2025-12-31,R06,Fleet A,2733,1,1,Y,150255
SHP-2025-03285,2025-12-30,2025-12-31,R03,Fleet A,2642,1,1,Y,228054
SHP-2025-03286,2025-12-30,2025-12-31,R06,Partner Haulage,892,1,1,Y,68422
SHP-2025-03287,2025-12-30,2025-12-31,R06,Partner Haulage,1673,1,1,Y,107547
SHP-2025-03288,2025-12-31,2026-01-02,R10,Fleet A,866,2,2,Y,294609
SHP-2025-03289,2025-12-31,2026-01-01,R06,Partner Haulage,2275,1,1,Y,142977
SHP-2025-03290,2025-12-31,2026-01-01,R06,Fleet B,1642,1,1,Y,107225
SHP-2025-03291,2025-12-31,2026-01-01,R08,Fleet A,818,1,1,Y,216416
SHP-2025-03292,2025-12-31,2026-01-01,R05,Fleet A,157,1,1,Y,59221
SHP-2025-03293,2025-12-31,2026-01-01,R03,Fleet A,2103,1,1,Y,214587
SHP-2025-03294,2025-12-31,2026-01-03,R05,Fleet A,50,1,3,N,27239
SHP-2025-03295,2025-12-31,2026-01-01,R07,Fleet A,50,1,1,Y,22246
SHP-2025-03296,2025-12-31,2026-01-02,R01,Fleet A,2603,2,2,Y,958292
SHP-2025-03297,2025-12-31,2026-01-01,R03,Fleet A,1213,1,1,Y,120997
SHP-2025-03298,2025-12-31,2026-01-01,R03,Fleet B,2104,1,1,Y,208161
SHP-2025-03299,2025-12-31,2026-01-02,R02,Fleet A,1632,2,2,Y,564897
SHP-2025-03300,2025-12-31,2026-01-01,R03,Fleet B,1803,1,1,Y,160917
SHP-2025-03301,2025-12-31,2026-01-01,R07,Fleet B,2068,1,1,Y,305264
SHP-2025-03302,2025-12-31,2026-01-01,R03,Fleet B,1055,1,1,Y,99598
SHP-2025-03303,2025-12-31,2026-01-02,R02,Fleet B,1532,2,2,Y,565847
