OrderID,OrderDate,CustomerID,ProductID,Quantity,UnitPriceNGN,Discount,RevenueNGN,COGSNGN,ProfitNGN
SO-00001,2025-01-01,C0269,P001,1,65000,0.03,63050,42000,21050
SO-00002,2025-01-01,C0187,P005,5,180000,0.05,855000,600000,255000
SO-00003,2025-01-01,C0181,P007,3,98000,0,294000,210000,84000
SO-00004,2025-01-01,C0301,P006,13,130000,0.12,1487200,1105000,382200
SO-00005,2025-01-01,C0230,P011,10,27000,0.08,248400,160000,88400
SO-00006,2025-01-01,C0016,P001,14,65000,0.1,819000,588000,231000
SO-00007,2025-01-01,C0077,P005,2,180000,0,360000,240000,120000
SO-00008,2025-01-01,C0080,P010,1,72000,0.03,69840,48000,21840
SO-00009,2025-01-01,C0310,P001,12,65000,0.05,741000,504000,237000
SO-00010,2025-01-01,C0217,P002,14,59000,0.05,784700,532000,252700
SO-00011,2025-01-01,C0206,P011,2,27000,0.03,52380,32000,20380
SO-00012,2025-01-01,C0167,P005,4,180000,0.03,698400,480000,218400
SO-00013,2025-01-01,C0403,P011,2,27000,0,54000,32000,22000
SO-00014,2025-01-01,C0277,P010,1,72000,0,72000,48000,24000
SO-00015,2025-01-01,C0079,P007,3,98000,0.1,264600,210000,54600
SO-00016,2025-01-02,C0374,P010,1,72000,0.03,69840,48000,21840
SO-00017,2025-01-02,C0028,P001,1,65000,0.03,63050,42000,21050
SO-00018,2025-01-02,C0404,P007,5,98000,0.03,475300,350000,125300
SO-00019,2025-01-02,C0142,P003,5,140000,0,700000,475000,225000
SO-00020,2025-01-02,C0175,P006,1,130000,0,130000,85000,45000
SO-00021,2025-01-02,C0286,P001,13,65000,0.05,802750,546000,256750
SO-00022,2025-01-02,C0313,P001,2,65000,0.03,126100,84000,42100
SO-00023,2025-01-02,C0385,P002,5,59000,0.08,271400,190000,81400
SO-00024,2025-01-02,C0330,P012,1,320000,0,320000,230000,90000
SO-00025,2025-01-02,C0205,P001,2,65000,0.03,126100,84000,42100
SO-00026,2025-01-03,C0275,P001,14,65000,0.1,819000,588000,231000
SO-00027,2025-01-03,C0327,P007,4,98000,0.05,372400,280000,92400
SO-00028,2025-01-03,C0160,P007,11,98000,0.12,948640,770000,178640
SO-00029,2025-01-03,C0177,P007,12,98000,0.05,1117200,840000,277200
SO-00030,2025-01-03,C0308,P004,3,47000,0,141000,84000,57000
SO-00031,2025-01-03,C0123,P009,5,690000,0.05,3277500,2600000,677500
SO-00032,2025-01-03,C0272,P008,1,420000,0.03,407400,310000,97400
SO-00033,2025-01-03,C0412,P010,3,72000,0.03,209520,144000,65520
SO-00034,2025-01-03,C0151,P004,1,47000,0,47000,28000,19000
SO-00035,2025-01-03,C0220,P001,9,65000,0.08,538200,378000,160200
SO-00036,2025-01-03,C0203,P002,4,59000,0.05,224200,152000,72200
SO-00037,2025-01-03,C0200,P010,3,72000,0,216000,144000,72000
SO-00038,2025-01-03,C0114,P001,1,65000,0.03,63050,42000,21050
SO-00039,2025-01-05,C0242,P002,1,59000,0.05,56050,38000,18050
SO-00040,2025-01-05,C0135,P006,1,130000,0.03,126100,85000,41100
SO-00041,2025-01-05,C0303,P003,2,140000,0.05,266000,190000,76000
SO-00042,2025-01-05,C0317,P005,1,180000,0,180000,120000,60000
SO-00043,2025-01-06,C0229,P001,2,65000,0.03,126100,84000,42100
SO-00044,2025-01-06,C0308,P010,3,72000,0.03,209520,144000,65520
SO-00045,2025-01-06,C0297,P002,4,59000,0.03,228920,152000,76920
SO-00046,2025-01-06,C0242,P011,2,27000,0.05,51300,32000,19300
SO-00047,2025-01-06,C0196,P005,9,180000,0.08,1490400,1080000,410400
SO-00048,2025-01-06,C0029,P002,2,59000,0,118000,76000,42000
SO-00049,2025-01-06,C0365,P007,1,98000,0,98000,70000,28000
SO-00050,2025-01-06,C0001,P002,11,59000,0.05,616550,418000,198550
SO-00051,2025-01-06,C0083,P002,2,59000,0,118000,76000,42000
SO-00052,2025-01-06,C0153,P011,1,27000,0.03,26190,16000,10190
SO-00053,2025-01-06,C0300,P010,2,72000,0,144000,96000,48000
SO-00054,2025-01-06,C0021,P008,1,420000,0.03,407400,310000,97400
SO-00055,2025-01-06,C0044,P005,3,180000,0.03,523800,360000,163800
SO-00056,2025-01-07,C0029,P011,1,27000,0.05,25650,16000,9650
SO-00057,2025-01-07,C0026,P010,5,72000,0.12,316800,240000,76800
SO-00058,2025-01-07,C0297,P012,3,320000,0.05,912000,690000,222000
SO-00059,2025-01-07,C0400,P010,11,72000,0.08,728640,528000,200640
SO-00060,2025-01-07,C0005,P007,3,98000,0,294000,210000,84000
SO-00061,2025-01-07,C0288,P002,1,59000,0,59000,38000,21000
SO-00062,2025-01-07,C0336,P001,2,65000,0.05,123500,84000,39500
SO-00063,2025-01-07,C0063,P001,1,65000,0.03,63050,42000,21050
SO-00064,2025-01-07,C0161,P007,4,98000,0.12,344960,280000,64960
SO-00065,2025-01-07,C0124,P007,1,98000,0.03,95060,70000,25060
SO-00066,2025-01-07,C0074,P011,8,27000,0.08,198720,128000,70720
SO-00067,2025-01-07,C0044,P001,2,65000,0,130000,84000,46000
SO-00068,2025-01-07,C0229,P010,1,72000,0.03,69840,48000,21840
SO-00069,2025-01-07,C0152,P005,9,180000,0.12,1425600,1080000,345600
SO-00070,2025-01-07,C0002,P012,4,320000,0.05,1216000,920000,296000
SO-00071,2025-01-08,C0207,P004,3,47000,0.05,133950,84000,49950
SO-00072,2025-01-08,C0389,P006,6,130000,0.12,686400,510000,176400
SO-00073,2025-01-08,C0283,P006,2,130000,0,260000,170000,90000
SO-00074,2025-01-08,C0124,P004,1,47000,0.03,45590,28000,17590
SO-00075,2025-01-08,C0187,P008,5,420000,0,2100000,1550000,550000
SO-00076,2025-01-08,C0093,P005,5,180000,0.08,828000,600000,228000
SO-00077,2025-01-08,C0236,P004,4,47000,0.03,182360,112000,70360
SO-00078,2025-01-08,C0263,P011,4,27000,0,108000,64000,44000
SO-00079,2025-01-08,C0251,P002,2,59000,0.1,106200,76000,30200
SO-00080,2025-01-08,C0418,P006,1,130000,0,130000,85000,45000
SO-00081,2025-01-08,C0343,P007,3,98000,0.03,285180,210000,75180
SO-00082,2025-01-08,C0300,P004,1,47000,0.03,45590,28000,17590
SO-00083,2025-01-08,C0234,P011,12,27000,0.05,307800,192000,115800
SO-00084,2025-01-08,C0400,P002,13,59000,0.08,705640,494000,211640
SO-00085,2025-01-08,C0259,P001,3,65000,0.1,175500,126000,49500
SO-00086,2025-01-08,C0261,P010,5,72000,0.12,316800,240000,76800
SO-00087,2025-01-08,C0375,P010,5,72000,0.12,316800,240000,76800
SO-00088,2025-01-09,C0111,P002,13,59000,0.1,690300,494000,196300
SO-00089,2025-01-09,C0313,P010,1,72000,0.03,69840,48000,21840
SO-00090,2025-01-09,C0228,P004,12,47000,0.12,496320,336000,160320
SO-00091,2025-01-09,C0048,P001,2,65000,0.03,126100,84000,42100
SO-00092,2025-01-09,C0334,P007,1,98000,0.03,95060,70000,25060
SO-00093,2025-01-09,C0333,P009,1,690000,0,690000,520000,170000
SO-00094,2025-01-09,C0405,P001,2,65000,0.12,114400,84000,30400
SO-00095,2025-01-09,C0011,P004,2,47000,0,94000,56000,38000
SO-00096,2025-01-10,C0297,P010,1,72000,0,72000,48000,24000
SO-00097,2025-01-10,C0067,P001,14,65000,0.05,864500,588000,276500
SO-00098,2025-01-10,C0168,P010,8,72000,0.08,529920,384000,145920
SO-00099,2025-01-10,C0337,P002,5,59000,0.05,280250,190000,90250
SO-00100,2025-01-10,C0033,P004,2,47000,0.05,89300,56000,33300
SO-00101,2025-01-10,C0225,P002,12,59000,0.12,623040,456000,167040
SO-00102,2025-01-10,C0084,P004,2,47000,0,94000,56000,38000
SO-00103,2025-01-10,C0265,P007,1,98000,0.05,93100,70000,23100
SO-00104,2025-01-10,C0123,P010,5,72000,0,360000,240000,120000
SO-00105,2025-01-10,C0114,P007,2,98000,0,196000,140000,56000
SO-00106,2025-01-10,C0135,P010,5,72000,0.05,342000,240000,102000
SO-00107,2025-01-10,C0418,P004,3,47000,0,141000,84000,57000
SO-00108,2025-01-10,C0189,P002,4,59000,0.12,207680,152000,55680
SO-00109,2025-01-11,C0232,P001,4,65000,0,260000,168000,92000
SO-00110,2025-01-12,C0319,P002,4,59000,0.05,224200,152000,72200
SO-00111,2025-01-12,C0307,P001,1,65000,0,65000,42000,23000
SO-00112,2025-01-12,C0112,P012,4,320000,0.05,1216000,920000,296000
SO-00113,2025-01-12,C0159,P004,1,47000,0,47000,28000,19000
SO-00114,2025-01-12,C0327,P011,1,27000,0,27000,16000,11000
SO-00115,2025-01-13,C0345,P007,5,98000,0,490000,350000,140000
SO-00116,2025-01-13,C0273,P008,1,420000,0.05,399000,310000,89000
SO-00117,2025-01-13,C0165,P012,2,320000,0.05,608000,460000,148000
SO-00118,2025-01-13,C0116,P007,1,98000,0,98000,70000,28000
SO-00119,2025-01-13,C0006,P001,2,65000,0,130000,84000,46000
SO-00120,2025-01-13,C0033,P007,1,98000,0,98000,70000,28000
SO-00121,2025-01-13,C0391,P006,2,130000,0,260000,170000,90000
SO-00122,2025-01-13,C0155,P005,10,180000,0.05,1710000,1200000,510000
SO-00123,2025-01-13,C0249,P010,2,72000,0.03,139680,96000,43680
SO-00124,2025-01-13,C0088,P011,14,27000,0.08,347760,224000,123760
SO-00125,2025-01-13,C0021,P011,1,27000,0.05,25650,16000,9650
SO-00126,2025-01-13,C0215,P008,14,420000,0.05,5586000,4340000,1246000
SO-00127,2025-01-13,C0112,P007,1,98000,0.03,95060,70000,25060
SO-00128,2025-01-14,C0083,P010,3,72000,0,216000,144000,72000
SO-00129,2025-01-14,C0138,P011,4,27000,0.12,95040,64000,31040
SO-00130,2025-01-14,C0338,P004,2,47000,0,94000,56000,38000
SO-00131,2025-01-14,C0285,P001,2,65000,0,130000,84000,46000
SO-00132,2025-01-14,C0040,P010,2,72000,0,144000,96000,48000
SO-00133,2025-01-14,C0299,P002,1,59000,0,59000,38000,21000
SO-00134,2025-01-14,C0051,P006,1,130000,0.03,126100,85000,41100
SO-00135,2025-01-14,C0046,P010,2,72000,0.1,129600,96000,33600
SO-00136,2025-01-14,C0108,P010,5,72000,0.05,342000,240000,102000
SO-00137,2025-01-14,C0393,P011,4,27000,0,108000,64000,44000
SO-00138,2025-01-14,C0311,P004,3,47000,0.05,133950,84000,49950
SO-00139,2025-01-15,C0170,P003,6,140000,0.1,756000,570000,186000
SO-00140,2025-01-15,C0254,P004,4,47000,0.12,165440,112000,53440
SO-00141,2025-01-15,C0408,P005,7,180000,0.08,1159200,840000,319200
SO-00142,2025-01-15,C0287,P003,5,140000,0.03,679000,475000,204000
SO-00143,2025-01-15,C0037,P004,11,47000,0.1,465300,308000,157300
SO-00144,2025-01-15,C0078,P001,1,65000,0.03,63050,42000,21050
SO-00145,2025-01-15,C0406,P005,4,180000,0,720000,480000,240000
SO-00146,2025-01-15,C0299,P001,4,65000,0.05,247000,168000,79000
SO-00147,2025-01-15,C0059,P012,5,320000,0.12,1408000,1150000,258000
SO-00148,2025-01-15,C0080,P002,4,59000,0,236000,152000,84000
SO-00149,2025-01-16,C0305,P003,3,140000,0.05,399000,285000,114000
SO-00150,2025-01-16,C0372,P004,6,47000,0.08,259440,168000,91440
SO-00151,2025-01-16,C0367,P003,1,140000,0.05,133000,95000,38000
SO-00152,2025-01-16,C0324,P007,3,98000,0.12,258720,210000,48720
SO-00153,2025-01-16,C0254,P004,11,47000,0.1,465300,308000,157300
SO-00154,2025-01-16,C0275,P007,5,98000,0.08,450800,350000,100800
SO-00155,2025-01-16,C0256,P012,13,320000,0.08,3827200,2990000,837200
SO-00156,2025-01-17,C0087,P005,6,180000,0.05,1026000,720000,306000
SO-00157,2025-01-17,C0156,P002,5,59000,0.05,280250,190000,90250
SO-00158,2025-01-17,C0402,P004,1,47000,0.05,44650,28000,16650
SO-00159,2025-01-17,C0156,P001,4,65000,0.03,252200,168000,84200
SO-00160,2025-01-17,C0044,P004,2,47000,0,94000,56000,38000
SO-00161,2025-01-17,C0087,P007,4,98000,0.08,360640,280000,80640
SO-00162,2025-01-17,C0159,P002,5,59000,0,295000,190000,105000
SO-00163,2025-01-17,C0026,P001,9,65000,0.08,538200,378000,160200
SO-00164,2025-01-17,C0188,P011,6,27000,0.12,142560,96000,46560
SO-00165,2025-01-18,C0080,P007,3,98000,0,294000,210000,84000
SO-00166,2025-01-18,C0359,P003,3,140000,0,420000,285000,135000
SO-00167,2025-01-18,C0263,P003,5,140000,0.05,665000,475000,190000
SO-00168,2025-01-19,C0354,P011,4,27000,0.03,104760,64000,40760
SO-00169,2025-01-19,C0082,P005,3,180000,0,540000,360000,180000
SO-00170,2025-01-19,C0238,P009,5,690000,0.08,3174000,2600000,574000
SO-00171,2025-01-20,C0189,P002,10,59000,0.12,519200,380000,139200
SO-00172,2025-01-20,C0148,P007,1,98000,0.03,95060,70000,25060
SO-00173,2025-01-20,C0014,P011,1,27000,0,27000,16000,11000
SO-00174,2025-01-20,C0249,P012,1,320000,0,320000,230000,90000
SO-00175,2025-01-20,C0296,P010,4,72000,0.1,259200,192000,67200
SO-00176,2025-01-20,C0148,P001,3,65000,0,195000,126000,69000
SO-00177,2025-01-20,C0101,P006,2,130000,0,260000,170000,90000
SO-00178,2025-01-20,C0163,P008,5,420000,0.05,1995000,1550000,445000
SO-00179,2025-01-20,C0371,P001,1,65000,0.03,63050,42000,21050
SO-00180,2025-01-20,C0209,P007,14,98000,0.05,1303400,980000,323400
SO-00181,2025-01-21,C0141,P001,2,65000,0.03,126100,84000,42100
SO-00182,2025-01-21,C0063,P006,2,130000,0.05,247000,170000,77000
SO-00183,2025-01-21,C0321,P002,5,59000,0.05,280250,190000,90250
SO-00184,2025-01-21,C0214,P009,2,690000,0,1380000,1040000,340000
SO-00185,2025-01-21,C0129,P004,5,47000,0.12,206800,140000,66800
SO-00186,2025-01-21,C0283,P007,2,98000,0,196000,140000,56000
SO-00187,2025-01-21,C0243,P010,12,72000,0.12,760320,576000,184320
SO-00188,2025-01-21,C0330,P007,3,98000,0,294000,210000,84000
SO-00189,2025-01-21,C0011,P009,1,690000,0,690000,520000,170000
SO-00190,2025-01-22,C0208,P002,1,59000,0.03,57230,38000,19230
SO-00191,2025-01-22,C0321,P010,3,72000,0.03,209520,144000,65520
SO-00192,2025-01-22,C0126,P007,2,98000,0.05,186200,140000,46200
SO-00193,2025-01-22,C0314,P004,1,47000,0,47000,28000,19000
SO-00194,2025-01-22,C0036,P011,2,27000,0.03,52380,32000,20380
SO-00195,2025-01-22,C0323,P010,9,72000,0.1,583200,432000,151200
SO-00196,2025-01-22,C0283,P004,2,47000,0,94000,56000,38000
SO-00197,2025-01-22,C0160,P006,3,130000,0.08,358800,255000,103800
SO-00198,2025-01-22,C0201,P004,2,47000,0,94000,56000,38000
SO-00199,2025-01-22,C0129,P007,13,98000,0.1,1146600,910000,236600
SO-00200,2025-01-22,C0014,P006,1,130000,0.05,123500,85000,38500
SO-00201,2025-01-23,C0306,P002,5,59000,0,295000,190000,105000
SO-00202,2025-01-23,C0012,P004,4,47000,0,188000,112000,76000
SO-00203,2025-01-23,C0055,P010,5,72000,0.1,324000,240000,84000
SO-00204,2025-01-23,C0095,P001,12,65000,0.08,717600,504000,213600
SO-00205,2025-01-23,C0073,P002,3,59000,0.08,162840,114000,48840
SO-00206,2025-01-23,C0013,P002,5,59000,0.12,259600,190000,69600
SO-00207,2025-01-23,C0338,P001,5,65000,0.03,315250,210000,105250
SO-00208,2025-01-23,C0218,P006,2,130000,0.05,247000,170000,77000
SO-00209,2025-01-23,C0217,P011,3,27000,0.08,74520,48000,26520
SO-00210,2025-01-23,C0174,P004,2,47000,0,94000,56000,38000
SO-00211,2025-01-23,C0093,P010,9,72000,0.12,570240,432000,138240
SO-00212,2025-01-23,C0057,P001,5,65000,0.03,315250,210000,105250
SO-00213,2025-01-24,C0032,P007,1,98000,0,98000,70000,28000
SO-00214,2025-01-24,C0112,P001,4,65000,0.05,247000,168000,79000
SO-00215,2025-01-24,C0253,P006,2,130000,0,260000,170000,90000
SO-00216,2025-01-24,C0313,P001,1,65000,0,65000,42000,23000
SO-00217,2025-01-24,C0029,P010,1,72000,0.03,69840,48000,21840
SO-00218,2025-01-24,C0202,P006,2,130000,0,260000,170000,90000
SO-00219,2025-01-24,C0062,P011,2,27000,0.1,48600,32000,16600
SO-00220,2025-01-25,C0268,P002,2,59000,0,118000,76000,42000
SO-00221,2025-01-25,C0172,P005,12,180000,0.1,1944000,1440000,504000
SO-00222,2025-01-25,C0109,P002,3,59000,0.05,168150,114000,54150
SO-00223,2025-01-25,C0246,P012,1,320000,0.03,310400,230000,80400
SO-00224,2025-01-25,C0410,P002,3,59000,0.08,162840,114000,48840
SO-00225,2025-01-25,C0246,P003,2,140000,0.03,271600,190000,81600
SO-00226,2025-01-25,C0256,P003,9,140000,0.05,1197000,855000,342000
SO-00227,2025-01-26,C0254,P006,13,130000,0.05,1605500,1105000,500500
SO-00228,2025-01-26,C0080,P006,2,130000,0,260000,170000,90000
SO-00229,2025-01-26,C0309,P011,4,27000,0.05,102600,64000,38600
SO-00230,2025-01-26,C0386,P012,3,320000,0,960000,690000,270000
SO-00231,2025-01-26,C0287,P010,1,72000,0,72000,48000,24000
SO-00232,2025-01-26,C0076,P008,2,420000,0,840000,620000,220000
SO-00233,2025-01-26,C0215,P011,3,27000,0.08,74520,48000,26520
SO-00234,2025-01-27,C0278,P006,6,130000,0.08,717600,510000,207600
SO-00235,2025-01-27,C0088,P001,4,65000,0.05,247000,168000,79000
SO-00236,2025-01-27,C0052,P012,1,320000,0.05,304000,230000,74000
SO-00237,2025-01-27,C0115,P010,4,72000,0,288000,192000,96000
SO-00238,2025-01-27,C0070,P001,7,65000,0.05,432250,294000,138250
SO-00239,2025-01-27,C0246,P011,1,27000,0,27000,16000,11000
SO-00240,2025-01-27,C0298,P002,5,59000,0.05,280250,190000,90250
SO-00241,2025-01-27,C0378,P001,1,65000,0,65000,42000,23000
SO-00242,2025-01-27,C0375,P006,11,130000,0.05,1358500,935000,423500
SO-00243,2025-01-28,C0213,P012,1,320000,0,320000,230000,90000
SO-00244,2025-01-28,C0285,P004,2,47000,0.05,89300,56000,33300
SO-00245,2025-01-28,C0191,P011,2,27000,0,54000,32000,22000
SO-00246,2025-01-28,C0085,P004,2,47000,0.05,89300,56000,33300
SO-00247,2025-01-28,C0350,P002,3,59000,0,177000,114000,63000
SO-00248,2025-01-28,C0150,P010,2,72000,0,144000,96000,48000
SO-00249,2025-01-28,C0123,P005,2,180000,0.05,342000,240000,102000
SO-00250,2025-01-28,C0085,P001,2,65000,0.05,123500,84000,39500
SO-00251,2025-01-28,C0183,P005,10,180000,0.05,1710000,1200000,510000
SO-00252,2025-01-28,C0204,P006,13,130000,0.08,1554800,1105000,449800
SO-00253,2025-01-28,C0204,P004,13,47000,0.12,537680,364000,173680
SO-00254,2025-01-28,C0025,P008,9,420000,0.05,3591000,2790000,801000
SO-00255,2025-01-28,C0194,P010,8,72000,0.05,547200,384000,163200
SO-00256,2025-01-29,C0229,P009,2,690000,0.03,1338600,1040000,298600
SO-00257,2025-01-29,C0053,P004,3,47000,0.05,133950,84000,49950
SO-00258,2025-01-29,C0057,P011,3,27000,0,81000,48000,33000
SO-00259,2025-01-29,C0221,P004,2,47000,0,94000,56000,38000
SO-00260,2025-01-29,C0050,P006,2,130000,0,260000,170000,90000
SO-00261,2025-01-29,C0191,P010,1,72000,0,72000,48000,24000
SO-00262,2025-01-30,C0319,P002,4,59000,0,236000,152000,84000
SO-00263,2025-01-30,C0359,P006,5,130000,0,650000,425000,225000
SO-00264,2025-01-30,C0187,P001,5,65000,0,325000,210000,115000
SO-00265,2025-01-30,C0183,P004,8,47000,0.1,338400,224000,114400
SO-00266,2025-01-30,C0100,P010,2,72000,0,144000,96000,48000
SO-00267,2025-01-30,C0075,P004,14,47000,0.12,579040,392000,187040
SO-00268,2025-01-30,C0330,P010,3,72000,0,216000,144000,72000
SO-00269,2025-01-30,C0203,P009,3,690000,0,2070000,1560000,510000
SO-00270,2025-01-30,C0001,P003,14,140000,0.12,1724800,1330000,394800
SO-00271,2025-01-30,C0240,P007,4,98000,0.03,380240,280000,100240
SO-00272,2025-01-30,C0142,P005,1,180000,0.03,174600,120000,54600
SO-00273,2025-01-30,C0368,P011,3,27000,0.05,76950,48000,28950
SO-00274,2025-01-30,C0081,P004,10,47000,0.08,432400,280000,152400
SO-00275,2025-01-31,C0326,P007,6,98000,0.1,529200,420000,109200
SO-00276,2025-01-31,C0256,P010,10,72000,0.05,684000,480000,204000
SO-00277,2025-01-31,C0093,P010,6,72000,0.12,380160,288000,92160
SO-00278,2025-01-31,C0162,P003,2,140000,0,280000,190000,90000
SO-00279,2025-01-31,C0082,P011,2,27000,0.05,51300,32000,19300
SO-00280,2025-01-31,C0064,P007,2,98000,0.03,190120,140000,50120
SO-00281,2025-01-31,C0169,P001,4,65000,0,260000,168000,92000
SO-00282,2025-01-31,C0066,P001,2,65000,0,130000,84000,46000
SO-00283,2025-01-31,C0054,P002,2,59000,0,118000,76000,42000
SO-00284,2025-01-31,C0369,P004,5,47000,0,235000,140000,95000
SO-00285,2025-01-31,C0105,P004,1,47000,0,47000,28000,19000
SO-00286,2025-01-31,C0071,P006,1,130000,0.03,126100,85000,41100
SO-00287,2025-01-31,C0212,P001,1,65000,0.03,63050,42000,21050
SO-00288,2025-02-01,C0311,P003,3,140000,0,420000,285000,135000
SO-00289,2025-02-01,C0333,P002,5,59000,0.05,280250,190000,90250
SO-00290,2025-02-01,C0329,P010,4,72000,0,288000,192000,96000
SO-00291,2025-02-02,C0247,P006,3,130000,0.03,378300,255000,123300
SO-00292,2025-02-02,C0283,P001,1,65000,0.03,63050,42000,21050
SO-00293,2025-02-03,C0159,P004,3,47000,0,141000,84000,57000
SO-00294,2025-02-03,C0248,P003,6,140000,0.05,798000,570000,228000
SO-00295,2025-02-03,C0161,P001,5,65000,0.08,299000,210000,89000
SO-00296,2025-02-03,C0125,P007,4,98000,0,392000,280000,112000
SO-00297,2025-02-03,C0258,P004,8,47000,0.05,357200,224000,133200
SO-00298,2025-02-03,C0088,P010,6,72000,0.1,388800,288000,100800
SO-00299,2025-02-03,C0072,P005,1,180000,0,180000,120000,60000
SO-00300,2025-02-03,C0280,P010,2,72000,0.05,136800,96000,40800
SO-00301,2025-02-03,C0186,P006,1,130000,0,130000,85000,45000
SO-00302,2025-02-04,C0088,P006,11,130000,0.1,1287000,935000,352000
SO-00303,2025-02-04,C0214,P007,4,98000,0,392000,280000,112000
SO-00304,2025-02-04,C0350,P005,3,180000,0,540000,360000,180000
SO-00305,2025-02-04,C0121,P004,8,47000,0.12,330880,224000,106880
SO-00306,2025-02-04,C0243,P004,4,47000,0.08,172960,112000,60960
SO-00307,2025-02-04,C0010,P007,2,98000,0,196000,140000,56000
SO-00308,2025-02-04,C0023,P002,12,59000,0.05,672600,456000,216600
SO-00309,2025-02-04,C0182,P007,1,98000,0,98000,70000,28000
SO-00310,2025-02-04,C0380,P004,2,47000,0.05,89300,56000,33300
SO-00311,2025-02-04,C0204,P002,7,59000,0.1,371700,266000,105700
SO-00312,2025-02-04,C0297,P011,5,27000,0.03,130950,80000,50950
SO-00313,2025-02-04,C0187,P011,1,27000,0.05,25650,16000,9650
SO-00314,2025-02-04,C0186,P007,1,98000,0.05,93100,70000,23100
SO-00315,2025-02-05,C0025,P001,9,65000,0.12,514800,378000,136800
SO-00316,2025-02-05,C0080,P011,4,27000,0.05,102600,64000,38600
SO-00317,2025-02-05,C0230,P007,2,98000,0.1,176400,140000,36400
SO-00318,2025-02-05,C0120,P001,1,65000,0,65000,42000,23000
SO-00319,2025-02-05,C0090,P009,3,690000,0,2070000,1560000,510000
SO-00320,2025-02-05,C0285,P002,3,59000,0,177000,114000,63000
SO-00321,2025-02-05,C0054,P002,2,59000,0,118000,76000,42000
SO-00322,2025-02-05,C0230,P005,5,180000,0.05,855000,600000,255000
SO-00323,2025-02-05,C0109,P007,4,98000,0,392000,280000,112000
SO-00324,2025-02-05,C0288,P010,2,72000,0,144000,96000,48000
SO-00325,2025-02-05,C0205,P012,4,320000,0.03,1241600,920000,321600
SO-00326,2025-02-05,C0047,P004,4,47000,0.05,178600,112000,66600
SO-00327,2025-02-06,C0019,P005,5,180000,0,900000,600000,300000
SO-00328,2025-02-06,C0011,P001,1,65000,0.03,63050,42000,21050
SO-00329,2025-02-06,C0142,P005,4,180000,0,720000,480000,240000
SO-00330,2025-02-06,C0197,P008,4,420000,0,1680000,1240000,440000
SO-00331,2025-02-06,C0414,P012,1,320000,0.03,310400,230000,80400
SO-00332,2025-02-06,C0280,P001,1,65000,0.05,61750,42000,19750
SO-00333,2025-02-06,C0221,P001,2,65000,0,130000,84000,46000
SO-00334,2025-02-06,C0259,P005,11,180000,0.12,1742400,1320000,422400
SO-00335,2025-02-06,C0020,P010,2,72000,0,144000,96000,48000
SO-00336,2025-02-07,C0205,P004,2,47000,0.05,89300,56000,33300
SO-00337,2025-02-07,C0313,P005,1,180000,0,180000,120000,60000
SO-00338,2025-02-07,C0022,P002,2,59000,0,118000,76000,42000
SO-00339,2025-02-07,C0294,P001,10,65000,0.05,617500,420000,197500
SO-00340,2025-02-07,C0381,P012,3,320000,0.05,912000,690000,222000
SO-00341,2025-02-07,C0150,P005,3,180000,0.03,523800,360000,163800
SO-00342,2025-02-07,C0140,P010,1,72000,0.05,68400,48000,20400
SO-00343,2025-02-07,C0225,P004,13,47000,0.12,537680,364000,173680
SO-00344,2025-02-08,C0206,P011,2,27000,0,54000,32000,22000
SO-00345,2025-02-08,C0151,P004,1,47000,0,47000,28000,19000
SO-00346,2025-02-08,C0337,P010,2,72000,0.05,136800,96000,40800
SO-00347,2025-02-08,C0158,P010,8,72000,0.12,506880,384000,122880
SO-00348,2025-02-08,C0287,P010,3,72000,0,216000,144000,72000
SO-00349,2025-02-08,C0201,P012,1,320000,0,320000,230000,90000
SO-00350,2025-02-08,C0220,P011,4,27000,0.1,97200,64000,33200
SO-00351,2025-02-09,C0259,P002,11,59000,0.12,571120,418000,153120
SO-00352,2025-02-09,C0325,P010,3,72000,0.03,209520,144000,65520
SO-00353,2025-02-09,C0400,P011,7,27000,0.08,173880,112000,61880
SO-00354,2025-02-09,C0298,P002,3,59000,0,177000,114000,63000
SO-00355,2025-02-09,C0037,P008,8,420000,0.05,3192000,2480000,712000
SO-00356,2025-02-09,C0268,P011,2,27000,0.03,52380,32000,20380
SO-00357,2025-02-10,C0294,P005,3,180000,0.05,513000,360000,153000
SO-00358,2025-02-10,C0347,P004,2,47000,0,94000,56000,38000
SO-00359,2025-02-10,C0258,P006,9,130000,0.1,1053000,765000,288000
SO-00360,2025-02-10,C0410,P012,3,320000,0.1,864000,690000,174000
SO-00361,2025-02-10,C0338,P003,4,140000,0,560000,380000,180000
SO-00362,2025-02-10,C0352,P002,2,59000,0.03,114460,76000,38460
SO-00363,2025-02-10,C0387,P011,4,27000,0.05,102600,64000,38600
SO-00364,2025-02-10,C0287,P002,4,59000,0.05,224200,152000,72200
SO-00365,2025-02-10,C0057,P006,2,130000,0,260000,170000,90000
SO-00366,2025-02-10,C0119,P002,4,59000,0.12,207680,152000,55680
SO-00367,2025-02-11,C0326,P004,4,47000,0.1,169200,112000,57200
SO-00368,2025-02-11,C0223,P004,5,47000,0,235000,140000,95000
SO-00369,2025-02-11,C0268,P011,1,27000,0.03,26190,16000,10190
SO-00370,2025-02-11,C0203,P001,1,65000,0,65000,42000,23000
SO-00371,2025-02-11,C0303,P010,4,72000,0,288000,192000,96000
SO-00372,2025-02-11,C0216,P001,4,65000,0,260000,168000,92000
SO-00373,2025-02-11,C0053,P011,2,27000,0.03,52380,32000,20380
SO-00374,2025-02-11,C0078,P006,2,130000,0.03,252200,170000,82200
SO-00375,2025-02-11,C0413,P008,1,420000,0.03,407400,310000,97400
SO-00376,2025-02-11,C0208,P007,2,98000,0,196000,140000,56000
SO-00377,2025-02-11,C0320,P007,6,98000,0.12,517440,420000,97440
SO-00378,2025-02-11,C0333,P005,3,180000,0.03,523800,360000,163800
SO-00379,2025-02-11,C0104,P010,4,72000,0,288000,192000,96000
SO-00380,2025-02-11,C0402,P011,5,27000,0,135000,80000,55000
SO-00381,2025-02-11,C0081,P004,7,47000,0.08,302680,196000,106680
SO-00382,2025-02-11,C0399,P003,5,140000,0.03,679000,475000,204000
SO-00383,2025-02-12,C0149,P011,4,27000,0,108000,64000,44000
SO-00384,2025-02-12,C0199,P007,2,98000,0,196000,140000,56000
SO-00385,2025-02-12,C0217,P011,5,27000,0.08,124200,80000,44200
SO-00386,2025-02-12,C0236,P011,2,27000,0.05,51300,32000,19300
SO-00387,2025-02-12,C0322,P002,2,59000,0,118000,76000,42000
SO-00388,2025-02-12,C0324,P006,4,130000,0.05,494000,340000,154000
SO-00389,2025-02-12,C0023,P001,3,65000,0.12,171600,126000,45600
SO-00390,2025-02-12,C0303,P007,2,98000,0.03,190120,140000,50120
SO-00391,2025-02-12,C0314,P001,4,65000,0.03,252200,168000,84200
SO-00392,2025-02-12,C0124,P001,1,65000,0,65000,42000,23000
SO-00393,2025-02-13,C0246,P002,1,59000,0.05,56050,38000,18050
SO-00394,2025-02-13,C0158,P007,8,98000,0.1,705600,560000,145600
SO-00395,2025-02-13,C0141,P006,1,130000,0,130000,85000,45000
SO-00396,2025-02-13,C0261,P010,4,72000,0.08,264960,192000,72960
SO-00397,2025-02-13,C0146,P011,9,27000,0.12,213840,144000,69840
SO-00398,2025-02-13,C0186,P011,1,27000,0,27000,16000,11000
SO-00399,2025-02-13,C0023,P001,14,65000,0.05,864500,588000,276500
SO-00400,2025-02-14,C0233,P002,1,59000,0,59000,38000,21000
SO-00401,2025-02-14,C0041,P001,10,65000,0.12,572000,420000,152000
SO-00402,2025-02-14,C0003,P004,5,47000,0.03,227950,140000,87950
SO-00403,2025-02-14,C0238,P011,4,27000,0.05,102600,64000,38600
SO-00404,2025-02-14,C0162,P012,3,320000,0,960000,690000,270000
SO-00405,2025-02-14,C0403,P004,2,47000,0.03,91180,56000,35180
SO-00406,2025-02-14,C0052,P012,5,320000,0,1600000,1150000,450000
SO-00407,2025-02-14,C0333,P012,1,320000,0,320000,230000,90000
SO-00408,2025-02-14,C0162,P007,5,98000,0.05,465500,350000,115500
SO-00409,2025-02-14,C0385,P011,13,27000,0.05,333450,208000,125450
SO-00410,2025-02-14,C0187,P002,4,59000,0,236000,152000,84000
SO-00411,2025-02-14,C0134,P010,3,72000,0.05,205200,144000,61200
SO-00412,2025-02-14,C0049,P002,10,59000,0.08,542800,380000,162800
SO-00413,2025-02-14,C0041,P001,3,65000,0.12,171600,126000,45600
SO-00414,2025-02-14,C0215,P007,9,98000,0.08,811440,630000,181440
SO-00415,2025-02-14,C0419,P006,1,130000,0,130000,85000,45000
SO-00416,2025-02-14,C0246,P009,1,690000,0.05,655500,520000,135500
SO-00417,2025-02-14,C0035,P002,1,59000,0,59000,38000,21000
SO-00418,2025-02-14,C0058,P002,3,59000,0,177000,114000,63000
SO-00419,2025-02-14,C0046,P004,2,47000,0.08,86480,56000,30480
SO-00420,2025-02-15,C0145,P010,5,72000,0.05,342000,240000,102000
SO-00421,2025-02-15,C0031,P001,1,65000,0.05,61750,42000,19750
SO-00422,2025-02-15,C0360,P006,3,130000,0.05,370500,255000,115500
SO-00423,2025-02-15,C0157,P011,1,27000,0,27000,16000,11000
SO-00424,2025-02-15,C0254,P011,10,27000,0.1,243000,160000,83000
SO-00425,2025-02-15,C0034,P011,2,27000,0.05,51300,32000,19300
SO-00426,2025-02-15,C0316,P008,4,420000,0,1680000,1240000,440000
SO-00427,2025-02-15,C0338,P011,2,27000,0.03,52380,32000,20380
SO-00428,2025-02-16,C0262,P009,14,690000,0.05,9177000,7280000,1897000
SO-00429,2025-02-17,C0152,P007,4,98000,0.12,344960,280000,64960
SO-00430,2025-02-17,C0195,P006,13,130000,0.08,1554800,1105000,449800
SO-00431,2025-02-17,C0133,P003,4,140000,0.03,543200,380000,163200
SO-00432,2025-02-17,C0347,P010,1,72000,0,72000,48000,24000
SO-00433,2025-02-17,C0180,P010,5,72000,0,360000,240000,120000
SO-00434,2025-02-17,C0286,P001,7,65000,0.08,418600,294000,124600
SO-00435,2025-02-17,C0296,P004,2,47000,0.08,86480,56000,30480
SO-00436,2025-02-17,C0147,P004,7,47000,0.08,302680,196000,106680
SO-00437,2025-02-17,C0418,P010,3,72000,0.03,209520,144000,65520
SO-00438,2025-02-17,C0145,P002,5,59000,0.05,280250,190000,90250
SO-00439,2025-02-18,C0004,P011,1,27000,0,27000,16000,11000
SO-00440,2025-02-18,C0268,P001,1,65000,0,65000,42000,23000
SO-00441,2025-02-18,C0252,P007,1,98000,0,98000,70000,28000
SO-00442,2025-02-18,C0095,P002,11,59000,0.08,597080,418000,179080
SO-00443,2025-02-18,C0414,P001,2,65000,0,130000,84000,46000
SO-00444,2025-02-18,C0380,P006,3,130000,0,390000,255000,135000
SO-00445,2025-02-18,C0049,P001,12,65000,0.05,741000,504000,237000
SO-00446,2025-02-18,C0307,P003,1,140000,0,140000,95000,45000
SO-00447,2025-02-18,C0316,P011,4,27000,0.03,104760,64000,40760
SO-00448,2025-02-18,C0005,P002,3,59000,0.03,171690,114000,57690
SO-00449,2025-02-18,C0250,P001,5,65000,0.05,308750,210000,98750
SO-00450,2025-02-18,C0222,P002,11,59000,0.05,616550,418000,198550
SO-00451,2025-02-18,C0336,P002,14,59000,0.12,726880,532000,194880
SO-00452,2025-02-18,C0089,P002,2,59000,0.03,114460,76000,38460
SO-00453,2025-02-18,C0264,P010,1,72000,0,72000,48000,24000
SO-00454,2025-02-19,C0162,P002,2,59000,0.05,112100,76000,36100
SO-00455,2025-02-19,C0147,P008,12,420000,0.08,4636800,3720000,916800
SO-00456,2025-02-19,C0160,P011,6,27000,0.05,153900,96000,57900
SO-00457,2025-02-19,C0280,P004,2,47000,0,94000,56000,38000
SO-00458,2025-02-19,C0383,P010,5,72000,0,360000,240000,120000
SO-00459,2025-02-19,C0050,P005,5,180000,0.05,855000,600000,255000
SO-00460,2025-02-19,C0194,P011,2,27000,0.12,47520,32000,15520
SO-00461,2025-02-19,C0236,P011,1,27000,0.05,25650,16000,9650
SO-00462,2025-02-19,C0287,P011,4,27000,0.05,102600,64000,38600
SO-00463,2025-02-19,C0105,P001,5,65000,0,325000,210000,115000
SO-00464,2025-02-19,C0203,P010,4,72000,0.05,273600,192000,81600
SO-00465,2025-02-19,C0094,P009,13,690000,0.08,8252400,6760000,1492400
SO-00466,2025-02-19,C0393,P004,1,47000,0,47000,28000,19000
SO-00467,2025-02-20,C0040,P002,1,59000,0,59000,38000,21000
SO-00468,2025-02-20,C0223,P004,3,47000,0.03,136770,84000,52770
SO-00469,2025-02-20,C0148,P010,4,72000,0,288000,192000,96000
SO-00470,2025-02-20,C0363,P001,10,65000,0.08,598000,420000,178000
SO-00471,2025-02-20,C0171,P003,5,140000,0,700000,475000,225000
SO-00472,2025-02-20,C0015,P002,10,59000,0.12,519200,380000,139200
SO-00473,2025-02-20,C0213,P004,1,47000,0.03,45590,28000,17590
SO-00474,2025-02-20,C0101,P003,1,140000,0,140000,95000,45000
SO-00475,2025-02-20,C0328,P005,5,180000,0.08,828000,600000,228000
SO-00476,2025-02-20,C0349,P010,8,72000,0.1,518400,384000,134400
SO-00477,2025-02-20,C0026,P010,2,72000,0.08,132480,96000,36480
SO-00478,2025-02-20,C0369,P010,2,72000,0,144000,96000,48000
SO-00479,2025-02-20,C0104,P007,5,98000,0,490000,350000,140000
SO-00480,2025-02-20,C0062,P001,3,65000,0.1,175500,126000,49500
SO-00481,2025-02-20,C0224,P005,5,180000,0,900000,600000,300000
SO-00482,2025-02-20,C0312,P001,14,65000,0.08,837200,588000,249200
SO-00483,2025-02-21,C0064,P007,2,98000,0,196000,140000,56000
SO-00484,2025-02-21,C0195,P010,9,72000,0.05,615600,432000,183600
SO-00485,2025-02-21,C0007,P012,10,320000,0.05,3040000,2300000,740000
SO-00486,2025-02-21,C0318,P005,2,180000,0.03,349200,240000,109200
SO-00487,2025-02-21,C0177,P010,2,72000,0.1,129600,96000,33600
SO-00488,2025-02-21,C0039,P001,1,65000,0,65000,42000,23000
SO-00489,2025-02-21,C0100,P003,5,140000,0.05,665000,475000,190000
SO-00490,2025-02-21,C0419,P009,5,690000,0,3450000,2600000,850000
SO-00491,2025-02-21,C0023,P004,8,47000,0.1,338400,224000,114400
SO-00492,2025-02-21,C0178,P012,1,320000,0.05,304000,230000,74000
SO-00493,2025-02-21,C0006,P005,1,180000,0,180000,120000,60000
SO-00494,2025-02-22,C0071,P010,2,72000,0,144000,96000,48000
SO-00495,2025-02-23,C0001,P007,7,98000,0.12,603680,490000,113680
SO-00496,2025-02-23,C0195,P002,2,59000,0.08,108560,76000,32560
SO-00497,2025-02-24,C0290,P011,1,27000,0.03,26190,16000,10190
SO-00498,2025-02-24,C0260,P010,2,72000,0.03,139680,96000,43680
SO-00499,2025-02-24,C0390,P003,2,140000,0.03,271600,190000,81600
SO-00500,2025-02-24,C0404,P005,3,180000,0.03,523800,360000,163800
SO-00501,2025-02-24,C0355,P011,5,27000,0.03,130950,80000,50950
SO-00502,2025-02-24,C0001,P004,6,47000,0.12,248160,168000,80160
SO-00503,2025-02-24,C0396,P001,9,65000,0.08,538200,378000,160200
SO-00504,2025-02-24,C0339,P004,4,47000,0,188000,112000,76000
SO-00505,2025-02-24,C0144,P007,3,98000,0,294000,210000,84000
SO-00506,2025-02-24,C0262,P004,5,47000,0.1,211500,140000,71500
SO-00507,2025-02-24,C0064,P011,1,27000,0,27000,16000,11000
SO-00508,2025-02-24,C0340,P001,5,65000,0,325000,210000,115000
SO-00509,2025-02-24,C0245,P011,12,27000,0.08,298080,192000,106080
SO-00510,2025-02-24,C0138,P009,5,690000,0.08,3174000,2600000,574000
SO-00511,2025-02-24,C0194,P002,9,59000,0.05,504450,342000,162450
SO-00512,2025-02-25,C0157,P003,3,140000,0.03,407400,285000,122400
SO-00513,2025-02-25,C0349,P001,7,65000,0.12,400400,294000,106400
SO-00514,2025-02-25,C0285,P001,1,65000,0.05,61750,42000,19750
SO-00515,2025-02-25,C0103,P011,1,27000,0,27000,16000,11000
SO-00516,2025-02-25,C0344,P010,1,72000,0.03,69840,48000,21840
SO-00517,2025-02-25,C0095,P008,13,420000,0.05,5187000,4030000,1157000
SO-00518,2025-02-25,C0008,P007,1,98000,0.03,95060,70000,25060
SO-00519,2025-02-25,C0411,P002,2,59000,0,118000,76000,42000
SO-00520,2025-02-26,C0117,P010,12,72000,0.08,794880,576000,218880
SO-00521,2025-02-26,C0018,P007,3,98000,0.05,279300,210000,69300
SO-00522,2025-02-26,C0197,P011,2,27000,0,54000,32000,22000
SO-00523,2025-02-26,C0300,P010,1,72000,0.03,69840,48000,21840
SO-00524,2025-02-26,C0393,P011,1,27000,0.05,25650,16000,9650
SO-00525,2025-02-26,C0176,P007,1,98000,0,98000,70000,28000
SO-00526,2025-02-26,C0301,P004,9,47000,0.1,380700,252000,128700
SO-00527,2025-02-26,C0412,P001,1,65000,0,65000,42000,23000
SO-00528,2025-02-26,C0285,P002,2,59000,0,118000,76000,42000
SO-00529,2025-02-26,C0196,P010,14,72000,0.05,957600,672000,285600
SO-00530,2025-02-26,C0058,P002,4,59000,0.03,228920,152000,76920
SO-00531,2025-02-26,C0030,P011,5,27000,0.03,130950,80000,50950
SO-00532,2025-02-26,C0376,P004,14,47000,0.05,625100,392000,233100
SO-00533,2025-02-26,C0082,P001,3,65000,0.05,185250,126000,59250
SO-00534,2025-02-26,C0270,P003,1,140000,0.05,133000,95000,38000
SO-00535,2025-02-27,C0118,P004,8,47000,0.05,357200,224000,133200
SO-00536,2025-02-27,C0032,P007,1,98000,0.03,95060,70000,25060
SO-00537,2025-02-27,C0127,P011,1,27000,0,27000,16000,11000
SO-00538,2025-02-27,C0088,P006,5,130000,0.1,585000,425000,160000
SO-00539,2025-02-27,C0089,P007,5,98000,0,490000,350000,140000
SO-00540,2025-02-27,C0367,P002,1,59000,0.05,56050,38000,18050
SO-00541,2025-02-27,C0320,P011,9,27000,0.05,230850,144000,86850
SO-00542,2025-02-27,C0030,P004,2,47000,0.03,91180,56000,35180
SO-00543,2025-02-27,C0237,P008,4,420000,0.05,1596000,1240000,356000
SO-00544,2025-02-27,C0276,P004,3,47000,0.05,133950,84000,49950
SO-00545,2025-02-27,C0128,P003,1,140000,0.03,135800,95000,40800
SO-00546,2025-02-27,C0353,P006,8,130000,0.08,956800,680000,276800
SO-00547,2025-02-27,C0150,P002,4,59000,0,236000,152000,84000
SO-00548,2025-02-27,C0010,P005,3,180000,0,540000,360000,180000
SO-00549,2025-02-28,C0012,P005,4,180000,0.03,698400,480000,218400
SO-00550,2025-02-28,C0296,P003,11,140000,0.1,1386000,1045000,341000
SO-00551,2025-02-28,C0012,P011,4,27000,0,108000,64000,44000
SO-00552,2025-02-28,C0043,P010,8,72000,0.1,518400,384000,134400
SO-00553,2025-02-28,C0228,P011,4,27000,0.05,102600,64000,38600
SO-00554,2025-02-28,C0043,P011,12,27000,0.08,298080,192000,106080
SO-00555,2025-02-28,C0023,P004,3,47000,0.12,124080,84000,40080
SO-00556,2025-02-28,C0300,P004,2,47000,0,94000,56000,38000
SO-00557,2025-02-28,C0252,P001,5,65000,0.03,315250,210000,105250
SO-00558,2025-02-28,C0233,P008,1,420000,0,420000,310000,110000
SO-00559,2025-02-28,C0123,P003,2,140000,0.05,266000,190000,76000
SO-00560,2025-03-01,C0291,P007,2,98000,0,196000,140000,56000
SO-00561,2025-03-01,C0253,P002,5,59000,0,295000,190000,105000
SO-00562,2025-03-01,C0005,P004,2,47000,0,94000,56000,38000
SO-00563,2025-03-01,C0271,P004,2,47000,0,94000,56000,38000
SO-00564,2025-03-01,C0224,P004,2,47000,0,94000,56000,38000
SO-00565,2025-03-01,C0186,P004,1,47000,0,47000,28000,19000
SO-00566,2025-03-02,C0371,P004,2,47000,0.05,89300,56000,33300
SO-00567,2025-03-02,C0366,P011,12,27000,0.12,285120,192000,93120
SO-00568,2025-03-02,C0255,P004,1,47000,0.03,45590,28000,17590
SO-00569,2025-03-02,C0321,P011,1,27000,0.03,26190,16000,10190
SO-00570,2025-03-02,C0372,P002,5,59000,0.05,280250,190000,90250
SO-00571,2025-03-02,C0150,P012,1,320000,0,320000,230000,90000
SO-00572,2025-03-02,C0179,P004,7,47000,0.05,312550,196000,116550
SO-00573,2025-03-02,C0281,P010,4,72000,0,288000,192000,96000
SO-00574,2025-03-02,C0264,P001,2,65000,0,130000,84000,46000
SO-00575,2025-03-03,C0047,P004,1,47000,0.03,45590,28000,17590
SO-00576,2025-03-03,C0419,P004,1,47000,0.05,44650,28000,16650
SO-00577,2025-03-03,C0170,P011,4,27000,0.1,97200,64000,33200
SO-00578,2025-03-03,C0035,P002,2,59000,0.03,114460,76000,38460
SO-00579,2025-03-03,C0012,P012,1,320000,0,320000,230000,90000
SO-00580,2025-03-03,C0174,P002,2,59000,0,118000,76000,42000
SO-00581,2025-03-03,C0051,P004,5,47000,0.03,227950,140000,87950
SO-00582,2025-03-03,C0332,P007,12,98000,0.1,1058400,840000,218400
SO-00583,2025-03-03,C0087,P006,6,130000,0.1,702000,510000,192000
SO-00584,2025-03-03,C0405,P011,12,27000,0.08,298080,192000,106080
SO-00585,2025-03-03,C0073,P005,14,180000,0.1,2268000,1680000,588000
SO-00586,2025-03-03,C0098,P010,5,72000,0.08,331200,240000,91200
SO-00587,2025-03-03,C0019,P011,3,27000,0,81000,48000,33000
SO-00588,2025-03-04,C0412,P002,4,59000,0.05,224200,152000,72200
SO-00589,2025-03-04,C0017,P011,4,27000,0.05,102600,64000,38600
SO-00590,2025-03-04,C0252,P009,3,690000,0,2070000,1560000,510000
SO-00591,2025-03-04,C0410,P007,4,98000,0.08,360640,280000,80640
SO-00592,2025-03-04,C0371,P004,1,47000,0.05,44650,28000,16650
SO-00593,2025-03-04,C0326,P010,5,72000,0.08,331200,240000,91200
SO-00594,2025-03-04,C0076,P004,1,47000,0,47000,28000,19000
SO-00595,2025-03-04,C0243,P002,2,59000,0.1,106200,76000,30200
SO-00596,2025-03-04,C0064,P011,1,27000,0,27000,16000,11000
SO-00597,2025-03-04,C0026,P001,10,65000,0.05,617500,420000,197500
SO-00598,2025-03-04,C0107,P007,2,98000,0.05,186200,140000,46200
SO-00599,2025-03-04,C0146,P012,6,320000,0.05,1824000,1380000,444000
SO-00600,2025-03-05,C0357,P005,1,180000,0.03,174600,120000,54600
SO-00601,2025-03-05,C0415,P011,11,27000,0.12,261360,176000,85360
SO-00602,2025-03-05,C0362,P010,1,72000,0.05,68400,48000,20400
SO-00603,2025-03-05,C0036,P010,2,72000,0,144000,96000,48000
SO-00604,2025-03-05,C0141,P010,2,72000,0.03,139680,96000,43680
SO-00605,2025-03-05,C0373,P008,5,420000,0.03,2037000,1550000,487000
SO-00606,2025-03-05,C0059,P011,9,27000,0.1,218700,144000,74700
SO-00607,2025-03-05,C0138,P010,8,72000,0.12,506880,384000,122880
SO-00608,2025-03-05,C0094,P002,12,59000,0.12,623040,456000,167040
SO-00609,2025-03-06,C0175,P005,1,180000,0.03,174600,120000,54600
SO-00610,2025-03-06,C0375,P008,10,420000,0.05,3990000,3100000,890000
SO-00611,2025-03-06,C0053,P007,5,98000,0,490000,350000,140000
SO-00612,2025-03-06,C0045,P011,2,27000,0.05,51300,32000,19300
SO-00613,2025-03-06,C0117,P001,9,65000,0.1,526500,378000,148500
SO-00614,2025-03-06,C0072,P004,2,47000,0.05,89300,56000,33300
SO-00615,2025-03-06,C0118,P005,7,180000,0.08,1159200,840000,319200
SO-00616,2025-03-06,C0251,P011,6,27000,0.1,145800,96000,49800
SO-00617,2025-03-06,C0067,P004,5,47000,0.05,223250,140000,83250
SO-00618,2025-03-06,C0239,P008,6,420000,0.1,2268000,1860000,408000
SO-00619,2025-03-06,C0401,P011,3,27000,0,81000,48000,33000
SO-00620,2025-03-07,C0187,P008,1,420000,0,420000,310000,110000
SO-00621,2025-03-07,C0144,P008,5,420000,0,2100000,1550000,550000
SO-00622,2025-03-07,C0018,P008,3,420000,0.05,1197000,930000,267000
SO-00623,2025-03-07,C0070,P002,5,59000,0.12,259600,190000,69600
SO-00624,2025-03-07,C0059,P009,2,690000,0.05,1311000,1040000,271000
SO-00625,2025-03-07,C0166,P001,3,65000,0,195000,126000,69000
SO-00626,2025-03-07,C0284,P010,3,72000,0.05,205200,144000,61200
SO-00627,2025-03-07,C0037,P002,13,59000,0.08,705640,494000,211640
SO-00628,2025-03-07,C0157,P004,5,47000,0,235000,140000,95000
SO-00629,2025-03-07,C0375,P002,6,59000,0.08,325680,228000,97680
SO-00630,2025-03-07,C0275,P010,7,72000,0.12,443520,336000,107520
SO-00631,2025-03-07,C0270,P010,1,72000,0,72000,48000,24000
SO-00632,2025-03-07,C0344,P004,2,47000,0,94000,56000,38000
SO-00633,2025-03-08,C0201,P010,2,72000,0.05,136800,96000,40800
SO-00634,2025-03-08,C0295,P011,2,27000,0,54000,32000,22000
SO-00635,2025-03-09,C0346,P004,4,47000,0.05,178600,112000,66600
SO-00636,2025-03-09,C0133,P004,3,47000,0.03,136770,84000,52770
SO-00637,2025-03-09,C0227,P011,2,27000,0.05,51300,32000,19300
SO-00638,2025-03-09,C0166,P002,2,59000,0,118000,76000,42000
SO-00639,2025-03-09,C0296,P007,2,98000,0.12,172480,140000,32480
SO-00640,2025-03-09,C0081,P004,14,47000,0.08,605360,392000,213360
SO-00641,2025-03-09,C0154,P008,3,420000,0.05,1197000,930000,267000
SO-00642,2025-03-09,C0397,P004,2,47000,0,94000,56000,38000
SO-00643,2025-03-09,C0206,P002,1,59000,0,59000,38000,21000
SO-00644,2025-03-10,C0131,P004,12,47000,0.05,535800,336000,199800
SO-00645,2025-03-10,C0185,P011,5,27000,0.05,128250,80000,48250
SO-00646,2025-03-10,C0058,P002,2,59000,0.03,114460,76000,38460
SO-00647,2025-03-10,C0003,P002,3,59000,0.03,171690,114000,57690
SO-00648,2025-03-10,C0322,P001,1,65000,0.05,61750,42000,19750
SO-00649,2025-03-10,C0386,P011,3,27000,0.03,78570,48000,30570
SO-00650,2025-03-10,C0190,P010,5,72000,0.03,349200,240000,109200
SO-00651,2025-03-10,C0337,P006,14,130000,0.12,1601600,1190000,411600
SO-00652,2025-03-10,C0076,P001,1,65000,0.05,61750,42000,19750
SO-00653,2025-03-10,C0139,P011,12,27000,0.1,291600,192000,99600
SO-00654,2025-03-10,C0031,P006,4,130000,0,520000,340000,180000
SO-00655,2025-03-10,C0236,P002,3,59000,0,177000,114000,63000
SO-00656,2025-03-10,C0331,P011,1,27000,0,27000,16000,11000
SO-00657,2025-03-10,C0264,P011,1,27000,0.05,25650,16000,9650
SO-00658,2025-03-11,C0293,P010,1,72000,0,72000,48000,24000
SO-00659,2025-03-11,C0068,P007,10,98000,0.05,931000,700000,231000
SO-00660,2025-03-11,C0178,P011,1,27000,0.05,25650,16000,9650
SO-00661,2025-03-11,C0305,P005,2,180000,0,360000,240000,120000
SO-00662,2025-03-11,C0355,P005,2,180000,0.03,349200,240000,109200
SO-00663,2025-03-11,C0055,P010,13,72000,0.05,889200,624000,265200
SO-00664,2025-03-11,C0265,P004,2,47000,0,94000,56000,38000
SO-00665,2025-03-11,C0393,P002,5,59000,0,295000,190000,105000
SO-00666,2025-03-11,C0092,P010,5,72000,0.05,342000,240000,102000
SO-00667,2025-03-11,C0093,P005,4,180000,0.1,648000,480000,168000
SO-00668,2025-03-11,C0265,P010,1,72000,0.03,69840,48000,21840
SO-00669,2025-03-11,C0025,P003,9,140000,0.1,1134000,855000,279000
SO-00670,2025-03-12,C0275,P011,4,27000,0.05,102600,64000,38600
SO-00671,2025-03-12,C0381,P001,4,65000,0.03,252200,168000,84200
SO-00672,2025-03-12,C0030,P011,3,27000,0,81000,48000,33000
SO-00673,2025-03-12,C0119,P001,7,65000,0.1,409500,294000,115500
SO-00674,2025-03-12,C0096,P004,2,47000,0,94000,56000,38000
SO-00675,2025-03-12,C0117,P001,5,65000,0.05,308750,210000,98750
SO-00676,2025-03-12,C0380,P006,5,130000,0,650000,425000,225000
SO-00677,2025-03-12,C0410,P012,2,320000,0.08,588800,460000,128800
SO-00678,2025-03-12,C0201,P005,2,180000,0,360000,240000,120000
SO-00679,2025-03-12,C0347,P004,5,47000,0,235000,140000,95000
SO-00680,2025-03-12,C0400,P010,4,72000,0.05,273600,192000,81600
SO-00681,2025-03-12,C0080,P003,1,140000,0.03,135800,95000,40800
SO-00682,2025-03-12,C0125,P001,2,65000,0,130000,84000,46000
SO-00683,2025-03-12,C0414,P011,2,27000,0,54000,32000,22000
SO-00684,2025-03-12,C0122,P010,14,72000,0.08,927360,672000,255360
SO-00685,2025-03-13,C0406,P004,5,47000,0.05,223250,140000,83250
SO-00686,2025-03-13,C0236,P010,5,72000,0.05,342000,240000,102000
SO-00687,2025-03-13,C0276,P011,3,27000,0,81000,48000,33000
SO-00688,2025-03-13,C0107,P011,2,27000,0,54000,32000,22000
SO-00689,2025-03-13,C0061,P011,5,27000,0,135000,80000,55000
SO-00690,2025-03-13,C0343,P011,2,27000,0,54000,32000,22000
SO-00691,2025-03-13,C0165,P007,2,98000,0.03,190120,140000,50120
SO-00692,2025-03-13,C0392,P010,2,72000,0.08,132480,96000,36480
SO-00693,2025-03-13,C0419,P002,2,59000,0,118000,76000,42000
SO-00694,2025-03-13,C0300,P001,2,65000,0.05,123500,84000,39500
SO-00695,2025-03-13,C0201,P010,2,72000,0.05,136800,96000,40800
SO-00696,2025-03-13,C0074,P010,9,72000,0.1,583200,432000,151200
SO-00697,2025-03-13,C0350,P007,4,98000,0.05,372400,280000,92400
SO-00698,2025-03-14,C0186,P009,2,690000,0,1380000,1040000,340000
SO-00699,2025-03-14,C0252,P010,2,72000,0.03,139680,96000,43680
SO-00700,2025-03-14,C0040,P002,2,59000,0,118000,76000,42000
SO-00701,2025-03-14,C0267,P002,11,59000,0.1,584100,418000,166100
SO-00702,2025-03-14,C0317,P004,2,47000,0.03,91180,56000,35180
SO-00703,2025-03-14,C0062,P007,3,98000,0.1,264600,210000,54600
SO-00704,2025-03-14,C0387,P010,4,72000,0.03,279360,192000,87360
SO-00705,2025-03-14,C0417,P010,1,72000,0.05,68400,48000,20400
SO-00706,2025-03-14,C0235,P001,1,65000,0.03,63050,42000,21050
SO-00707,2025-03-14,C0137,P006,8,130000,0.12,915200,680000,235200
SO-00708,2025-03-14,C0038,P007,4,98000,0,392000,280000,112000
SO-00709,2025-03-15,C0273,P007,2,98000,0,196000,140000,56000
SO-00710,2025-03-15,C0210,P002,2,59000,0.05,112100,76000,36100
SO-00711,2025-03-15,C0363,P011,10,27000,0.05,256500,160000,96500
SO-00712,2025-03-15,C0299,P003,2,140000,0,280000,190000,90000
SO-00713,2025-03-15,C0400,P004,2,47000,0.05,89300,56000,33300
SO-00714,2025-03-15,C0310,P006,5,130000,0.08,598000,425000,173000
SO-00715,2025-03-15,C0256,P010,9,72000,0.08,596160,432000,164160
SO-00716,2025-03-15,C0300,P009,1,690000,0.05,655500,520000,135500
SO-00717,2025-03-16,C0014,P004,2,47000,0.05,89300,56000,33300
SO-00718,2025-03-16,C0081,P009,10,690000,0.12,6072000,5200000,872000
SO-00719,2025-03-16,C0039,P001,1,65000,0,65000,42000,23000
SO-00720,2025-03-16,C0043,P010,11,72000,0.12,696960,528000,168960
SO-00721,2025-03-17,C0313,P001,2,65000,0,130000,84000,46000
SO-00722,2025-03-17,C0353,P006,4,130000,0.12,457600,340000,117600
SO-00723,2025-03-17,C0321,P012,2,320000,0,640000,460000,180000
SO-00724,2025-03-17,C0063,P002,2,59000,0.05,112100,76000,36100
SO-00725,2025-03-17,C0177,P005,11,180000,0.05,1881000,1320000,561000
SO-00726,2025-03-17,C0021,P010,2,72000,0,144000,96000,48000
SO-00727,2025-03-17,C0361,P001,1,65000,0,65000,42000,23000
SO-00728,2025-03-18,C0264,P003,2,140000,0,280000,190000,90000
SO-00729,2025-03-18,C0036,P004,2,47000,0,94000,56000,38000
SO-00730,2025-03-18,C0408,P002,13,59000,0.05,728650,494000,234650
SO-00731,2025-03-18,C0265,P010,1,72000,0,72000,48000,24000
SO-00732,2025-03-18,C0420,P009,3,690000,0.05,1966500,1560000,406500
SO-00733,2025-03-18,C0317,P012,3,320000,0.03,931200,690000,241200
SO-00734,2025-03-18,C0400,P007,14,98000,0.05,1303400,980000,323400
SO-00735,2025-03-18,C0249,P011,1,27000,0,27000,16000,11000
SO-00736,2025-03-18,C0075,P009,12,690000,0.12,7286400,6240000,1046400
SO-00737,2025-03-18,C0331,P004,1,47000,0,47000,28000,19000
SO-00738,2025-03-18,C0390,P003,2,140000,0,280000,190000,90000
SO-00739,2025-03-18,C0278,P005,9,180000,0.12,1425600,1080000,345600
SO-00740,2025-03-18,C0090,P007,2,98000,0.03,190120,140000,50120
SO-00741,2025-03-18,C0115,P006,2,130000,0,260000,170000,90000
SO-00742,2025-03-19,C0019,P005,3,180000,0,540000,360000,180000
SO-00743,2025-03-19,C0316,P011,2,27000,0.03,52380,32000,20380
SO-00744,2025-03-19,C0174,P009,1,690000,0.03,669300,520000,149300
SO-00745,2025-03-19,C0040,P001,2,65000,0.03,126100,84000,42100
SO-00746,2025-03-19,C0242,P011,4,27000,0,108000,64000,44000
SO-00747,2025-03-19,C0218,P002,1,59000,0,59000,38000,21000
SO-00748,2025-03-19,C0143,P011,5,27000,0,135000,80000,55000
SO-00749,2025-03-19,C0273,P007,4,98000,0.03,380240,280000,100240
SO-00750,2025-03-19,C0301,P004,9,47000,0.05,401850,252000,149850
SO-00751,2025-03-19,C0404,P008,5,420000,0,2100000,1550000,550000
SO-00752,2025-03-20,C0119,P012,9,320000,0.12,2534400,2070000,464400
SO-00753,2025-03-20,C0017,P010,5,72000,0.05,342000,240000,102000
SO-00754,2025-03-20,C0278,P007,7,98000,0.1,617400,490000,127400
SO-00755,2025-03-20,C0079,P001,9,65000,0.05,555750,378000,177750
SO-00756,2025-03-20,C0370,P004,1,47000,0,47000,28000,19000
SO-00757,2025-03-20,C0053,P003,1,140000,0.03,135800,95000,40800
SO-00758,2025-03-20,C0221,P010,2,72000,0,144000,96000,48000
SO-00759,2025-03-20,C0113,P011,1,27000,0,27000,16000,11000
SO-00760,2025-03-20,C0013,P010,7,72000,0.12,443520,336000,107520
SO-00761,2025-03-20,C0328,P011,6,27000,0.12,142560,96000,46560
SO-00762,2025-03-20,C0141,P011,1,27000,0,27000,16000,11000
SO-00763,2025-03-20,C0377,P002,1,59000,0,59000,38000,21000
SO-00764,2025-03-21,C0051,P006,5,130000,0,650000,425000,225000
SO-00765,2025-03-21,C0224,P004,5,47000,0,235000,140000,95000
SO-00766,2025-03-21,C0323,P003,12,140000,0.08,1545600,1140000,405600
SO-00767,2025-03-21,C0405,P004,6,47000,0.1,253800,168000,85800
SO-00768,2025-03-21,C0015,P007,2,98000,0.1,176400,140000,36400
SO-00769,2025-03-21,C0253,P001,5,65000,0.03,315250,210000,105250
SO-00770,2025-03-21,C0056,P002,11,59000,0.12,571120,418000,153120
SO-00771,2025-03-21,C0039,P011,2,27000,0.05,51300,32000,19300
SO-00772,2025-03-21,C0318,P001,2,65000,0,130000,84000,46000
SO-00773,2025-03-21,C0105,P002,3,59000,0,177000,114000,63000
SO-00774,2025-03-21,C0357,P010,2,72000,0,144000,96000,48000
SO-00775,2025-03-23,C0402,P004,4,47000,0.05,178600,112000,66600
SO-00776,2025-03-23,C0063,P002,1,59000,0,59000,38000,21000
SO-00777,2025-03-23,C0205,P002,4,59000,0,236000,152000,84000
SO-00778,2025-03-23,C0092,P004,5,47000,0,235000,140000,95000
SO-00779,2025-03-23,C0019,P010,5,72000,0,360000,240000,120000
SO-00780,2025-03-23,C0222,P001,7,65000,0.08,418600,294000,124600
SO-00781,2025-03-23,C0146,P004,9,47000,0.08,389160,252000,137160
SO-00782,2025-03-23,C0404,P001,5,65000,0.03,315250,210000,105250
SO-00783,2025-03-23,C0118,P001,4,65000,0.12,228800,168000,60800
SO-00784,2025-03-23,C0090,P007,1,98000,0.03,95060,70000,25060
SO-00785,2025-03-24,C0284,P005,3,180000,0.05,513000,360000,153000
SO-00786,2025-03-24,C0173,P004,2,47000,0.03,91180,56000,35180
SO-00787,2025-03-24,C0086,P010,2,72000,0.05,136800,96000,40800
SO-00788,2025-03-24,C0315,P001,2,65000,0.03,126100,84000,42100
SO-00789,2025-03-24,C0254,P002,4,59000,0.12,207680,152000,55680
SO-00790,2025-03-24,C0361,P010,5,72000,0.05,342000,240000,102000
SO-00791,2025-03-24,C0407,P008,3,420000,0.08,1159200,930000,229200
SO-00792,2025-03-24,C0214,P004,3,47000,0.03,136770,84000,52770
SO-00793,2025-03-24,C0138,P004,3,47000,0.1,126900,84000,42900
SO-00794,2025-03-24,C0045,P004,6,47000,0.08,259440,168000,91440
SO-00795,2025-03-24,C0285,P011,1,27000,0,27000,16000,11000
SO-00796,2025-03-24,C0264,P012,1,320000,0,320000,230000,90000
SO-00797,2025-03-24,C0272,P007,1,98000,0,98000,70000,28000
SO-00798,2025-03-24,C0153,P003,1,140000,0.05,133000,95000,38000
SO-00799,2025-03-24,C0161,P007,4,98000,0.08,360640,280000,80640
SO-00800,2025-03-25,C0368,P002,5,59000,0,295000,190000,105000
SO-00801,2025-03-25,C0056,P002,4,59000,0.08,217120,152000,65120
SO-00802,2025-03-25,C0379,P002,5,59000,0,295000,190000,105000
SO-00803,2025-03-25,C0260,P010,2,72000,0,144000,96000,48000
SO-00804,2025-03-25,C0309,P005,8,180000,0.08,1324800,960000,364800
SO-00805,2025-03-25,C0052,P007,4,98000,0,392000,280000,112000
SO-00806,2025-03-25,C0364,P011,2,27000,0.08,49680,32000,17680
SO-00807,2025-03-25,C0053,P002,3,59000,0.03,171690,114000,57690
SO-00808,2025-03-25,C0353,P008,10,420000,0.08,3864000,3100000,764000
SO-00809,2025-03-25,C0268,P004,2,47000,0.03,91180,56000,35180
SO-00810,2025-03-25,C0356,P011,2,27000,0,54000,32000,22000
SO-00811,2025-03-25,C0315,P007,5,98000,0.03,475300,350000,125300
SO-00812,2025-03-25,C0316,P010,2,72000,0,144000,96000,48000
SO-00813,2025-03-25,C0301,P007,5,98000,0.05,465500,350000,115500
SO-00814,2025-03-25,C0368,P005,2,180000,0,360000,240000,120000
SO-00815,2025-03-25,C0289,P011,9,27000,0.12,213840,144000,69840
SO-00816,2025-03-26,C0061,P004,4,47000,0,188000,112000,76000
SO-00817,2025-03-26,C0142,P005,2,180000,0,360000,240000,120000
SO-00818,2025-03-26,C0139,P006,13,130000,0.1,1521000,1105000,416000
SO-00819,2025-03-26,C0409,P002,1,59000,0.05,56050,38000,18050
SO-00820,2025-03-26,C0409,P006,4,130000,0,520000,340000,180000
SO-00821,2025-03-26,C0340,P009,4,690000,0.05,2622000,2080000,542000
SO-00822,2025-03-26,C0340,P010,2,72000,0.05,136800,96000,40800
SO-00823,2025-03-26,C0303,P004,2,47000,0,94000,56000,38000
SO-00824,2025-03-26,C0321,P011,3,27000,0,81000,48000,33000
SO-00825,2025-03-26,C0306,P007,4,98000,0.03,380240,280000,100240
SO-00826,2025-03-26,C0373,P001,4,65000,0.05,247000,168000,79000
SO-00827,2025-03-27,C0262,P007,12,98000,0.12,1034880,840000,194880
SO-00828,2025-03-27,C0258,P002,10,59000,0.12,519200,380000,139200
SO-00829,2025-03-27,C0300,P004,1,47000,0,47000,28000,19000
SO-00830,2025-03-27,C0362,P007,1,98000,0,98000,70000,28000
SO-00831,2025-03-27,C0038,P008,3,420000,0.03,1222200,930000,292200
SO-00832,2025-03-27,C0067,P001,2,65000,0.08,119600,84000,35600
SO-00833,2025-03-27,C0140,P010,1,72000,0,72000,48000,24000
SO-00834,2025-03-27,C0002,P001,2,65000,0,130000,84000,46000
SO-00835,2025-03-27,C0210,P010,1,72000,0,72000,48000,24000
SO-00836,2025-03-27,C0244,P007,1,98000,0.05,93100,70000,23100
SO-00837,2025-03-27,C0067,P001,5,65000,0.08,299000,210000,89000
SO-00838,2025-03-27,C0402,P007,2,98000,0,196000,140000,56000
SO-00839,2025-03-27,C0239,P010,5,72000,0.05,342000,240000,102000
SO-00840,2025-03-27,C0104,P001,2,65000,0,130000,84000,46000
SO-00841,2025-03-27,C0194,P010,11,72000,0.05,752400,528000,224400
SO-00842,2025-03-28,C0230,P004,8,47000,0.05,357200,224000,133200
SO-00843,2025-03-28,C0145,P008,4,420000,0.03,1629600,1240000,389600
SO-00844,2025-03-28,C0358,P002,7,59000,0.1,371700,266000,105700
SO-00845,2025-03-28,C0184,P005,5,180000,0,900000,600000,300000
SO-00846,2025-03-28,C0166,P006,4,130000,0,520000,340000,180000
SO-00847,2025-03-28,C0322,P003,5,140000,0.03,679000,475000,204000
SO-00848,2025-03-28,C0305,P004,2,47000,0,94000,56000,38000
SO-00849,2025-03-28,C0029,P010,1,72000,0.03,69840,48000,21840
SO-00850,2025-03-29,C0053,P004,4,47000,0.05,178600,112000,66600
SO-00851,2025-03-29,C0116,P002,3,59000,0.05,168150,114000,54150
SO-00852,2025-03-29,C0246,P006,2,130000,0.03,252200,170000,82200
SO-00853,2025-03-29,C0278,P007,10,98000,0.12,862400,700000,162400
SO-00854,2025-03-29,C0048,P004,3,47000,0,141000,84000,57000
SO-00855,2025-03-29,C0192,P001,2,65000,0,130000,84000,46000
SO-00856,2025-03-29,C0365,P001,1,65000,0.03,63050,42000,21050
SO-00857,2025-03-29,C0241,P012,1,320000,0.03,310400,230000,80400
SO-00858,2025-03-30,C0267,P010,14,72000,0.12,887040,672000,215040
SO-00859,2025-03-30,C0314,P005,2,180000,0.05,342000,240000,102000
SO-00860,2025-03-30,C0405,P008,3,420000,0.12,1108800,930000,178800
SO-00861,2025-03-30,C0089,P009,1,690000,0,690000,520000,170000
SO-00862,2025-03-30,C0076,P005,2,180000,0,360000,240000,120000
SO-00863,2025-03-30,C0253,P005,2,180000,0,360000,240000,120000
SO-00864,2025-03-30,C0107,P004,1,47000,0.05,44650,28000,16650
SO-00865,2025-03-30,C0048,P004,3,47000,0.05,133950,84000,49950
SO-00866,2025-03-30,C0353,P011,2,27000,0.1,48600,32000,16600
SO-00867,2025-03-30,C0112,P007,5,98000,0,490000,350000,140000
SO-00868,2025-03-31,C0065,P008,14,420000,0.12,5174400,4340000,834400
SO-00869,2025-03-31,C0317,P008,5,420000,0,2100000,1550000,550000
SO-00870,2025-03-31,C0244,P002,1,59000,0,59000,38000,21000
SO-00871,2025-03-31,C0359,P009,4,690000,0.05,2622000,2080000,542000
SO-00872,2025-03-31,C0164,P010,11,72000,0.12,696960,528000,168960
SO-00873,2025-03-31,C0053,P006,2,130000,0,260000,170000,90000
SO-00874,2025-03-31,C0164,P011,8,27000,0.1,194400,128000,66400
SO-00875,2025-03-31,C0414,P008,2,420000,0,840000,620000,220000
SO-00876,2025-03-31,C0238,P007,7,98000,0.05,651700,490000,161700
SO-00877,2025-03-31,C0115,P002,4,59000,0,236000,152000,84000
SO-00878,2025-03-31,C0173,P011,1,27000,0,27000,16000,11000
SO-00879,2025-03-31,C0150,P001,5,65000,0,325000,210000,115000
SO-00880,2025-03-31,C0325,P012,5,320000,0,1600000,1150000,450000
SO-00881,2025-03-31,C0088,P004,12,47000,0.08,518880,336000,182880
SO-00882,2025-03-31,C0085,P002,8,59000,0.12,415360,304000,111360
SO-00883,2025-04-01,C0119,P007,13,98000,0.1,1146600,910000,236600
SO-00884,2025-04-01,C0177,P010,6,72000,0.05,410400,288000,122400
SO-00885,2025-04-01,C0085,P007,12,98000,0.1,1058400,840000,218400
SO-00886,2025-04-01,C0158,P007,2,98000,0.08,180320,140000,40320
SO-00887,2025-04-01,C0277,P001,2,65000,0,130000,84000,46000
SO-00888,2025-04-01,C0407,P001,7,65000,0.05,432250,294000,138250
SO-00889,2025-04-01,C0109,P004,1,47000,0,47000,28000,19000
SO-00890,2025-04-01,C0377,P012,2,320000,0,640000,460000,180000
SO-00891,2025-04-01,C0012,P007,1,98000,0.05,93100,70000,23100
SO-00892,2025-04-01,C0367,P004,5,47000,0,235000,140000,95000
SO-00893,2025-04-01,C0119,P011,4,27000,0.08,99360,64000,35360
SO-00894,2025-04-02,C0064,P011,2,27000,0.05,51300,32000,19300
SO-00895,2025-04-02,C0204,P011,13,27000,0.1,315900,208000,107900
SO-00896,2025-04-02,C0161,P011,12,27000,0.05,307800,192000,115800
SO-00897,2025-04-02,C0305,P010,4,72000,0,288000,192000,96000
SO-00898,2025-04-02,C0095,P009,13,690000,0.08,8252400,6760000,1492400
SO-00899,2025-04-02,C0347,P010,5,72000,0,360000,240000,120000
SO-00900,2025-04-02,C0173,P004,2,47000,0.03,91180,56000,35180
SO-00901,2025-04-02,C0325,P011,1,27000,0.03,26190,16000,10190
SO-00902,2025-04-02,C0393,P003,3,140000,0.05,399000,285000,114000
SO-00903,2025-04-02,C0295,P007,1,98000,0,98000,70000,28000
SO-00904,2025-04-02,C0032,P006,5,130000,0.03,630500,425000,205500
SO-00905,2025-04-03,C0015,P003,12,140000,0.12,1478400,1140000,338400
SO-00906,2025-04-03,C0051,P011,2,27000,0.03,52380,32000,20380
SO-00907,2025-04-03,C0022,P005,5,180000,0.05,855000,600000,255000
SO-00908,2025-04-03,C0132,P011,10,27000,0.1,243000,160000,83000
SO-00909,2025-04-03,C0013,P002,14,59000,0.12,726880,532000,194880
SO-00910,2025-04-03,C0070,P005,5,180000,0.1,810000,600000,210000
SO-00911,2025-04-03,C0144,P012,5,320000,0.03,1552000,1150000,402000
SO-00912,2025-04-03,C0315,P001,1,65000,0,65000,42000,23000
SO-00913,2025-04-03,C0025,P011,6,27000,0.05,153900,96000,57900
SO-00914,2025-04-03,C0001,P010,11,72000,0.12,696960,528000,168960
SO-00915,2025-04-03,C0245,P010,5,72000,0.1,324000,240000,84000
SO-00916,2025-04-03,C0137,P010,13,72000,0.08,861120,624000,237120
SO-00917,2025-04-04,C0289,P010,13,72000,0.08,861120,624000,237120
SO-00918,2025-04-04,C0085,P008,5,420000,0.05,1995000,1550000,445000
SO-00919,2025-04-04,C0093,P004,6,47000,0.08,259440,168000,91440
SO-00920,2025-04-04,C0171,P007,2,98000,0,196000,140000,56000
SO-00921,2025-04-04,C0312,P007,10,98000,0.1,882000,700000,182000
SO-00922,2025-04-04,C0076,P007,1,98000,0.05,93100,70000,23100
SO-00923,2025-04-04,C0403,P001,1,65000,0,65000,42000,23000
SO-00924,2025-04-04,C0348,P001,1,65000,0,65000,42000,23000
SO-00925,2025-04-04,C0225,P003,9,140000,0.1,1134000,855000,279000
SO-00926,2025-04-04,C0181,P002,5,59000,0,295000,190000,105000
SO-00927,2025-04-04,C0243,P001,13,65000,0.08,777400,546000,231400
SO-00928,2025-04-04,C0021,P007,2,98000,0.03,190120,140000,50120
SO-00929,2025-04-04,C0311,P010,4,72000,0,288000,192000,96000
SO-00930,2025-04-04,C0110,P002,13,59000,0.12,674960,494000,180960
SO-00931,2025-04-04,C0067,P010,13,72000,0.1,842400,624000,218400
SO-00932,2025-04-04,C0133,P002,1,59000,0,59000,38000,21000
SO-00933,2025-04-04,C0105,P004,2,47000,0.03,91180,56000,35180
SO-00934,2025-04-05,C0079,P011,9,27000,0.12,213840,144000,69840
SO-00935,2025-04-06,C0262,P011,4,27000,0.12,95040,64000,31040
SO-00936,2025-04-06,C0186,P010,1,72000,0,72000,48000,24000
SO-00937,2025-04-06,C0238,P004,7,47000,0.12,289520,196000,93520
SO-00938,2025-04-07,C0269,P008,2,420000,0,840000,620000,220000
SO-00939,2025-04-07,C0170,P005,12,180000,0.12,1900800,1440000,460800
SO-00940,2025-04-07,C0107,P007,1,98000,0.03,95060,70000,25060
SO-00941,2025-04-07,C0319,P002,5,59000,0.03,286150,190000,96150
SO-00942,2025-04-07,C0409,P006,1,130000,0,130000,85000,45000
SO-00943,2025-04-07,C0034,P004,9,47000,0.12,372240,252000,120240
SO-00944,2025-04-07,C0256,P010,6,72000,0.08,397440,288000,109440
SO-00945,2025-04-07,C0418,P007,5,98000,0.05,465500,350000,115500
SO-00946,2025-04-07,C0268,P011,2,27000,0.03,52380,32000,20380
SO-00947,2025-04-07,C0377,P001,2,65000,0,130000,84000,46000
SO-00948,2025-04-07,C0049,P003,3,140000,0.12,369600,285000,84600
SO-00949,2025-04-07,C0068,P007,2,98000,0.1,176400,140000,36400
SO-00950,2025-04-07,C0337,P001,14,65000,0.08,837200,588000,249200
SO-00951,2025-04-08,C0258,P010,7,72000,0.12,443520,336000,107520
SO-00952,2025-04-08,C0034,P008,9,420000,0.1,3402000,2790000,612000
SO-00953,2025-04-08,C0107,P001,4,65000,0.03,252200,168000,84200
SO-00954,2025-04-08,C0319,P002,2,59000,0,118000,76000,42000
SO-00955,2025-04-08,C0071,P006,1,130000,0.03,126100,85000,41100
SO-00956,2025-04-08,C0173,P011,1,27000,0.05,25650,16000,9650
SO-00957,2025-04-08,C0318,P010,2,72000,0,144000,96000,48000
SO-00958,2025-04-08,C0246,P008,2,420000,0.05,798000,620000,178000
SO-00959,2025-04-08,C0315,P002,2,59000,0,118000,76000,42000
SO-00960,2025-04-08,C0125,P007,2,98000,0,196000,140000,56000
SO-00961,2025-04-08,C0017,P002,3,59000,0.05,168150,114000,54150
SO-00962,2025-04-08,C0366,P004,2,47000,0.05,89300,56000,33300
SO-00963,2025-04-08,C0001,P003,9,140000,0.1,1134000,855000,279000
SO-00964,2025-04-08,C0112,P011,1,27000,0.03,26190,16000,10190
SO-00965,2025-04-08,C0354,P001,1,65000,0.03,63050,42000,21050
SO-00966,2025-04-08,C0057,P003,5,140000,0,700000,475000,225000
SO-00967,2025-04-09,C0330,P011,2,27000,0,54000,32000,22000
SO-00968,2025-04-09,C0125,P004,4,47000,0.03,182360,112000,70360
SO-00969,2025-04-09,C0391,P003,1,140000,0,140000,95000,45000
SO-00970,2025-04-09,C0161,P001,6,65000,0.08,358800,252000,106800
SO-00971,2025-04-09,C0050,P007,2,98000,0.03,190120,140000,50120
SO-00972,2025-04-09,C0191,P010,2,72000,0,144000,96000,48000
SO-00973,2025-04-09,C0258,P010,5,72000,0.1,324000,240000,84000
SO-00974,2025-04-09,C0191,P003,1,140000,0,140000,95000,45000
SO-00975,2025-04-09,C0238,P010,9,72000,0.1,583200,432000,151200
SO-00976,2025-04-09,C0067,P011,6,27000,0.05,153900,96000,57900
SO-00977,2025-04-09,C0175,P002,2,59000,0.03,114460,76000,38460
SO-00978,2025-04-09,C0055,P008,14,420000,0.05,5586000,4340000,1246000
SO-00979,2025-04-09,C0139,P003,9,140000,0.05,1197000,855000,342000
SO-00980,2025-04-09,C0147,P001,11,65000,0.08,657800,462000,195800
SO-00981,2025-04-10,C0331,P001,2,65000,0.05,123500,84000,39500
SO-00982,2025-04-10,C0383,P004,2,47000,0,94000,56000,38000
SO-00983,2025-04-10,C0364,P011,14,27000,0.05,359100,224000,135100
SO-00984,2025-04-10,C0012,P005,4,180000,0.05,684000,480000,204000
SO-00985,2025-04-10,C0190,P004,5,47000,0,235000,140000,95000
SO-00986,2025-04-10,C0367,P010,1,72000,0,72000,48000,24000
SO-00987,2025-04-10,C0346,P010,1,72000,0.03,69840,48000,21840
SO-00988,2025-04-10,C0229,P011,5,27000,0,135000,80000,55000
SO-00989,2025-04-10,C0100,P004,4,47000,0.05,178600,112000,66600
SO-00990,2025-04-10,C0129,P001,4,65000,0.1,234000,168000,66000
SO-00991,2025-04-10,C0027,P009,5,690000,0,3450000,2600000,850000
SO-00992,2025-04-10,C0113,P011,2,27000,0.03,52380,32000,20380
SO-00993,2025-04-10,C0081,P003,9,140000,0.05,1197000,855000,342000
SO-00994,2025-04-10,C0309,P002,7,59000,0.08,379960,266000,113960
SO-00995,2025-04-11,C0069,P002,10,59000,0.1,531000,380000,151000
SO-00996,2025-04-11,C0217,P010,9,72000,0.05,615600,432000,183600
SO-00997,2025-04-11,C0131,P002,11,59000,0.05,616550,418000,198550
SO-00998,2025-04-11,C0040,P008,1,420000,0.03,407400,310000,97400
SO-00999,2025-04-11,C0305,P002,2,59000,0.05,112100,76000,36100
SO-01000,2025-04-11,C0248,P010,9,72000,0.05,615600,432000,183600
SO-01001,2025-04-11,C0419,P004,1,47000,0.05,44650,28000,16650
SO-01002,2025-04-11,C0023,P004,8,47000,0.12,330880,224000,106880
SO-01003,2025-04-11,C0038,P006,2,130000,0.03,252200,170000,82200
SO-01004,2025-04-11,C0174,P011,2,27000,0,54000,32000,22000
SO-01005,2025-04-11,C0127,P007,1,98000,0,98000,70000,28000
SO-01006,2025-04-11,C0382,P007,3,98000,0.05,279300,210000,69300
SO-01007,2025-04-12,C0057,P010,1,72000,0,72000,48000,24000
SO-01008,2025-04-12,C0370,P010,1,72000,0,72000,48000,24000
SO-01009,2025-04-12,C0397,P007,1,98000,0.03,95060,70000,25060
SO-01010,2025-04-12,C0357,P002,2,59000,0.03,114460,76000,38460
SO-01011,2025-04-12,C0351,P002,2,59000,0,118000,76000,42000
SO-01012,2025-04-12,C0400,P006,5,130000,0.05,617500,425000,192500
SO-01013,2025-04-12,C0325,P006,2,130000,0,260000,170000,90000
SO-01014,2025-04-13,C0124,P007,2,98000,0,196000,140000,56000
SO-01015,2025-04-13,C0101,P012,2,320000,0.03,620800,460000,160800
SO-01016,2025-04-13,C0123,P011,3,27000,0,81000,48000,33000
SO-01017,2025-04-13,C0267,P006,11,130000,0.08,1315600,935000,380600
SO-01018,2025-04-13,C0366,P004,5,47000,0.12,206800,140000,66800
SO-01019,2025-04-13,C0130,P005,1,180000,0.05,171000,120000,51000
SO-01020,2025-04-13,C0335,P011,1,27000,0,27000,16000,11000
SO-01021,2025-04-14,C0295,P012,2,320000,0,640000,460000,180000
SO-01022,2025-04-14,C0394,P010,12,72000,0.08,794880,576000,218880
SO-01023,2025-04-14,C0147,P007,6,98000,0.1,529200,420000,109200
SO-01024,2025-04-14,C0072,P007,1,98000,0,98000,70000,28000
SO-01025,2025-04-14,C0011,P002,2,59000,0.05,112100,76000,36100
SO-01026,2025-04-14,C0124,P004,1,47000,0,47000,28000,19000
SO-01027,2025-04-14,C0119,P012,3,320000,0.12,844800,690000,154800
SO-01028,2025-04-14,C0392,P002,2,59000,0.08,108560,76000,32560
SO-01029,2025-04-14,C0344,P004,1,47000,0.03,45590,28000,17590
SO-01030,2025-04-14,C0293,P009,2,690000,0.03,1338600,1040000,298600
SO-01031,2025-04-14,C0133,P004,5,47000,0.03,227950,140000,87950
SO-01032,2025-04-14,C0052,P002,4,59000,0,236000,152000,84000
SO-01033,2025-04-15,C0210,P009,1,690000,0.05,655500,520000,135500
SO-01034,2025-04-15,C0273,P007,5,98000,0,490000,350000,140000
SO-01035,2025-04-15,C0293,P007,1,98000,0,98000,70000,28000
SO-01036,2025-04-15,C0242,P001,5,65000,0.03,315250,210000,105250
SO-01037,2025-04-15,C0101,P012,2,320000,0.03,620800,460000,160800
SO-01038,2025-04-15,C0360,P010,2,72000,0.05,136800,96000,40800
SO-01039,2025-04-15,C0047,P006,4,130000,0.05,494000,340000,154000
SO-01040,2025-04-15,C0335,P001,1,65000,0,65000,42000,23000
SO-01041,2025-04-15,C0163,P007,10,98000,0.05,931000,700000,231000
SO-01042,2025-04-15,C0119,P011,11,27000,0.1,267300,176000,91300
SO-01043,2025-04-15,C0234,P002,6,59000,0.1,318600,228000,90600
SO-01044,2025-04-15,C0356,P002,2,59000,0,118000,76000,42000
SO-01045,2025-04-15,C0181,P004,1,47000,0,47000,28000,19000
SO-01046,2025-04-15,C0360,P011,4,27000,0,108000,64000,44000
SO-01047,2025-04-16,C0255,P004,3,47000,0.05,133950,84000,49950
SO-01048,2025-04-16,C0281,P004,4,47000,0,188000,112000,76000
SO-01049,2025-04-16,C0236,P007,4,98000,0.05,372400,280000,92400
SO-01050,2025-04-16,C0126,P010,5,72000,0,360000,240000,120000
SO-01051,2025-04-16,C0097,P007,3,98000,0,294000,210000,84000
SO-01052,2025-04-16,C0087,P010,8,72000,0.05,547200,384000,163200
SO-01053,2025-04-16,C0157,P009,2,690000,0.03,1338600,1040000,298600
SO-01054,2025-04-16,C0125,P001,3,65000,0,195000,126000,69000
SO-01055,2025-04-17,C0315,P004,3,47000,0.03,136770,84000,52770
SO-01056,2025-04-17,C0204,P007,3,98000,0.05,279300,210000,69300
SO-01057,2025-04-17,C0119,P003,6,140000,0.12,739200,570000,169200
SO-01058,2025-04-17,C0051,P008,4,420000,0.05,1596000,1240000,356000
SO-01059,2025-04-17,C0292,P011,10,27000,0.05,256500,160000,96500
SO-01060,2025-04-17,C0088,P006,4,130000,0.1,468000,340000,128000
SO-01061,2025-04-17,C0232,P007,5,98000,0.05,465500,350000,115500
SO-01062,2025-04-17,C0079,P006,5,130000,0.1,585000,425000,160000
SO-01063,2025-04-18,C0308,P006,3,130000,0.05,370500,255000,115500
SO-01064,2025-04-18,C0053,P007,3,98000,0,294000,210000,84000
SO-01065,2025-04-18,C0054,P005,5,180000,0,900000,600000,300000
SO-01066,2025-04-18,C0313,P001,2,65000,0.03,126100,84000,42100
SO-01067,2025-04-18,C0301,P001,7,65000,0.05,432250,294000,138250
SO-01068,2025-04-18,C0156,P007,5,98000,0.05,465500,350000,115500
SO-01069,2025-04-18,C0014,P005,1,180000,0.03,174600,120000,54600
SO-01070,2025-04-18,C0285,P003,1,140000,0.05,133000,95000,38000
SO-01071,2025-04-18,C0404,P011,1,27000,0,27000,16000,11000
SO-01072,2025-04-18,C0309,P011,6,27000,0.12,142560,96000,46560
SO-01073,2025-04-18,C0066,P004,2,47000,0.03,91180,56000,35180
SO-01074,2025-04-19,C0129,P011,11,27000,0.1,267300,176000,91300
SO-01075,2025-04-19,C0389,P010,7,72000,0.08,463680,336000,127680
SO-01076,2025-04-19,C0139,P007,6,98000,0.1,529200,420000,109200
SO-01077,2025-04-19,C0283,P001,1,65000,0.03,63050,42000,21050
SO-01078,2025-04-20,C0375,P002,7,59000,0.08,379960,266000,113960
SO-01079,2025-04-20,C0292,P007,4,98000,0.12,344960,280000,64960
SO-01080,2025-04-20,C0250,P011,5,27000,0.03,130950,80000,50950
SO-01081,2025-04-20,C0306,P001,1,65000,0,65000,42000,23000
SO-01082,2025-04-20,C0118,P007,7,98000,0.12,603680,490000,113680
SO-01083,2025-04-20,C0129,P010,13,72000,0.1,842400,624000,218400
SO-01084,2025-04-20,C0263,P001,2,65000,0,130000,84000,46000
SO-01085,2025-04-20,C0404,P010,4,72000,0.03,279360,192000,87360
SO-01086,2025-04-20,C0069,P010,5,72000,0.08,331200,240000,91200
SO-01087,2025-04-20,C0015,P002,5,59000,0.12,259600,190000,69600
SO-01088,2025-04-21,C0211,P007,7,98000,0.08,631120,490000,141120
SO-01089,2025-04-21,C0286,P011,13,27000,0.08,322920,208000,114920
SO-01090,2025-04-21,C0120,P004,1,47000,0,47000,28000,19000
SO-01091,2025-04-21,C0296,P002,5,59000,0.08,271400,190000,81400
SO-01092,2025-04-21,C0205,P005,5,180000,0.05,855000,600000,255000
SO-01093,2025-04-21,C0353,P006,14,130000,0.05,1729000,1190000,539000
SO-01094,2025-04-21,C0307,P012,1,320000,0.05,304000,230000,74000
SO-01095,2025-04-21,C0171,P001,5,65000,0,325000,210000,115000
SO-01096,2025-04-21,C0124,P002,2,59000,0.05,112100,76000,36100
SO-01097,2025-04-21,C0293,P007,2,98000,0.03,190120,140000,50120
SO-01098,2025-04-22,C0204,P008,7,420000,0.08,2704800,2170000,534800
SO-01099,2025-04-22,C0083,P003,1,140000,0,140000,95000,45000
SO-01100,2025-04-22,C0371,P007,2,98000,0,196000,140000,56000
SO-01101,2025-04-22,C0367,P002,2,59000,0,118000,76000,42000
SO-01102,2025-04-22,C0173,P001,1,65000,0,65000,42000,23000
SO-01103,2025-04-22,C0027,P007,2,98000,0.05,186200,140000,46200
SO-01104,2025-04-22,C0407,P001,9,65000,0.12,514800,378000,136800
SO-01105,2025-04-22,C0206,P007,2,98000,0,196000,140000,56000
SO-01106,2025-04-22,C0150,P002,3,59000,0,177000,114000,63000
SO-01107,2025-04-22,C0403,P006,2,130000,0.03,252200,170000,82200
SO-01108,2025-04-22,C0084,P011,1,27000,0.05,25650,16000,9650
SO-01109,2025-04-22,C0039,P003,1,140000,0.05,133000,95000,38000
SO-01110,2025-04-22,C0236,P002,4,59000,0.05,224200,152000,72200
SO-01111,2025-04-22,C0290,P007,2,98000,0,196000,140000,56000
SO-01112,2025-04-22,C0112,P004,5,47000,0,235000,140000,95000
SO-01113,2025-04-22,C0377,P010,1,72000,0,72000,48000,24000
SO-01114,2025-04-22,C0205,P002,4,59000,0,236000,152000,84000
SO-01115,2025-04-23,C0399,P010,3,72000,0,216000,144000,72000
SO-01116,2025-04-23,C0416,P004,14,47000,0.05,625100,392000,233100
SO-01117,2025-04-23,C0162,P012,5,320000,0,1600000,1150000,450000
SO-01118,2025-04-23,C0210,P004,1,47000,0,47000,28000,19000
SO-01119,2025-04-23,C0342,P010,14,72000,0.1,907200,672000,235200
SO-01120,2025-04-23,C0302,P007,1,98000,0,98000,70000,28000
SO-01121,2025-04-23,C0204,P008,12,420000,0.12,4435200,3720000,715200
SO-01122,2025-04-23,C0388,P007,1,98000,0.03,95060,70000,25060
SO-01123,2025-04-23,C0271,P011,1,27000,0,27000,16000,11000
SO-01124,2025-04-23,C0224,P011,5,27000,0.03,130950,80000,50950
SO-01125,2025-04-23,C0082,P010,5,72000,0.03,349200,240000,109200
SO-01126,2025-04-23,C0330,P001,1,65000,0,65000,42000,23000
SO-01127,2025-04-23,C0129,P009,6,690000,0.05,3933000,3120000,813000
SO-01128,2025-04-23,C0079,P010,6,72000,0.12,380160,288000,92160
SO-01129,2025-04-23,C0395,P007,2,98000,0,196000,140000,56000
SO-01130,2025-04-23,C0416,P001,6,65000,0.08,358800,252000,106800
SO-01131,2025-04-24,C0247,P004,3,47000,0.03,136770,84000,52770
SO-01132,2025-04-24,C0245,P010,13,72000,0.05,889200,624000,265200
SO-01133,2025-04-24,C0240,P007,4,98000,0,392000,280000,112000
SO-01134,2025-04-24,C0159,P004,3,47000,0,141000,84000,57000
SO-01135,2025-04-24,C0194,P003,9,140000,0.08,1159200,855000,304200
SO-01136,2025-04-24,C0027,P002,4,59000,0,236000,152000,84000
SO-01137,2025-04-24,C0304,P010,6,72000,0.12,380160,288000,92160
SO-01138,2025-04-24,C0403,P002,1,59000,0,59000,38000,21000
SO-01139,2025-04-24,C0387,P004,1,47000,0,47000,28000,19000
SO-01140,2025-04-24,C0106,P007,4,98000,0,392000,280000,112000
SO-01141,2025-04-25,C0099,P012,6,320000,0.05,1824000,1380000,444000
SO-01142,2025-04-25,C0412,P007,1,98000,0,98000,70000,28000
SO-01143,2025-04-25,C0175,P004,2,47000,0.05,89300,56000,33300
SO-01144,2025-04-25,C0173,P004,1,47000,0.05,44650,28000,16650
SO-01145,2025-04-25,C0244,P001,2,65000,0,130000,84000,46000
SO-01146,2025-04-25,C0184,P007,4,98000,0.05,372400,280000,92400
SO-01147,2025-04-25,C0393,P007,5,98000,0.05,465500,350000,115500
SO-01148,2025-04-25,C0060,P004,5,47000,0.12,206800,140000,66800
SO-01149,2025-04-25,C0076,P010,2,72000,0,144000,96000,48000
SO-01150,2025-04-25,C0372,P011,8,27000,0.08,198720,128000,70720
SO-01151,2025-04-25,C0289,P007,12,98000,0.12,1034880,840000,194880
SO-01152,2025-04-25,C0112,P007,3,98000,0,294000,210000,84000
SO-01153,2025-04-25,C0315,P007,4,98000,0.05,372400,280000,92400
SO-01154,2025-04-26,C0065,P008,4,420000,0.08,1545600,1240000,305600
SO-01155,2025-04-26,C0298,P011,5,27000,0,135000,80000,55000
SO-01156,2025-04-26,C0023,P002,9,59000,0.08,488520,342000,146520
SO-01157,2025-04-26,C0319,P012,3,320000,0,960000,690000,270000
SO-01158,2025-04-26,C0133,P004,2,47000,0.03,91180,56000,35180
SO-01159,2025-04-26,C0156,P004,4,47000,0,188000,112000,76000
SO-01160,2025-04-26,C0247,P011,3,27000,0,81000,48000,33000
SO-01161,2025-04-26,C0198,P007,4,98000,0,392000,280000,112000
SO-01162,2025-04-26,C0027,P008,2,420000,0.05,798000,620000,178000
SO-01163,2025-04-27,C0146,P007,7,98000,0.08,631120,490000,141120
SO-01164,2025-04-27,C0225,P007,9,98000,0.12,776160,630000,146160
SO-01165,2025-04-27,C0317,P011,1,27000,0,27000,16000,11000
SO-01166,2025-04-27,C0291,P011,1,27000,0,27000,16000,11000
SO-01167,2025-04-27,C0095,P001,9,65000,0.08,538200,378000,160200
SO-01168,2025-04-28,C0104,P001,2,65000,0.03,126100,84000,42100
SO-01169,2025-04-28,C0281,P009,5,690000,0.05,3277500,2600000,677500
SO-01170,2025-04-28,C0177,P008,6,420000,0.05,2394000,1860000,534000
SO-01171,2025-04-28,C0116,P012,1,320000,0.03,310400,230000,80400
SO-01172,2025-04-28,C0083,P001,2,65000,0,130000,84000,46000
SO-01173,2025-04-28,C0420,P007,1,98000,0,98000,70000,28000
SO-01174,2025-04-28,C0129,P010,6,72000,0.08,397440,288000,109440
SO-01175,2025-04-28,C0103,P001,2,65000,0,130000,84000,46000
SO-01176,2025-04-28,C0261,P007,8,98000,0.1,705600,560000,145600
SO-01177,2025-04-28,C0385,P002,13,59000,0.1,690300,494000,196300
SO-01178,2025-04-28,C0098,P007,6,98000,0.08,540960,420000,120960
SO-01179,2025-04-28,C0237,P011,12,27000,0.1,291600,192000,99600
SO-01180,2025-04-28,C0377,P001,2,65000,0.03,126100,84000,42100
SO-01181,2025-04-28,C0036,P002,2,59000,0.03,114460,76000,38460
SO-01182,2025-04-29,C0299,P006,4,130000,0.05,494000,340000,154000
SO-01183,2025-04-29,C0262,P006,6,130000,0.08,717600,510000,207600
SO-01184,2025-04-29,C0246,P005,1,180000,0.03,174600,120000,54600
SO-01185,2025-04-29,C0083,P003,4,140000,0.05,532000,380000,152000
SO-01186,2025-04-29,C0012,P004,2,47000,0,94000,56000,38000
SO-01187,2025-04-29,C0176,P002,2,59000,0.03,114460,76000,38460
SO-01188,2025-04-29,C0072,P012,1,320000,0.03,310400,230000,80400
SO-01189,2025-04-29,C0130,P004,4,47000,0.03,182360,112000,70360
SO-01190,2025-04-29,C0250,P004,5,47000,0.05,223250,140000,83250
SO-01191,2025-04-29,C0249,P004,1,47000,0.05,44650,28000,16650
SO-01192,2025-04-29,C0207,P011,4,27000,0,108000,64000,44000
SO-01193,2025-04-29,C0205,P010,1,72000,0.05,68400,48000,20400
SO-01194,2025-04-29,C0391,P002,1,59000,0,59000,38000,21000
SO-01195,2025-04-30,C0144,P007,1,98000,0,98000,70000,28000
SO-01196,2025-04-30,C0226,P001,12,65000,0.05,741000,504000,237000
SO-01197,2025-04-30,C0354,P010,3,72000,0,216000,144000,72000
SO-01198,2025-04-30,C0384,P001,2,65000,0,130000,84000,46000
SO-01199,2025-04-30,C0152,P010,13,72000,0.1,842400,624000,218400
SO-01200,2025-04-30,C0312,P009,14,690000,0.08,8887200,7280000,1607200
SO-01201,2025-04-30,C0255,P001,1,65000,0,65000,42000,23000
SO-01202,2025-04-30,C0051,P002,4,59000,0.05,224200,152000,72200
SO-01203,2025-04-30,C0144,P004,2,47000,0.05,89300,56000,33300
SO-01204,2025-05-01,C0300,P005,2,180000,0,360000,240000,120000
SO-01205,2025-05-01,C0236,P008,1,420000,0.05,399000,310000,89000
SO-01206,2025-05-01,C0315,P001,2,65000,0.05,123500,84000,39500
SO-01207,2025-05-01,C0367,P007,4,98000,0.05,372400,280000,92400
SO-01208,2025-05-01,C0358,P005,9,180000,0.12,1425600,1080000,345600
SO-01209,2025-05-01,C0068,P008,6,420000,0.05,2394000,1860000,534000
SO-01210,2025-05-01,C0351,P010,2,72000,0,144000,96000,48000
SO-01211,2025-05-01,C0349,P011,11,27000,0.08,273240,176000,97240
SO-01212,2025-05-01,C0005,P001,2,65000,0.03,126100,84000,42100
SO-01213,2025-05-01,C0418,P002,4,59000,0,236000,152000,84000
SO-01214,2025-05-01,C0269,P011,3,27000,0,81000,48000,33000
SO-01215,2025-05-02,C0030,P005,2,180000,0,360000,240000,120000
SO-01216,2025-05-02,C0138,P004,4,47000,0.1,169200,112000,57200
SO-01217,2025-05-02,C0187,P011,5,27000,0.03,130950,80000,50950
SO-01218,2025-05-02,C0269,P007,4,98000,0,392000,280000,112000
SO-01219,2025-05-02,C0290,P001,2,65000,0,130000,84000,46000
SO-01220,2025-05-02,C0408,P002,7,59000,0.12,363440,266000,97440
SO-01221,2025-05-02,C0072,P001,2,65000,0.05,123500,84000,39500
SO-01222,2025-05-02,C0394,P004,10,47000,0.08,432400,280000,152400
SO-01223,2025-05-02,C0274,P004,5,47000,0.05,223250,140000,83250
SO-01224,2025-05-02,C0188,P006,13,130000,0.08,1554800,1105000,449800
SO-01225,2025-05-02,C0218,P006,2,130000,0,260000,170000,90000
SO-01226,2025-05-02,C0080,P004,3,47000,0.03,136770,84000,52770
SO-01227,2025-05-02,C0373,P008,3,420000,0,1260000,930000,330000
SO-01228,2025-05-02,C0136,P001,2,65000,0.03,126100,84000,42100
SO-01229,2025-05-02,C0379,P003,3,140000,0,420000,285000,135000
SO-01230,2025-05-02,C0151,P001,1,65000,0,65000,42000,23000
SO-01231,2025-05-02,C0133,P002,1,59000,0.05,56050,38000,18050
SO-01232,2025-05-02,C0200,P007,3,98000,0.05,279300,210000,69300
SO-01233,2025-05-03,C0065,P007,14,98000,0.08,1262240,980000,282240
SO-01234,2025-05-04,C0009,P001,4,65000,0.1,234000,168000,66000
SO-01235,2025-05-04,C0363,P012,12,320000,0.12,3379200,2760000,619200
SO-01236,2025-05-04,C0056,P002,13,59000,0.08,705640,494000,211640
SO-01237,2025-05-04,C0224,P003,4,140000,0,560000,380000,180000
SO-01238,2025-05-04,C0258,P002,13,59000,0.05,728650,494000,234650
SO-01239,2025-05-04,C0022,P010,5,72000,0,360000,240000,120000
SO-01240,2025-05-04,C0146,P011,2,27000,0.08,49680,32000,17680
SO-01241,2025-05-05,C0303,P010,4,72000,0,288000,192000,96000
SO-01242,2025-05-05,C0320,P003,3,140000,0.05,399000,285000,114000
SO-01243,2025-05-05,C0418,P006,4,130000,0.03,504400,340000,164400
SO-01244,2025-05-05,C0122,P005,13,180000,0.12,2059200,1560000,499200
SO-01245,2025-05-05,C0078,P011,2,27000,0,54000,32000,22000
SO-01246,2025-05-05,C0247,P011,2,27000,0,54000,32000,22000
SO-01247,2025-05-05,C0062,P001,14,65000,0.05,864500,588000,276500
SO-01248,2025-05-05,C0143,P005,4,180000,0,720000,480000,240000
SO-01249,2025-05-05,C0070,P011,9,27000,0.12,213840,144000,69840
SO-01250,2025-05-05,C0221,P001,1,65000,0.05,61750,42000,19750
SO-01251,2025-05-05,C0307,P007,1,98000,0.05,93100,70000,23100
SO-01252,2025-05-06,C0402,P010,4,72000,0.03,279360,192000,87360
SO-01253,2025-05-06,C0323,P004,7,47000,0.08,302680,196000,106680
SO-01254,2025-05-06,C0262,P011,3,27000,0.12,71280,48000,23280
SO-01255,2025-05-06,C0124,P011,2,27000,0.03,52380,32000,20380
SO-01256,2025-05-06,C0283,P008,2,420000,0,840000,620000,220000
SO-01257,2025-05-06,C0316,P011,2,27000,0,54000,32000,22000
SO-01258,2025-05-06,C0009,P006,11,130000,0.05,1358500,935000,423500
SO-01259,2025-05-06,C0181,P004,5,47000,0,235000,140000,95000
SO-01260,2025-05-06,C0049,P011,4,27000,0.1,97200,64000,33200
SO-01261,2025-05-06,C0186,P007,2,98000,0.05,186200,140000,46200
SO-01262,2025-05-06,C0215,P004,2,47000,0.1,84600,56000,28600
SO-01263,2025-05-06,C0152,P011,10,27000,0.08,248400,160000,88400
SO-01264,2025-05-07,C0166,P007,5,98000,0.05,465500,350000,115500
SO-01265,2025-05-07,C0167,P005,4,180000,0.03,698400,480000,218400
SO-01266,2025-05-07,C0119,P005,10,180000,0.1,1620000,1200000,420000
SO-01267,2025-05-07,C0137,P002,13,59000,0.05,728650,494000,234650
SO-01268,2025-05-07,C0120,P010,2,72000,0,144000,96000,48000
SO-01269,2025-05-07,C0006,P011,1,27000,0,27000,16000,11000
SO-01270,2025-05-07,C0374,P002,1,59000,0.03,57230,38000,19230
SO-01271,2025-05-07,C0060,P002,3,59000,0.08,162840,114000,48840
SO-01272,2025-05-07,C0103,P004,1,47000,0.03,45590,28000,17590
SO-01273,2025-05-07,C0112,P005,3,180000,0,540000,360000,180000
SO-01274,2025-05-07,C0129,P006,12,130000,0.05,1482000,1020000,462000
SO-01275,2025-05-07,C0299,P007,4,98000,0.05,372400,280000,92400
SO-01276,2025-05-07,C0166,P005,1,180000,0,180000,120000,60000
SO-01277,2025-05-07,C0088,P003,12,140000,0.08,1545600,1140000,405600
SO-01278,2025-05-07,C0286,P002,14,59000,0.12,726880,532000,194880
SO-01279,2025-05-08,C0273,P006,3,130000,0,390000,255000,135000
SO-01280,2025-05-08,C0303,P006,1,130000,0.03,126100,85000,41100
SO-01281,2025-05-08,C0191,P007,2,98000,0,196000,140000,56000
SO-01282,2025-05-08,C0138,P001,8,65000,0.05,494000,336000,158000
SO-01283,2025-05-08,C0406,P008,3,420000,0.03,1222200,930000,292200
SO-01284,2025-05-08,C0118,P001,14,65000,0.12,800800,588000,212800
SO-01285,2025-05-08,C0171,P007,5,98000,0.03,475300,350000,125300
SO-01286,2025-05-08,C0220,P007,11,98000,0.05,1024100,770000,254100
SO-01287,2025-05-08,C0310,P009,14,690000,0.05,9177000,7280000,1897000
SO-01288,2025-05-08,C0025,P002,4,59000,0.12,207680,152000,55680
SO-01289,2025-05-08,C0007,P005,5,180000,0.08,828000,600000,228000
SO-01290,2025-05-08,C0376,P007,12,98000,0.08,1081920,840000,241920
SO-01291,2025-05-08,C0094,P011,4,27000,0.1,97200,64000,33200
SO-01292,2025-05-08,C0133,P010,3,72000,0.03,209520,144000,65520
SO-01293,2025-05-08,C0386,P003,5,140000,0.05,665000,475000,190000
SO-01294,2025-05-09,C0385,P003,9,140000,0.08,1159200,855000,304200
SO-01295,2025-05-09,C0112,P001,5,65000,0,325000,210000,115000
SO-01296,2025-05-09,C0109,P007,1,98000,0,98000,70000,28000
SO-01297,2025-05-09,C0172,P010,14,72000,0.1,907200,672000,235200
SO-01298,2025-05-09,C0368,P006,3,130000,0,390000,255000,135000
SO-01299,2025-05-09,C0233,P011,2,27000,0.05,51300,32000,19300
SO-01300,2025-05-09,C0135,P004,4,47000,0.03,182360,112000,70360
SO-01301,2025-05-09,C0042,P009,1,690000,0,690000,520000,170000
SO-01302,2025-05-09,C0111,P007,5,98000,0.08,450800,350000,100800
SO-01303,2025-05-09,C0014,P002,2,59000,0.03,114460,76000,38460
SO-01304,2025-05-09,C0266,P004,2,47000,0.03,91180,56000,35180
SO-01305,2025-05-09,C0007,P002,7,59000,0.05,392350,266000,126350
SO-01306,2025-05-09,C0116,P001,3,65000,0,195000,126000,69000
SO-01307,2025-05-10,C0067,P011,14,27000,0.08,347760,224000,123760
SO-01308,2025-05-10,C0255,P001,2,65000,0,130000,84000,46000
SO-01309,2025-05-10,C0141,P010,2,72000,0,144000,96000,48000
SO-01310,2025-05-10,C0016,P004,12,47000,0.12,496320,336000,160320
SO-01311,2025-05-11,C0145,P007,2,98000,0.05,186200,140000,46200
SO-01312,2025-05-11,C0337,P001,5,65000,0.08,299000,210000,89000
SO-01313,2025-05-11,C0343,P001,1,65000,0.03,63050,42000,21050
SO-01314,2025-05-11,C0108,P007,1,98000,0,98000,70000,28000
SO-01315,2025-05-11,C0241,P005,1,180000,0,180000,120000,60000
SO-01316,2025-05-11,C0010,P004,4,47000,0,188000,112000,76000
SO-01317,2025-05-11,C0321,P002,3,59000,0.05,168150,114000,54150
SO-01318,2025-05-11,C0120,P001,1,65000,0.05,61750,42000,19750
SO-01319,2025-05-12,C0283,P004,2,47000,0,94000,56000,38000
SO-01320,2025-05-12,C0119,P004,2,47000,0.05,89300,56000,33300
SO-01321,2025-05-12,C0374,P002,2,59000,0,118000,76000,42000
SO-01322,2025-05-12,C0282,P004,1,47000,0,47000,28000,19000
SO-01323,2025-05-12,C0217,P007,12,98000,0.12,1034880,840000,194880
SO-01324,2025-05-12,C0271,P010,2,72000,0,144000,96000,48000
SO-01325,2025-05-12,C0008,P011,5,27000,0.05,128250,80000,48250
SO-01326,2025-05-12,C0311,P011,3,27000,0,81000,48000,33000
SO-01327,2025-05-12,C0241,P004,5,47000,0,235000,140000,95000
SO-01328,2025-05-12,C0221,P004,2,47000,0,94000,56000,38000
SO-01329,2025-05-12,C0022,P007,4,98000,0,392000,280000,112000
SO-01330,2025-05-12,C0183,P004,11,47000,0.05,491150,308000,183150
SO-01331,2025-05-12,C0161,P007,14,98000,0.05,1303400,980000,323400
SO-01332,2025-05-13,C0148,P002,3,59000,0,177000,114000,63000
SO-01333,2025-05-13,C0229,P004,2,47000,0,94000,56000,38000
SO-01334,2025-05-13,C0066,P010,2,72000,0.03,139680,96000,43680
SO-01335,2025-05-13,C0108,P010,5,72000,0.05,342000,240000,102000
SO-01336,2025-05-13,C0267,P006,5,130000,0.1,585000,425000,160000
SO-01337,2025-05-13,C0125,P002,3,59000,0,177000,114000,63000
SO-01338,2025-05-13,C0311,P003,4,140000,0.05,532000,380000,152000
SO-01339,2025-05-13,C0338,P009,2,690000,0,1380000,1040000,340000
SO-01340,2025-05-13,C0241,P010,4,72000,0,288000,192000,96000
SO-01341,2025-05-13,C0415,P010,4,72000,0.12,253440,192000,61440
SO-01342,2025-05-13,C0179,P010,7,72000,0.08,463680,336000,127680
SO-01343,2025-05-13,C0309,P001,3,65000,0.05,185250,126000,59250
SO-01344,2025-05-13,C0344,P004,1,47000,0.05,44650,28000,16650
SO-01345,2025-05-13,C0153,P006,1,130000,0.05,123500,85000,38500
SO-01346,2025-05-13,C0319,P010,4,72000,0.03,279360,192000,87360
SO-01347,2025-05-13,C0115,P009,3,690000,0,2070000,1560000,510000
SO-01348,2025-05-13,C0162,P007,4,98000,0,392000,280000,112000
SO-01349,2025-05-14,C0043,P001,4,65000,0.1,234000,168000,66000
SO-01350,2025-05-14,C0166,P010,4,72000,0.03,279360,192000,87360
SO-01351,2025-05-14,C0386,P010,4,72000,0.05,273600,192000,81600
SO-01352,2025-05-14,C0343,P004,3,47000,0.03,136770,84000,52770
SO-01353,2025-05-15,C0054,P010,2,72000,0,144000,96000,48000
SO-01354,2025-05-15,C0018,P011,13,27000,0.05,333450,208000,125450
SO-01355,2025-05-15,C0259,P002,9,59000,0.08,488520,342000,146520
SO-01356,2025-05-15,C0411,P006,1,130000,0,130000,85000,45000
SO-01357,2025-05-15,C0027,P011,2,27000,0,54000,32000,22000
SO-01358,2025-05-15,C0296,P005,6,180000,0.12,950400,720000,230400
SO-01359,2025-05-15,C0315,P010,1,72000,0.05,68400,48000,20400
SO-01360,2025-05-15,C0399,P006,2,130000,0,260000,170000,90000
SO-01361,2025-05-15,C0343,P009,5,690000,0.05,3277500,2600000,677500
SO-01362,2025-05-15,C0307,P003,2,140000,0.03,271600,190000,81600
SO-01363,2025-05-15,C0024,P002,2,59000,0.05,112100,76000,36100
SO-01364,2025-05-15,C0224,P001,5,65000,0,325000,210000,115000
SO-01365,2025-05-15,C0011,P010,1,72000,0,72000,48000,24000
SO-01366,2025-05-15,C0217,P002,4,59000,0.12,207680,152000,55680
SO-01367,2025-05-16,C0281,P007,1,98000,0.05,93100,70000,23100
SO-01368,2025-05-16,C0325,P002,2,59000,0.03,114460,76000,38460
SO-01369,2025-05-16,C0342,P002,2,59000,0.08,108560,76000,32560
SO-01370,2025-05-16,C0410,P001,3,65000,0.1,175500,126000,49500
SO-01371,2025-05-16,C0297,P004,2,47000,0.05,89300,56000,33300
SO-01372,2025-05-16,C0152,P007,3,98000,0.12,258720,210000,48720
SO-01373,2025-05-16,C0146,P011,4,27000,0.08,99360,64000,35360
SO-01374,2025-05-16,C0023,P003,6,140000,0.08,772800,570000,202800
SO-01375,2025-05-16,C0159,P004,3,47000,0.05,133950,84000,49950
SO-01376,2025-05-17,C0117,P003,4,140000,0.05,532000,380000,152000
SO-01377,2025-05-17,C0354,P007,3,98000,0.05,279300,210000,69300
SO-01378,2025-05-17,C0308,P005,3,180000,0.05,513000,360000,153000
SO-01379,2025-05-19,C0417,P001,5,65000,0,325000,210000,115000
SO-01380,2025-05-19,C0233,P001,2,65000,0.03,126100,84000,42100
SO-01381,2025-05-19,C0275,P010,12,72000,0.08,794880,576000,218880
SO-01382,2025-05-19,C0389,P003,2,140000,0.05,266000,190000,76000
SO-01383,2025-05-19,C0395,P002,1,59000,0,59000,38000,21000
SO-01384,2025-05-19,C0393,P011,2,27000,0.03,52380,32000,20380
SO-01385,2025-05-19,C0169,P003,5,140000,0,700000,475000,225000
SO-01386,2025-05-19,C0111,P002,2,59000,0.05,112100,76000,36100
SO-01387,2025-05-19,C0354,P007,3,98000,0,294000,210000,84000
SO-01388,2025-05-19,C0110,P007,13,98000,0.12,1121120,910000,211120
SO-01389,2025-05-19,C0094,P007,9,98000,0.1,793800,630000,163800
SO-01390,2025-05-19,C0235,P001,2,65000,0.05,123500,84000,39500
SO-01391,2025-05-19,C0187,P011,3,27000,0,81000,48000,33000
SO-01392,2025-05-19,C0376,P011,2,27000,0.08,49680,32000,17680
SO-01393,2025-05-20,C0343,P002,2,59000,0.05,112100,76000,36100
SO-01394,2025-05-20,C0272,P006,4,130000,0.05,494000,340000,154000
SO-01395,2025-05-20,C0271,P001,1,65000,0.05,61750,42000,19750
SO-01396,2025-05-20,C0319,P006,3,130000,0,390000,255000,135000
SO-01397,2025-05-20,C0095,P001,9,65000,0.12,514800,378000,136800
SO-01398,2025-05-20,C0348,P005,1,180000,0.05,171000,120000,51000
SO-01399,2025-05-20,C0399,P003,4,140000,0.05,532000,380000,152000
SO-01400,2025-05-20,C0230,P001,10,65000,0.12,572000,420000,152000
SO-01401,2025-05-20,C0099,P009,14,690000,0.05,9177000,7280000,1897000
SO-01402,2025-05-21,C0091,P005,5,180000,0.05,855000,600000,255000
SO-01403,2025-05-21,C0261,P011,12,27000,0.05,307800,192000,115800
SO-01404,2025-05-21,C0009,P001,6,65000,0.08,358800,252000,106800
SO-01405,2025-05-21,C0277,P002,2,59000,0.03,114460,76000,38460
SO-01406,2025-05-21,C0206,P011,1,27000,0,27000,16000,11000
SO-01407,2025-05-21,C0160,P003,8,140000,0.05,1064000,760000,304000
SO-01408,2025-05-21,C0170,P008,5,420000,0.12,1848000,1550000,298000
SO-01409,2025-05-21,C0317,P011,2,27000,0,54000,32000,22000
SO-01410,2025-05-21,C0051,P009,5,690000,0,3450000,2600000,850000
SO-01411,2025-05-21,C0364,P011,7,27000,0.08,173880,112000,61880
SO-01412,2025-05-21,C0356,P002,1,59000,0.05,56050,38000,18050
SO-01413,2025-05-21,C0351,P001,2,65000,0,130000,84000,46000
SO-01414,2025-05-21,C0344,P003,1,140000,0.03,135800,95000,40800
SO-01415,2025-05-22,C0191,P002,1,59000,0,59000,38000,21000
SO-01416,2025-05-22,C0018,P003,6,140000,0.08,772800,570000,202800
SO-01417,2025-05-22,C0269,P010,2,72000,0.05,136800,96000,40800
SO-01418,2025-05-22,C0416,P010,2,72000,0.12,126720,96000,30720
SO-01419,2025-05-22,C0072,P012,2,320000,0,640000,460000,180000
SO-01420,2025-05-22,C0327,P007,1,98000,0,98000,70000,28000
SO-01421,2025-05-22,C0306,P006,5,130000,0.05,617500,425000,192500
SO-01422,2025-05-22,C0211,P004,14,47000,0.05,625100,392000,233100
SO-01423,2025-05-22,C0089,P010,3,72000,0.05,205200,144000,61200
SO-01424,2025-05-22,C0138,P002,7,59000,0.05,392350,266000,126350
SO-01425,2025-05-22,C0365,P010,5,72000,0.05,342000,240000,102000
SO-01426,2025-05-22,C0191,P004,1,47000,0.05,44650,28000,16650
SO-01427,2025-05-23,C0353,P004,12,47000,0.08,518880,336000,182880
SO-01428,2025-05-23,C0014,P011,1,27000,0,27000,16000,11000
SO-01429,2025-05-23,C0126,P011,1,27000,0,27000,16000,11000
SO-01430,2025-05-23,C0332,P004,8,47000,0.05,357200,224000,133200
SO-01431,2025-05-23,C0007,P011,3,27000,0.1,72900,48000,24900
SO-01432,2025-05-23,C0339,P006,2,130000,0.05,247000,170000,77000
SO-01433,2025-05-23,C0105,P006,3,130000,0,390000,255000,135000
SO-01434,2025-05-23,C0251,P001,10,65000,0.12,572000,420000,152000
SO-01435,2025-05-23,C0351,P006,1,130000,0.05,123500,85000,38500
SO-01436,2025-05-23,C0190,P005,5,180000,0,900000,600000,300000
SO-01437,2025-05-23,C0021,P007,2,98000,0.03,190120,140000,50120
SO-01438,2025-05-23,C0243,P010,14,72000,0.08,927360,672000,255360
SO-01439,2025-05-23,C0302,P007,3,98000,0,294000,210000,84000
SO-01440,2025-05-23,C0007,P001,2,65000,0.12,114400,84000,30400
SO-01441,2025-05-24,C0306,P002,3,59000,0,177000,114000,63000
SO-01442,2025-05-24,C0289,P011,5,27000,0.12,118800,80000,38800
SO-01443,2025-05-24,C0301,P007,14,98000,0.05,1303400,980000,323400
SO-01444,2025-05-24,C0270,P002,2,59000,0.03,114460,76000,38460
SO-01445,2025-05-24,C0308,P002,1,59000,0,59000,38000,21000
SO-01446,2025-05-24,C0006,P009,4,690000,0,2760000,2080000,680000
SO-01447,2025-05-24,C0183,P007,10,98000,0.05,931000,700000,231000
SO-01448,2025-05-25,C0183,P006,7,130000,0.1,819000,595000,224000
SO-01449,2025-05-25,C0074,P001,6,65000,0.05,370500,252000,118500
SO-01450,2025-05-25,C0006,P011,1,27000,0.05,25650,16000,9650
SO-01451,2025-05-26,C0209,P005,2,180000,0.05,342000,240000,102000
SO-01452,2025-05-26,C0045,P001,11,65000,0.12,629200,462000,167200
SO-01453,2025-05-26,C0009,P010,5,72000,0.08,331200,240000,91200
SO-01454,2025-05-26,C0412,P007,3,98000,0,294000,210000,84000
SO-01455,2025-05-26,C0037,P002,10,59000,0.05,560500,380000,180500
SO-01456,2025-05-26,C0130,P004,3,47000,0.03,136770,84000,52770
SO-01457,2025-05-26,C0312,P002,6,59000,0.1,318600,228000,90600
SO-01458,2025-05-26,C0132,P010,5,72000,0.12,316800,240000,76800
SO-01459,2025-05-26,C0210,P007,2,98000,0.05,186200,140000,46200
SO-01460,2025-05-26,C0019,P011,5,27000,0.05,128250,80000,48250
SO-01461,2025-05-26,C0419,P001,4,65000,0,260000,168000,92000
SO-01462,2025-05-26,C0378,P002,2,59000,0.05,112100,76000,36100
SO-01463,2025-05-26,C0161,P001,4,65000,0.12,228800,168000,60800
SO-01464,2025-05-26,C0184,P011,4,27000,0.05,102600,64000,38600
SO-01465,2025-05-26,C0392,P002,13,59000,0.08,705640,494000,211640
SO-01466,2025-05-26,C0104,P010,1,72000,0.05,68400,48000,20400
SO-01467,2025-05-27,C0141,P010,1,72000,0,72000,48000,24000
SO-01468,2025-05-27,C0287,P004,4,47000,0,188000,112000,76000
SO-01469,2025-05-27,C0035,P002,1,59000,0,59000,38000,21000
SO-01470,2025-05-27,C0147,P002,3,59000,0.1,159300,114000,45300
SO-01471,2025-05-27,C0258,P011,3,27000,0.1,72900,48000,24900
SO-01472,2025-05-27,C0084,P006,1,130000,0.05,123500,85000,38500
SO-01473,2025-05-27,C0235,P006,1,130000,0.05,123500,85000,38500
SO-01474,2025-05-27,C0393,P005,5,180000,0,900000,600000,300000
SO-01475,2025-05-27,C0299,P011,3,27000,0,81000,48000,33000
SO-01476,2025-05-27,C0307,P010,2,72000,0,144000,96000,48000
SO-01477,2025-05-28,C0140,P007,2,98000,0.03,190120,140000,50120
SO-01478,2025-05-28,C0044,P006,3,130000,0,390000,255000,135000
SO-01479,2025-05-28,C0355,P007,4,98000,0.03,380240,280000,100240
SO-01480,2025-05-28,C0321,P003,2,140000,0,280000,190000,90000
SO-01481,2025-05-28,C0311,P002,5,59000,0,295000,190000,105000
SO-01482,2025-05-28,C0183,P008,4,420000,0.05,1596000,1240000,356000
SO-01483,2025-05-28,C0287,P002,3,59000,0.03,171690,114000,57690
SO-01484,2025-05-28,C0044,P001,3,65000,0.05,185250,126000,59250
SO-01485,2025-05-28,C0391,P006,2,130000,0,260000,170000,90000
SO-01486,2025-05-28,C0229,P010,2,72000,0.03,139680,96000,43680
SO-01487,2025-05-28,C0353,P011,9,27000,0.08,223560,144000,79560
SO-01488,2025-05-28,C0134,P005,14,180000,0.12,2217600,1680000,537600
SO-01489,2025-05-28,C0405,P007,13,98000,0.05,1210300,910000,300300
SO-01490,2025-05-28,C0413,P011,1,27000,0,27000,16000,11000
SO-01491,2025-05-28,C0166,P002,2,59000,0,118000,76000,42000
SO-01492,2025-05-29,C0369,P010,1,72000,0.03,69840,48000,21840
SO-01493,2025-05-29,C0136,P002,1,59000,0,59000,38000,21000
SO-01494,2025-05-29,C0295,P001,5,65000,0,325000,210000,115000
SO-01495,2025-05-29,C0138,P001,8,65000,0.1,468000,336000,132000
SO-01496,2025-05-29,C0291,P007,2,98000,0.05,186200,140000,46200
SO-01497,2025-05-29,C0113,P001,1,65000,0,65000,42000,23000
SO-01498,2025-05-29,C0319,P011,1,27000,0.05,25650,16000,9650
SO-01499,2025-05-29,C0088,P011,8,27000,0.05,205200,128000,77200
SO-01500,2025-05-29,C0091,P004,3,47000,0.05,133950,84000,49950
SO-01501,2025-05-29,C0175,P007,1,98000,0.05,93100,70000,23100
SO-01502,2025-05-29,C0264,P004,1,47000,0.05,44650,28000,16650
SO-01503,2025-05-29,C0297,P003,2,140000,0.05,266000,190000,76000
SO-01504,2025-05-30,C0259,P005,12,180000,0.05,2052000,1440000,612000
SO-01505,2025-05-30,C0280,P004,1,47000,0,47000,28000,19000
SO-01506,2025-05-30,C0261,P007,7,98000,0.1,617400,490000,127400
SO-01507,2025-05-30,C0322,P007,1,98000,0.03,95060,70000,25060
SO-01508,2025-05-30,C0159,P011,3,27000,0,81000,48000,33000
SO-01509,2025-05-30,C0278,P011,11,27000,0.08,273240,176000,97240
SO-01510,2025-05-30,C0342,P005,10,180000,0.05,1710000,1200000,510000
SO-01511,2025-05-30,C0333,P002,4,59000,0.05,224200,152000,72200
SO-01512,2025-05-30,C0298,P004,3,47000,0.03,136770,84000,52770
SO-01513,2025-05-30,C0380,P011,2,27000,0.05,51300,32000,19300
SO-01514,2025-05-30,C0072,P004,1,47000,0.03,45590,28000,17590
SO-01515,2025-05-30,C0181,P011,5,27000,0.05,128250,80000,48250
SO-01516,2025-05-31,C0112,P004,3,47000,0,141000,84000,57000
SO-01517,2025-05-31,C0090,P002,3,59000,0.03,171690,114000,57690
SO-01518,2025-05-31,C0060,P002,11,59000,0.1,584100,418000,166100
SO-01519,2025-05-31,C0323,P007,13,98000,0.05,1210300,910000,300300
SO-01520,2025-06-01,C0052,P011,2,27000,0,54000,32000,22000
SO-01521,2025-06-01,C0072,P006,2,130000,0.05,247000,170000,77000
SO-01522,2025-06-02,C0417,P007,1,98000,0,98000,70000,28000
SO-01523,2025-06-02,C0100,P010,1,72000,0,72000,48000,24000
SO-01524,2025-06-02,C0290,P010,2,72000,0.05,136800,96000,40800
SO-01525,2025-06-02,C0411,P009,1,690000,0.05,655500,520000,135500
SO-01526,2025-06-02,C0110,P001,6,65000,0.1,351000,252000,99000
SO-01527,2025-06-02,C0149,P004,3,47000,0,141000,84000,57000
SO-01528,2025-06-02,C0104,P005,4,180000,0.05,684000,480000,204000
SO-01529,2025-06-02,C0401,P009,3,690000,0,2070000,1560000,510000
SO-01530,2025-06-02,C0336,P006,7,130000,0.08,837200,595000,242200
SO-01531,2025-06-02,C0116,P003,5,140000,0,700000,475000,225000
SO-01532,2025-06-02,C0247,P002,5,59000,0.03,286150,190000,96150
SO-01533,2025-06-02,C0046,P005,2,180000,0.08,331200,240000,91200
SO-01534,2025-06-02,C0109,P002,5,59000,0.03,286150,190000,96150
SO-01535,2025-06-03,C0148,P001,3,65000,0.05,185250,126000,59250
SO-01536,2025-06-03,C0074,P004,10,47000,0.1,423000,280000,143000
SO-01537,2025-06-03,C0348,P010,2,72000,0.05,136800,96000,40800
SO-01538,2025-06-03,C0274,P010,4,72000,0,288000,192000,96000
SO-01539,2025-06-03,C0310,P011,5,27000,0.1,121500,80000,41500
SO-01540,2025-06-03,C0335,P012,2,320000,0.05,608000,460000,148000
SO-01541,2025-06-03,C0385,P002,3,59000,0.12,155760,114000,41760
SO-01542,2025-06-03,C0027,P007,5,98000,0,490000,350000,140000
SO-01543,2025-06-03,C0186,P010,1,72000,0.03,69840,48000,21840
SO-01544,2025-06-03,C0231,P012,11,320000,0.05,3344000,2530000,814000
SO-01545,2025-06-03,C0150,P002,4,59000,0,236000,152000,84000
SO-01546,2025-06-03,C0012,P001,2,65000,0.05,123500,84000,39500
SO-01547,2025-06-04,C0063,P004,5,47000,0.05,223250,140000,83250
SO-01548,2025-06-04,C0301,P003,14,140000,0.08,1803200,1330000,473200
SO-01549,2025-06-04,C0116,P002,1,59000,0,59000,38000,21000
SO-01550,2025-06-04,C0307,P012,2,320000,0,640000,460000,180000
SO-01551,2025-06-04,C0233,P002,1,59000,0,59000,38000,21000
SO-01552,2025-06-04,C0062,P001,5,65000,0.08,299000,210000,89000
SO-01553,2025-06-04,C0198,P008,4,420000,0.03,1629600,1240000,389600
SO-01554,2025-06-04,C0213,P010,2,72000,0.03,139680,96000,43680
SO-01555,2025-06-04,C0317,P011,5,27000,0,135000,80000,55000
SO-01556,2025-06-04,C0351,P004,2,47000,0.05,89300,56000,33300
SO-01557,2025-06-04,C0243,P007,3,98000,0.12,258720,210000,48720
SO-01558,2025-06-04,C0347,P002,2,59000,0.05,112100,76000,36100
SO-01559,2025-06-04,C0001,P010,13,72000,0.05,889200,624000,265200
SO-01560,2025-06-04,C0057,P008,2,420000,0.05,798000,620000,178000
SO-01561,2025-06-05,C0115,P001,1,65000,0,65000,42000,23000
SO-01562,2025-06-05,C0139,P002,2,59000,0.08,108560,76000,32560
SO-01563,2025-06-05,C0082,P010,1,72000,0.05,68400,48000,20400
SO-01564,2025-06-05,C0231,P011,7,27000,0.08,173880,112000,61880
SO-01565,2025-06-05,C0231,P007,5,98000,0.12,431200,350000,81200
SO-01566,2025-06-05,C0006,P001,3,65000,0.05,185250,126000,59250
SO-01567,2025-06-05,C0414,P004,2,47000,0.05,89300,56000,33300
SO-01568,2025-06-05,C0255,P010,2,72000,0.05,136800,96000,40800
SO-01569,2025-06-05,C0033,P002,4,59000,0,236000,152000,84000
SO-01570,2025-06-05,C0271,P001,2,65000,0,130000,84000,46000
SO-01571,2025-06-05,C0326,P001,8,65000,0.08,478400,336000,142400
SO-01572,2025-06-05,C0300,P010,2,72000,0,144000,96000,48000
SO-01573,2025-06-05,C0244,P010,2,72000,0,144000,96000,48000
SO-01574,2025-06-05,C0419,P001,3,65000,0.05,185250,126000,59250
SO-01575,2025-06-05,C0122,P009,7,690000,0.12,4250400,3640000,610400
SO-01576,2025-06-05,C0100,P010,2,72000,0.05,136800,96000,40800
SO-01577,2025-06-05,C0172,P011,6,27000,0.05,153900,96000,57900
SO-01578,2025-06-06,C0072,P002,2,59000,0,118000,76000,42000
SO-01579,2025-06-06,C0187,P001,4,65000,0,260000,168000,92000
SO-01580,2025-06-06,C0097,P004,4,47000,0,188000,112000,76000
SO-01581,2025-06-06,C0233,P012,2,320000,0.05,608000,460000,148000
SO-01582,2025-06-06,C0016,P010,12,72000,0.12,760320,576000,184320
SO-01583,2025-06-06,C0330,P002,3,59000,0,177000,114000,63000
SO-01584,2025-06-06,C0229,P001,2,65000,0.03,126100,84000,42100
SO-01585,2025-06-06,C0072,P007,1,98000,0,98000,70000,28000
SO-01586,2025-06-06,C0286,P001,10,65000,0.08,598000,420000,178000
SO-01587,2025-06-06,C0011,P007,2,98000,0,196000,140000,56000
SO-01588,2025-06-06,C0160,P006,9,130000,0.08,1076400,765000,311400
SO-01589,2025-06-06,C0172,P001,7,65000,0.08,418600,294000,124600
SO-01590,2025-06-06,C0233,P001,1,65000,0.05,61750,42000,19750
SO-01591,2025-06-06,C0180,P005,2,180000,0,360000,240000,120000
SO-01592,2025-06-06,C0132,P010,9,72000,0.05,615600,432000,183600
SO-01593,2025-06-06,C0068,P005,10,180000,0.12,1584000,1200000,384000
SO-01594,2025-06-07,C0209,P005,14,180000,0.08,2318400,1680000,638400
SO-01595,2025-06-07,C0140,P004,1,47000,0.05,44650,28000,16650
SO-01596,2025-06-07,C0075,P011,4,27000,0.08,99360,64000,35360
SO-01597,2025-06-07,C0057,P007,4,98000,0.03,380240,280000,100240
SO-01598,2025-06-07,C0034,P011,5,27000,0.05,128250,80000,48250
SO-01599,2025-06-07,C0067,P007,5,98000,0.08,450800,350000,100800
SO-01600,2025-06-08,C0088,P002,9,59000,0.05,504450,342000,162450
SO-01601,2025-06-08,C0281,P003,3,140000,0,420000,285000,135000
SO-01602,2025-06-08,C0233,P001,2,65000,0.03,126100,84000,42100
SO-01603,2025-06-08,C0373,P006,4,130000,0.05,494000,340000,154000
SO-01604,2025-06-08,C0211,P007,14,98000,0.1,1234800,980000,254800
SO-01605,2025-06-08,C0286,P004,13,47000,0.12,537680,364000,173680
SO-01606,2025-06-08,C0159,P003,2,140000,0,280000,190000,90000
SO-01607,2025-06-08,C0069,P001,14,65000,0.1,819000,588000,231000
SO-01608,2025-06-09,C0293,P004,2,47000,0.05,89300,56000,33300
SO-01609,2025-06-09,C0367,P010,1,72000,0,72000,48000,24000
SO-01610,2025-06-09,C0269,P003,5,140000,0,700000,475000,225000
SO-01611,2025-06-09,C0008,P001,3,65000,0,195000,126000,69000
SO-01612,2025-06-09,C0029,P007,2,98000,0.03,190120,140000,50120
SO-01613,2025-06-09,C0239,P011,12,27000,0.08,298080,192000,106080
SO-01614,2025-06-09,C0007,P001,2,65000,0.1,117000,84000,33000
SO-01615,2025-06-09,C0280,P002,1,59000,0,59000,38000,21000
SO-01616,2025-06-09,C0176,P001,2,65000,0.05,123500,84000,39500
SO-01617,2025-06-09,C0106,P001,3,65000,0.05,185250,126000,59250
SO-01618,2025-06-09,C0013,P011,13,27000,0.08,322920,208000,114920
SO-01619,2025-06-09,C0262,P004,12,47000,0.12,496320,336000,160320
SO-01620,2025-06-09,C0377,P006,2,130000,0,260000,170000,90000
SO-01621,2025-06-10,C0050,P011,4,27000,0,108000,64000,44000
SO-01622,2025-06-10,C0191,P001,2,65000,0,130000,84000,46000
SO-01623,2025-06-10,C0279,P004,3,47000,0,141000,84000,57000
SO-01624,2025-06-10,C0078,P006,2,130000,0.03,252200,170000,82200
SO-01625,2025-06-10,C0045,P003,6,140000,0.08,772800,570000,202800
SO-01626,2025-06-10,C0197,P002,4,59000,0.05,224200,152000,72200
SO-01627,2025-06-10,C0050,P007,1,98000,0,98000,70000,28000
SO-01628,2025-06-10,C0164,P001,10,65000,0.08,598000,420000,178000
SO-01629,2025-06-10,C0341,P010,1,72000,0.05,68400,48000,20400
SO-01630,2025-06-10,C0373,P011,4,27000,0,108000,64000,44000
SO-01631,2025-06-11,C0200,P005,2,180000,0.05,342000,240000,102000
SO-01632,2025-06-11,C0245,P011,11,27000,0.12,261360,176000,85360
SO-01633,2025-06-11,C0051,P012,4,320000,0.05,1216000,920000,296000
SO-01634,2025-06-11,C0402,P001,2,65000,0.03,126100,84000,42100
SO-01635,2025-06-11,C0396,P012,12,320000,0.1,3456000,2760000,696000
SO-01636,2025-06-11,C0019,P012,4,320000,0.03,1241600,920000,321600
SO-01637,2025-06-11,C0140,P001,1,65000,0,65000,42000,23000
SO-01638,2025-06-11,C0196,P004,14,47000,0.12,579040,392000,187040
SO-01639,2025-06-11,C0279,P005,2,180000,0,360000,240000,120000
SO-01640,2025-06-11,C0321,P001,4,65000,0.03,252200,168000,84200
SO-01641,2025-06-11,C0134,P006,11,130000,0.05,1358500,935000,423500
SO-01642,2025-06-11,C0099,P008,5,420000,0.05,1995000,1550000,445000
SO-01643,2025-06-11,C0244,P008,1,420000,0,420000,310000,110000
SO-01644,2025-06-11,C0120,P003,1,140000,0,140000,95000,45000
SO-01645,2025-06-12,C0053,P001,4,65000,0.05,247000,168000,79000
SO-01646,2025-06-12,C0269,P001,4,65000,0.05,247000,168000,79000
SO-01647,2025-06-12,C0374,P007,1,98000,0,98000,70000,28000
SO-01648,2025-06-12,C0223,P002,2,59000,0.03,114460,76000,38460
SO-01649,2025-06-12,C0412,P001,5,65000,0.05,308750,210000,98750
SO-01650,2025-06-12,C0161,P002,11,59000,0.08,597080,418000,179080
SO-01651,2025-06-12,C0201,P004,1,47000,0,47000,28000,19000
SO-01652,2025-06-12,C0210,P010,1,72000,0,72000,48000,24000
SO-01653,2025-06-12,C0335,P006,1,130000,0.05,123500,85000,38500
SO-01654,2025-06-12,C0167,P010,3,72000,0,216000,144000,72000
SO-01655,2025-06-12,C0194,P001,10,65000,0.12,572000,420000,152000
SO-01656,2025-06-13,C0319,P001,5,65000,0.05,308750,210000,98750
SO-01657,2025-06-13,C0295,P010,4,72000,0,288000,192000,96000
SO-01658,2025-06-13,C0164,P010,13,72000,0.1,842400,624000,218400
SO-01659,2025-06-13,C0099,P003,8,140000,0.05,1064000,760000,304000
SO-01660,2025-06-13,C0152,P009,11,690000,0.08,6982800,5720000,1262800
SO-01661,2025-06-13,C0097,P010,3,72000,0.05,205200,144000,61200
SO-01662,2025-06-13,C0226,P011,14,27000,0.08,347760,224000,123760
SO-01663,2025-06-13,C0320,P001,13,65000,0.1,760500,546000,214500
SO-01664,2025-06-13,C0171,P007,5,98000,0.03,475300,350000,125300
SO-01665,2025-06-13,C0060,P005,2,180000,0.12,316800,240000,76800
SO-01666,2025-06-13,C0045,P004,6,47000,0.12,248160,168000,80160
SO-01667,2025-06-14,C0192,P012,5,320000,0.05,1520000,1150000,370000
SO-01668,2025-06-14,C0311,P005,1,180000,0,180000,120000,60000
SO-01669,2025-06-14,C0036,P002,2,59000,0,118000,76000,42000
SO-01670,2025-06-14,C0243,P006,10,130000,0.12,1144000,850000,294000
SO-01671,2025-06-14,C0319,P010,2,72000,0.03,139680,96000,43680
SO-01672,2025-06-15,C0195,P009,3,690000,0.12,1821600,1560000,261600
SO-01673,2025-06-15,C0323,P004,12,47000,0.12,496320,336000,160320
SO-01674,2025-06-15,C0347,P004,3,47000,0,141000,84000,57000
SO-01675,2025-06-15,C0342,P004,3,47000,0.12,124080,84000,40080
SO-01676,2025-06-15,C0130,P004,3,47000,0,141000,84000,57000
SO-01677,2025-06-15,C0086,P003,2,140000,0.05,266000,190000,76000
SO-01678,2025-06-15,C0395,P004,1,47000,0,47000,28000,19000
SO-01679,2025-06-16,C0378,P004,2,47000,0,94000,56000,38000
SO-01680,2025-06-16,C0385,P003,2,140000,0.1,252000,190000,62000
SO-01681,2025-06-16,C0310,P002,10,59000,0.05,560500,380000,180500
SO-01682,2025-06-16,C0339,P006,5,130000,0,650000,425000,225000
SO-01683,2025-06-16,C0039,P004,2,47000,0.05,89300,56000,33300
SO-01684,2025-06-16,C0191,P005,2,180000,0,360000,240000,120000
SO-01685,2025-06-16,C0086,P007,2,98000,0,196000,140000,56000
SO-01686,2025-06-16,C0409,P003,1,140000,0,140000,95000,45000
SO-01687,2025-06-16,C0245,P011,7,27000,0.12,166320,112000,54320
SO-01688,2025-06-16,C0092,P001,3,65000,0,195000,126000,69000
SO-01689,2025-06-16,C0402,P010,5,72000,0.03,349200,240000,109200
SO-01690,2025-06-16,C0221,P002,1,59000,0.03,57230,38000,19230
SO-01691,2025-06-16,C0032,P006,2,130000,0,260000,170000,90000
SO-01692,2025-06-16,C0046,P007,9,98000,0.1,793800,630000,163800
SO-01693,2025-06-16,C0148,P012,5,320000,0,1600000,1150000,450000
SO-01694,2025-06-16,C0065,P011,3,27000,0.1,72900,48000,24900
SO-01695,2025-06-17,C0392,P005,8,180000,0.1,1296000,960000,336000
SO-01696,2025-06-17,C0075,P006,7,130000,0.12,800800,595000,205800
SO-01697,2025-06-17,C0084,P010,2,72000,0.03,139680,96000,43680
SO-01698,2025-06-17,C0055,P006,7,130000,0.12,800800,595000,205800
SO-01699,2025-06-17,C0313,P011,1,27000,0.05,25650,16000,9650
SO-01700,2025-06-17,C0096,P005,2,180000,0,360000,240000,120000
SO-01701,2025-06-17,C0063,P011,5,27000,0.05,128250,80000,48250
SO-01702,2025-06-17,C0315,P006,4,130000,0.03,504400,340000,164400
SO-01703,2025-06-17,C0149,P001,1,65000,0,65000,42000,23000
SO-01704,2025-06-17,C0370,P004,1,47000,0,47000,28000,19000
SO-01705,2025-06-17,C0365,P010,4,72000,0.03,279360,192000,87360
SO-01706,2025-06-18,C0274,P010,2,72000,0.05,136800,96000,40800
SO-01707,2025-06-18,C0301,P004,12,47000,0.12,496320,336000,160320
SO-01708,2025-06-18,C0027,P002,2,59000,0.03,114460,76000,38460
SO-01709,2025-06-18,C0045,P004,11,47000,0.1,465300,308000,157300
SO-01710,2025-06-18,C0277,P004,2,47000,0.03,91180,56000,35180
SO-01711,2025-06-18,C0343,P004,1,47000,0,47000,28000,19000
SO-01712,2025-06-18,C0047,P003,3,140000,0.05,399000,285000,114000
SO-01713,2025-06-18,C0191,P001,1,65000,0,65000,42000,23000
SO-01714,2025-06-18,C0174,P004,2,47000,0.03,91180,56000,35180
SO-01715,2025-06-18,C0079,P010,13,72000,0.12,823680,624000,199680
SO-01716,2025-06-18,C0184,P002,3,59000,0.05,168150,114000,54150
SO-01717,2025-06-18,C0092,P002,5,59000,0,295000,190000,105000
SO-01718,2025-06-18,C0277,P011,1,27000,0.03,26190,16000,10190
SO-01719,2025-06-18,C0203,P011,1,27000,0,27000,16000,11000
SO-01720,2025-06-18,C0323,P011,5,27000,0.12,118800,80000,38800
SO-01721,2025-06-19,C0229,P004,5,47000,0.05,223250,140000,83250
SO-01722,2025-06-19,C0398,P008,1,420000,0,420000,310000,110000
SO-01723,2025-06-19,C0319,P006,1,130000,0.05,123500,85000,38500
SO-01724,2025-06-19,C0204,P001,4,65000,0.12,228800,168000,60800
SO-01725,2025-06-19,C0045,P001,13,65000,0.08,777400,546000,231400
SO-01726,2025-06-19,C0316,P002,3,59000,0,177000,114000,63000
SO-01727,2025-06-19,C0008,P011,2,27000,0.03,52380,32000,20380
SO-01728,2025-06-19,C0107,P005,4,180000,0,720000,480000,240000
SO-01729,2025-06-19,C0131,P006,4,130000,0.1,468000,340000,128000
SO-01730,2025-06-19,C0080,P012,3,320000,0.05,912000,690000,222000
SO-01731,2025-06-19,C0021,P001,1,65000,0.03,63050,42000,21050
SO-01732,2025-06-19,C0264,P011,2,27000,0.05,51300,32000,19300
SO-01733,2025-06-19,C0038,P007,1,98000,0.03,95060,70000,25060
SO-01734,2025-06-20,C0095,P010,5,72000,0.08,331200,240000,91200
SO-01735,2025-06-20,C0063,P002,5,59000,0,295000,190000,105000
SO-01736,2025-06-20,C0122,P002,8,59000,0.1,424800,304000,120800
SO-01737,2025-06-20,C0131,P003,11,140000,0.08,1416800,1045000,371800
SO-01738,2025-06-20,C0334,P003,2,140000,0,280000,190000,90000
SO-01739,2025-06-20,C0126,P012,5,320000,0,1600000,1150000,450000
SO-01740,2025-06-20,C0331,P009,2,690000,0,1380000,1040000,340000
SO-01741,2025-06-20,C0327,P004,2,47000,0,94000,56000,38000
SO-01742,2025-06-20,C0308,P002,4,59000,0,236000,152000,84000
SO-01743,2025-06-20,C0302,P002,2,59000,0.05,112100,76000,36100
SO-01744,2025-06-21,C0399,P004,1,47000,0.05,44650,28000,16650
SO-01745,2025-06-21,C0070,P012,8,320000,0.05,2432000,1840000,592000
SO-01746,2025-06-21,C0205,P012,3,320000,0,960000,690000,270000
SO-01747,2025-06-21,C0370,P010,1,72000,0.03,69840,48000,21840
SO-01748,2025-06-21,C0382,P004,3,47000,0,141000,84000,57000
SO-01749,2025-06-21,C0224,P010,2,72000,0.03,139680,96000,43680
SO-01750,2025-06-21,C0261,P002,10,59000,0.1,531000,380000,151000
SO-01751,2025-06-22,C0079,P004,11,47000,0.12,454960,308000,146960
SO-01752,2025-06-22,C0038,P010,5,72000,0.05,342000,240000,102000
SO-01753,2025-06-23,C0136,P003,1,140000,0.05,133000,95000,38000
SO-01754,2025-06-23,C0388,P010,2,72000,0,144000,96000,48000
SO-01755,2025-06-23,C0347,P007,3,98000,0.05,279300,210000,69300
SO-01756,2025-06-23,C0199,P008,1,420000,0.03,407400,310000,97400
SO-01757,2025-06-23,C0374,P012,1,320000,0.05,304000,230000,74000
SO-01758,2025-06-23,C0101,P002,2,59000,0,118000,76000,42000
SO-01759,2025-06-23,C0105,P002,2,59000,0,118000,76000,42000
SO-01760,2025-06-23,C0151,P001,2,65000,0.05,123500,84000,39500
SO-01761,2025-06-23,C0274,P007,3,98000,0,294000,210000,84000
SO-01762,2025-06-23,C0196,P002,4,59000,0.12,207680,152000,55680
SO-01763,2025-06-23,C0312,P001,6,65000,0.05,370500,252000,118500
SO-01764,2025-06-23,C0206,P007,2,98000,0.05,186200,140000,46200
SO-01765,2025-06-23,C0295,P002,3,59000,0.05,168150,114000,54150
SO-01766,2025-06-24,C0303,P011,3,27000,0.03,78570,48000,30570
SO-01767,2025-06-24,C0373,P010,2,72000,0.03,139680,96000,43680
SO-01768,2025-06-24,C0020,P010,1,72000,0,72000,48000,24000
SO-01769,2025-06-24,C0054,P010,4,72000,0,288000,192000,96000
SO-01770,2025-06-24,C0065,P012,7,320000,0.1,2016000,1610000,406000
SO-01771,2025-06-24,C0279,P004,3,47000,0.03,136770,84000,52770
SO-01772,2025-06-24,C0031,P002,3,59000,0,177000,114000,63000
SO-01773,2025-06-24,C0282,P011,1,27000,0,27000,16000,11000
SO-01774,2025-06-24,C0214,P006,5,130000,0,650000,425000,225000
SO-01775,2025-06-24,C0226,P003,11,140000,0.1,1386000,1045000,341000
SO-01776,2025-06-24,C0083,P003,2,140000,0,280000,190000,90000
SO-01777,2025-06-24,C0363,P010,12,72000,0.05,820800,576000,244800
SO-01778,2025-06-24,C0197,P001,4,65000,0.05,247000,168000,79000
SO-01779,2025-06-25,C0359,P002,4,59000,0,236000,152000,84000
SO-01780,2025-06-25,C0336,P004,3,47000,0.05,133950,84000,49950
SO-01781,2025-06-25,C0074,P004,14,47000,0.12,579040,392000,187040
SO-01782,2025-06-25,C0182,P001,4,65000,0,260000,168000,92000
SO-01783,2025-06-25,C0084,P005,1,180000,0.05,171000,120000,51000
SO-01784,2025-06-25,C0034,P001,11,65000,0.05,679250,462000,217250
SO-01785,2025-06-25,C0137,P002,5,59000,0.05,280250,190000,90250
SO-01786,2025-06-25,C0287,P011,4,27000,0.05,102600,64000,38600
SO-01787,2025-06-25,C0033,P001,4,65000,0.05,247000,168000,79000
SO-01788,2025-06-25,C0010,P003,1,140000,0.05,133000,95000,38000
SO-01789,2025-06-25,C0032,P002,1,59000,0,59000,38000,21000
SO-01790,2025-06-25,C0406,P011,4,27000,0.05,102600,64000,38600
SO-01791,2025-06-25,C0260,P011,2,27000,0,54000,32000,22000
SO-01792,2025-06-26,C0264,P011,2,27000,0,54000,32000,22000
SO-01793,2025-06-26,C0207,P005,4,180000,0.05,684000,480000,204000
SO-01794,2025-06-26,C0056,P004,6,47000,0.08,259440,168000,91440
SO-01795,2025-06-26,C0148,P010,4,72000,0,288000,192000,96000
SO-01796,2025-06-26,C0052,P010,3,72000,0.03,209520,144000,65520
SO-01797,2025-06-26,C0323,P010,5,72000,0.12,316800,240000,76800
SO-01798,2025-06-26,C0290,P004,2,47000,0,94000,56000,38000
SO-01799,2025-06-26,C0033,P007,4,98000,0,392000,280000,112000
SO-01800,2025-06-27,C0322,P001,4,65000,0.03,252200,168000,84200
SO-01801,2025-06-27,C0020,P007,1,98000,0,98000,70000,28000
SO-01802,2025-06-27,C0263,P003,5,140000,0,700000,475000,225000
SO-01803,2025-06-27,C0222,P004,2,47000,0.08,86480,56000,30480
SO-01804,2025-06-27,C0346,P003,4,140000,0,560000,380000,180000
SO-01805,2025-06-27,C0046,P009,9,690000,0.05,5899500,4680000,1219500
SO-01806,2025-06-27,C0310,P004,3,47000,0.05,133950,84000,49950
SO-01807,2025-06-27,C0098,P009,3,690000,0.05,1966500,1560000,406500
SO-01808,2025-06-27,C0132,P006,8,130000,0.12,915200,680000,235200
SO-01809,2025-06-27,C0330,P002,1,59000,0.05,56050,38000,18050
SO-01810,2025-06-27,C0264,P002,1,59000,0,59000,38000,21000
SO-01811,2025-06-27,C0295,P003,3,140000,0,420000,285000,135000
SO-01812,2025-06-27,C0336,P005,8,180000,0.1,1296000,960000,336000
SO-01813,2025-06-27,C0399,P010,2,72000,0.03,139680,96000,43680
SO-01814,2025-06-28,C0400,P002,3,59000,0.05,168150,114000,54150
SO-01815,2025-06-28,C0268,P011,1,27000,0.05,25650,16000,9650
SO-01816,2025-06-28,C0288,P004,5,47000,0.03,227950,140000,87950
SO-01817,2025-06-28,C0382,P002,1,59000,0,59000,38000,21000
SO-01818,2025-06-29,C0323,P003,4,140000,0.08,515200,380000,135200
SO-01819,2025-06-29,C0327,P010,3,72000,0,216000,144000,72000
SO-01820,2025-06-29,C0218,P012,1,320000,0,320000,230000,90000
SO-01821,2025-06-30,C0225,P010,8,72000,0.1,518400,384000,134400
SO-01822,2025-06-30,C0399,P001,5,65000,0,325000,210000,115000
SO-01823,2025-06-30,C0101,P007,1,98000,0.03,95060,70000,25060
SO-01824,2025-06-30,C0120,P010,1,72000,0,72000,48000,24000
SO-01825,2025-06-30,C0225,P006,10,130000,0.08,1196000,850000,346000
SO-01826,2025-06-30,C0274,P002,3,59000,0,177000,114000,63000
SO-01827,2025-06-30,C0219,P010,4,72000,0.08,264960,192000,72960
SO-01828,2025-06-30,C0073,P004,3,47000,0.12,124080,84000,40080
SO-01829,2025-06-30,C0207,P005,2,180000,0.03,349200,240000,109200
SO-01830,2025-06-30,C0185,P004,2,47000,0,94000,56000,38000
SO-01831,2025-06-30,C0356,P011,1,27000,0,27000,16000,11000
SO-01832,2025-06-30,C0150,P008,4,420000,0.03,1629600,1240000,389600
SO-01833,2025-06-30,C0238,P011,2,27000,0.05,51300,32000,19300
SO-01834,2025-07-01,C0404,P007,4,98000,0,392000,280000,112000
SO-01835,2025-07-01,C0326,P003,3,140000,0.08,386400,285000,101400
SO-01836,2025-07-01,C0005,P002,2,59000,0.05,112100,76000,36100
SO-01837,2025-07-01,C0365,P002,2,59000,0,118000,76000,42000
SO-01838,2025-07-01,C0136,P011,1,27000,0.05,25650,16000,9650
SO-01839,2025-07-01,C0030,P011,1,27000,0.05,25650,16000,9650
SO-01840,2025-07-01,C0296,P006,8,130000,0.05,988000,680000,308000
SO-01841,2025-07-01,C0174,P002,2,59000,0,118000,76000,42000
SO-01842,2025-07-01,C0201,P005,2,180000,0.03,349200,240000,109200
SO-01843,2025-07-01,C0050,P005,3,180000,0,540000,360000,180000
SO-01844,2025-07-01,C0408,P001,7,65000,0.05,432250,294000,138250
SO-01845,2025-07-01,C0306,P007,5,98000,0.03,475300,350000,125300
SO-01846,2025-07-01,C0296,P004,13,47000,0.08,562120,364000,198120
SO-01847,2025-07-01,C0228,P002,8,59000,0.08,434240,304000,130240
SO-01848,2025-07-01,C0356,P011,2,27000,0,54000,32000,22000
SO-01849,2025-07-02,C0075,P011,6,27000,0.08,149040,96000,53040
SO-01850,2025-07-02,C0041,P008,12,420000,0.05,4788000,3720000,1068000
SO-01851,2025-07-02,C0357,P010,1,72000,0.05,68400,48000,20400
SO-01852,2025-07-02,C0409,P001,1,65000,0,65000,42000,23000
SO-01853,2025-07-02,C0409,P006,3,130000,0,390000,255000,135000
SO-01854,2025-07-02,C0296,P004,13,47000,0.05,580450,364000,216450
SO-01855,2025-07-02,C0235,P008,2,420000,0,840000,620000,220000
SO-01856,2025-07-02,C0384,P011,1,27000,0.03,26190,16000,10190
SO-01857,2025-07-02,C0313,P006,2,130000,0.05,247000,170000,77000
SO-01858,2025-07-02,C0257,P010,1,72000,0.03,69840,48000,21840
SO-01859,2025-07-02,C0231,P008,10,420000,0.12,3696000,3100000,596000
SO-01860,2025-07-02,C0403,P008,2,420000,0,840000,620000,220000
SO-01861,2025-07-02,C0230,P004,7,47000,0.08,302680,196000,106680
SO-01862,2025-07-02,C0370,P004,1,47000,0,47000,28000,19000
SO-01863,2025-07-03,C0050,P011,3,27000,0,81000,48000,33000
SO-01864,2025-07-03,C0298,P001,5,65000,0,325000,210000,115000
SO-01865,2025-07-03,C0310,P006,4,130000,0.05,494000,340000,154000
SO-01866,2025-07-03,C0023,P006,9,130000,0.05,1111500,765000,346500
SO-01867,2025-07-03,C0400,P007,14,98000,0.12,1207360,980000,227360
SO-01868,2025-07-03,C0315,P005,1,180000,0,180000,120000,60000
SO-01869,2025-07-03,C0299,P011,1,27000,0.05,25650,16000,9650
SO-01870,2025-07-03,C0418,P011,1,27000,0.05,25650,16000,9650
SO-01871,2025-07-03,C0195,P011,3,27000,0.08,74520,48000,26520
SO-01872,2025-07-03,C0319,P003,1,140000,0.05,133000,95000,38000
SO-01873,2025-07-03,C0130,P008,5,420000,0.05,1995000,1550000,445000
SO-01874,2025-07-03,C0170,P003,4,140000,0.12,492800,380000,112800
SO-01875,2025-07-03,C0229,P005,2,180000,0.03,349200,240000,109200
SO-01876,2025-07-03,C0134,P006,4,130000,0.12,457600,340000,117600
SO-01877,2025-07-03,C0026,P010,3,72000,0.12,190080,144000,46080
SO-01878,2025-07-03,C0346,P002,5,59000,0,295000,190000,105000
SO-01879,2025-07-03,C0383,P010,4,72000,0.05,273600,192000,81600
SO-01880,2025-07-03,C0008,P001,3,65000,0.05,185250,126000,59250
SO-01881,2025-07-03,C0239,P003,9,140000,0.12,1108800,855000,253800
SO-01882,2025-07-03,C0045,P006,10,130000,0.12,1144000,850000,294000
SO-01883,2025-07-04,C0261,P003,12,140000,0.12,1478400,1140000,338400
SO-01884,2025-07-04,C0316,P001,2,65000,0,130000,84000,46000
SO-01885,2025-07-04,C0336,P007,7,98000,0.05,651700,490000,161700
SO-01886,2025-07-04,C0289,P006,9,130000,0.05,1111500,765000,346500
SO-01887,2025-07-04,C0391,P007,2,98000,0,196000,140000,56000
SO-01888,2025-07-04,C0067,P005,11,180000,0.1,1782000,1320000,462000
SO-01889,2025-07-04,C0214,P011,5,27000,0.03,130950,80000,50950
SO-01890,2025-07-04,C0037,P006,3,130000,0.05,370500,255000,115500
SO-01891,2025-07-04,C0222,P004,13,47000,0.08,562120,364000,198120
SO-01892,2025-07-04,C0408,P004,4,47000,0.05,178600,112000,66600
SO-01893,2025-07-04,C0011,P006,2,130000,0,260000,170000,90000
SO-01894,2025-07-05,C0089,P006,4,130000,0,520000,340000,180000
SO-01895,2025-07-05,C0134,P007,5,98000,0.12,431200,350000,81200
SO-01896,2025-07-05,C0200,P001,3,65000,0,195000,126000,69000
SO-01897,2025-07-05,C0419,P007,1,98000,0.03,95060,70000,25060
SO-01898,2025-07-05,C0077,P002,1,59000,0.03,57230,38000,19230
SO-01899,2025-07-05,C0069,P006,5,130000,0.05,617500,425000,192500
SO-01900,2025-07-05,C0102,P011,2,27000,0.05,51300,32000,19300
SO-01901,2025-07-06,C0222,P012,11,320000,0.12,3097600,2530000,567600
SO-01902,2025-07-06,C0220,P002,6,59000,0.05,336300,228000,108300
SO-01903,2025-07-06,C0209,P007,8,98000,0.1,705600,560000,145600
SO-01904,2025-07-06,C0171,P009,4,690000,0.05,2622000,2080000,542000
SO-01905,2025-07-07,C0243,P004,5,47000,0.08,216200,140000,76200
SO-01906,2025-07-07,C0324,P007,3,98000,0.1,264600,210000,54600
SO-01907,2025-07-07,C0350,P001,5,65000,0,325000,210000,115000
SO-01908,2025-07-07,C0383,P008,4,420000,0.05,1596000,1240000,356000
SO-01909,2025-07-07,C0038,P005,3,180000,0.05,513000,360000,153000
SO-01910,2025-07-07,C0121,P002,2,59000,0.1,106200,76000,30200
SO-01911,2025-07-07,C0367,P006,3,130000,0,390000,255000,135000
SO-01912,2025-07-07,C0367,P002,3,59000,0.03,171690,114000,57690
SO-01913,2025-07-07,C0151,P011,2,27000,0.03,52380,32000,20380
SO-01914,2025-07-07,C0371,P001,2,65000,0.05,123500,84000,39500
SO-01915,2025-07-07,C0060,P007,4,98000,0.12,344960,280000,64960
SO-01916,2025-07-07,C0186,P001,1,65000,0.03,63050,42000,21050
SO-01917,2025-07-07,C0085,P009,9,690000,0.1,5589000,4680000,909000
SO-01918,2025-07-08,C0116,P008,2,420000,0,840000,620000,220000
SO-01919,2025-07-08,C0004,P001,3,65000,0,195000,126000,69000
SO-01920,2025-07-08,C0032,P005,1,180000,0.03,174600,120000,54600
SO-01921,2025-07-08,C0198,P005,2,180000,0.03,349200,240000,109200
SO-01922,2025-07-08,C0075,P010,12,72000,0.08,794880,576000,218880
SO-01923,2025-07-08,C0390,P002,2,59000,0,118000,76000,42000
SO-01924,2025-07-08,C0099,P006,2,130000,0.08,239200,170000,69200
SO-01925,2025-07-08,C0257,P001,1,65000,0,65000,42000,23000
SO-01926,2025-07-08,C0120,P002,2,59000,0.05,112100,76000,36100
SO-01927,2025-07-08,C0299,P007,3,98000,0,294000,210000,84000
SO-01928,2025-07-08,C0382,P001,4,65000,0.03,252200,168000,84200
SO-01929,2025-07-09,C0157,P010,3,72000,0.05,205200,144000,61200
SO-01930,2025-07-09,C0067,P001,9,65000,0.1,526500,378000,148500
SO-01931,2025-07-09,C0004,P006,5,130000,0,650000,425000,225000
SO-01932,2025-07-09,C0241,P002,5,59000,0.03,286150,190000,96150
SO-01933,2025-07-09,C0267,P010,12,72000,0.08,794880,576000,218880
SO-01934,2025-07-09,C0369,P004,1,47000,0.05,44650,28000,16650
SO-01935,2025-07-09,C0242,P005,1,180000,0.05,171000,120000,51000
SO-01936,2025-07-09,C0161,P001,12,65000,0.08,717600,504000,213600
SO-01937,2025-07-09,C0385,P011,8,27000,0.12,190080,128000,62080
SO-01938,2025-07-09,C0207,P011,3,27000,0.03,78570,48000,30570
SO-01939,2025-07-09,C0340,P003,4,140000,0,560000,380000,180000
SO-01940,2025-07-09,C0261,P010,8,72000,0.05,547200,384000,163200
SO-01941,2025-07-09,C0391,P002,2,59000,0.05,112100,76000,36100
SO-01942,2025-07-09,C0313,P009,1,690000,0,690000,520000,170000
SO-01943,2025-07-10,C0277,P007,1,98000,0,98000,70000,28000
SO-01944,2025-07-10,C0417,P010,2,72000,0,144000,96000,48000
SO-01945,2025-07-10,C0303,P011,1,27000,0,27000,16000,11000
SO-01946,2025-07-10,C0287,P002,3,59000,0.05,168150,114000,54150
SO-01947,2025-07-10,C0075,P007,13,98000,0.12,1121120,910000,211120
SO-01948,2025-07-10,C0032,P010,2,72000,0,144000,96000,48000
SO-01949,2025-07-10,C0407,P006,4,130000,0.08,478400,340000,138400
SO-01950,2025-07-11,C0262,P005,11,180000,0.1,1782000,1320000,462000
SO-01951,2025-07-11,C0151,P006,1,130000,0.05,123500,85000,38500
SO-01952,2025-07-11,C0078,P010,2,72000,0,144000,96000,48000
SO-01953,2025-07-11,C0300,P011,2,27000,0.03,52380,32000,20380
SO-01954,2025-07-11,C0330,P004,2,47000,0.03,91180,56000,35180
SO-01955,2025-07-11,C0402,P006,4,130000,0.03,504400,340000,164400
SO-01956,2025-07-11,C0341,P003,1,140000,0,140000,95000,45000
SO-01957,2025-07-11,C0112,P009,4,690000,0,2760000,2080000,680000
SO-01958,2025-07-11,C0150,P002,1,59000,0,59000,38000,21000
SO-01959,2025-07-12,C0157,P010,5,72000,0.05,342000,240000,102000
SO-01960,2025-07-12,C0042,P006,1,130000,0,130000,85000,45000
SO-01961,2025-07-12,C0390,P006,2,130000,0,260000,170000,90000
SO-01962,2025-07-12,C0357,P006,2,130000,0,260000,170000,90000
SO-01963,2025-07-12,C0362,P003,1,140000,0,140000,95000,45000
SO-01964,2025-07-12,C0372,P001,8,65000,0.05,494000,336000,158000
SO-01965,2025-07-12,C0252,P006,3,130000,0.05,370500,255000,115500
SO-01966,2025-07-13,C0365,P010,5,72000,0.03,349200,240000,109200
SO-01967,2025-07-13,C0197,P011,3,27000,0.05,76950,48000,28950
SO-01968,2025-07-13,C0374,P001,1,65000,0.05,61750,42000,19750
SO-01969,2025-07-13,C0127,P010,1,72000,0.03,69840,48000,21840
SO-01970,2025-07-14,C0089,P007,5,98000,0,490000,350000,140000
SO-01971,2025-07-14,C0319,P007,2,98000,0,196000,140000,56000
SO-01972,2025-07-14,C0257,P012,2,320000,0,640000,460000,180000
SO-01973,2025-07-14,C0006,P007,3,98000,0,294000,210000,84000
SO-01974,2025-07-14,C0225,P011,2,27000,0.12,47520,32000,15520
SO-01975,2025-07-14,C0317,P006,5,130000,0,650000,425000,225000
SO-01976,2025-07-14,C0092,P006,3,130000,0,390000,255000,135000
SO-01977,2025-07-14,C0270,P005,1,180000,0.03,174600,120000,54600
SO-01978,2025-07-14,C0032,P008,4,420000,0.03,1629600,1240000,389600
SO-01979,2025-07-14,C0233,P007,1,98000,0.03,95060,70000,25060
SO-01980,2025-07-15,C0351,P002,2,59000,0,118000,76000,42000
SO-01981,2025-07-15,C0413,P002,4,59000,0,236000,152000,84000
SO-01982,2025-07-15,C0346,P001,1,65000,0.03,63050,42000,21050
SO-01983,2025-07-15,C0222,P003,3,140000,0.1,378000,285000,93000
SO-01984,2025-07-15,C0246,P004,1,47000,0.05,44650,28000,16650
SO-01985,2025-07-15,C0220,P011,4,27000,0.12,95040,64000,31040
SO-01986,2025-07-15,C0176,P007,1,98000,0,98000,70000,28000
SO-01987,2025-07-15,C0296,P011,11,27000,0.05,282150,176000,106150
SO-01988,2025-07-15,C0209,P010,13,72000,0.08,861120,624000,237120
SO-01989,2025-07-15,C0091,P002,4,59000,0,236000,152000,84000
SO-01990,2025-07-15,C0351,P006,2,130000,0.03,252200,170000,82200
SO-01991,2025-07-16,C0048,P009,3,690000,0,2070000,1560000,510000
SO-01992,2025-07-16,C0385,P002,7,59000,0.08,379960,266000,113960
SO-01993,2025-07-16,C0168,P002,11,59000,0.05,616550,418000,198550
SO-01994,2025-07-16,C0356,P011,2,27000,0,54000,32000,22000
SO-01995,2025-07-16,C0152,P009,3,690000,0.05,1966500,1560000,406500
SO-01996,2025-07-16,C0175,P010,2,72000,0.05,136800,96000,40800
SO-01997,2025-07-16,C0104,P009,3,690000,0,2070000,1560000,510000
SO-01998,2025-07-16,C0343,P001,2,65000,0,130000,84000,46000
SO-01999,2025-07-16,C0047,P002,1,59000,0,59000,38000,21000
SO-02000,2025-07-16,C0418,P007,4,98000,0,392000,280000,112000
SO-02001,2025-07-16,C0236,P002,3,59000,0.03,171690,114000,57690
SO-02002,2025-07-16,C0103,P001,1,65000,0,65000,42000,23000
SO-02003,2025-07-16,C0192,P008,4,420000,0.03,1629600,1240000,389600
SO-02004,2025-07-16,C0216,P008,5,420000,0.05,1995000,1550000,445000
SO-02005,2025-07-17,C0312,P007,4,98000,0.08,360640,280000,80640
SO-02006,2025-07-17,C0158,P005,8,180000,0.05,1368000,960000,408000
SO-02007,2025-07-17,C0085,P007,7,98000,0.08,631120,490000,141120
SO-02008,2025-07-17,C0159,P012,2,320000,0,640000,460000,180000
SO-02009,2025-07-17,C0288,P002,1,59000,0.05,56050,38000,18050
SO-02010,2025-07-17,C0185,P003,2,140000,0,280000,190000,90000
SO-02011,2025-07-17,C0354,P002,2,59000,0,118000,76000,42000
SO-02012,2025-07-17,C0257,P004,2,47000,0,94000,56000,38000
SO-02013,2025-07-17,C0055,P010,8,72000,0.05,547200,384000,163200
SO-02014,2025-07-17,C0038,P001,5,65000,0.05,308750,210000,98750
SO-02015,2025-07-17,C0347,P001,5,65000,0.03,315250,210000,105250
SO-02016,2025-07-17,C0105,P003,3,140000,0,420000,285000,135000
SO-02017,2025-07-17,C0212,P011,2,27000,0.03,52380,32000,20380
SO-02018,2025-07-17,C0179,P004,12,47000,0.05,535800,336000,199800
SO-02019,2025-07-17,C0273,P004,1,47000,0.03,45590,28000,17590
SO-02020,2025-07-18,C0251,P007,4,98000,0.1,352800,280000,72800
SO-02021,2025-07-18,C0218,P005,2,180000,0.03,349200,240000,109200
SO-02022,2025-07-18,C0036,P003,1,140000,0.05,133000,95000,38000
SO-02023,2025-07-18,C0186,P002,1,59000,0,59000,38000,21000
SO-02024,2025-07-18,C0356,P003,2,140000,0,280000,190000,90000
SO-02025,2025-07-18,C0229,P010,1,72000,0,72000,48000,24000
SO-02026,2025-07-18,C0327,P002,2,59000,0.05,112100,76000,36100
SO-02027,2025-07-18,C0161,P011,11,27000,0.12,261360,176000,85360
SO-02028,2025-07-18,C0337,P001,8,65000,0.08,478400,336000,142400
SO-02029,2025-07-18,C0163,P004,12,47000,0.08,518880,336000,182880
SO-02030,2025-07-18,C0266,P011,5,27000,0,135000,80000,55000
SO-02031,2025-07-18,C0237,P010,14,72000,0.12,887040,672000,215040
SO-02032,2025-07-18,C0211,P001,4,65000,0.08,239200,168000,71200
SO-02033,2025-07-18,C0091,P010,1,72000,0,72000,48000,24000
SO-02034,2025-07-20,C0260,P010,2,72000,0.05,136800,96000,40800
SO-02035,2025-07-20,C0411,P001,1,65000,0,65000,42000,23000
SO-02036,2025-07-20,C0193,P010,1,72000,0.05,68400,48000,20400
SO-02037,2025-07-21,C0271,P008,1,420000,0.05,399000,310000,89000
SO-02038,2025-07-21,C0140,P010,2,72000,0,144000,96000,48000
SO-02039,2025-07-21,C0113,P001,2,65000,0,130000,84000,46000
SO-02040,2025-07-21,C0081,P011,7,27000,0.08,173880,112000,61880
SO-02041,2025-07-21,C0288,P010,5,72000,0,360000,240000,120000
SO-02042,2025-07-21,C0157,P007,4,98000,0,392000,280000,112000
SO-02043,2025-07-21,C0003,P002,4,59000,0,236000,152000,84000
SO-02044,2025-07-21,C0298,P007,5,98000,0.03,475300,350000,125300
SO-02045,2025-07-21,C0221,P004,2,47000,0.05,89300,56000,33300
SO-02046,2025-07-21,C0371,P001,1,65000,0,65000,42000,23000
SO-02047,2025-07-21,C0208,P010,2,72000,0,144000,96000,48000
SO-02048,2025-07-21,C0264,P004,2,47000,0,94000,56000,38000
SO-02049,2025-07-21,C0408,P011,3,27000,0.1,72900,48000,24900
SO-02050,2025-07-21,C0121,P003,11,140000,0.12,1355200,1045000,310200
SO-02051,2025-07-22,C0041,P005,4,180000,0.05,684000,480000,204000
SO-02052,2025-07-22,C0283,P007,1,98000,0,98000,70000,28000
SO-02053,2025-07-22,C0177,P005,6,180000,0.08,993600,720000,273600
SO-02054,2025-07-22,C0153,P007,1,98000,0,98000,70000,28000
SO-02055,2025-07-22,C0188,P007,2,98000,0.1,176400,140000,36400
SO-02056,2025-07-22,C0042,P005,1,180000,0.05,171000,120000,51000
SO-02057,2025-07-22,C0302,P006,1,130000,0,130000,85000,45000
SO-02058,2025-07-22,C0397,P003,4,140000,0.03,543200,380000,163200
SO-02059,2025-07-22,C0174,P004,2,47000,0.05,89300,56000,33300
SO-02060,2025-07-22,C0081,P005,13,180000,0.08,2152800,1560000,592800
SO-02061,2025-07-22,C0345,P011,2,27000,0,54000,32000,22000
SO-02062,2025-07-22,C0002,P011,4,27000,0.03,104760,64000,40760
SO-02063,2025-07-22,C0390,P002,2,59000,0.03,114460,76000,38460
SO-02064,2025-07-22,C0200,P001,4,65000,0,260000,168000,92000
SO-02065,2025-07-22,C0045,P007,13,98000,0.05,1210300,910000,300300
SO-02066,2025-07-22,C0315,P001,1,65000,0.05,61750,42000,19750
SO-02067,2025-07-22,C0384,P007,5,98000,0.05,465500,350000,115500
SO-02068,2025-07-22,C0414,P007,1,98000,0.05,93100,70000,23100
SO-02069,2025-07-23,C0243,P002,12,59000,0.08,651360,456000,195360
SO-02070,2025-07-23,C0073,P007,9,98000,0.08,811440,630000,181440
SO-02071,2025-07-23,C0340,P002,1,59000,0.05,56050,38000,18050
SO-02072,2025-07-23,C0193,P007,1,98000,0.05,93100,70000,23100
SO-02073,2025-07-23,C0290,P011,1,27000,0.03,26190,16000,10190
SO-02074,2025-07-23,C0376,P006,11,130000,0.08,1315600,935000,380600
SO-02075,2025-07-23,C0092,P001,1,65000,0.05,61750,42000,19750
SO-02076,2025-07-23,C0018,P006,2,130000,0.1,234000,170000,64000
SO-02077,2025-07-23,C0095,P007,6,98000,0.12,517440,420000,97440
SO-02078,2025-07-23,C0372,P009,8,690000,0.1,4968000,4160000,808000
SO-02079,2025-07-23,C0150,P010,3,72000,0,216000,144000,72000
SO-02080,2025-07-23,C0393,P001,4,65000,0,260000,168000,92000
SO-02081,2025-07-23,C0192,P005,4,180000,0,720000,480000,240000
SO-02082,2025-07-23,C0335,P007,2,98000,0.05,186200,140000,46200
SO-02083,2025-07-23,C0042,P008,1,420000,0.03,407400,310000,97400
SO-02084,2025-07-23,C0059,P012,8,320000,0.05,2432000,1840000,592000
SO-02085,2025-07-23,C0096,P001,1,65000,0,65000,42000,23000
SO-02086,2025-07-23,C0147,P002,10,59000,0.08,542800,380000,162800
SO-02087,2025-07-23,C0399,P011,5,27000,0.05,128250,80000,48250
SO-02088,2025-07-24,C0206,P002,1,59000,0.03,57230,38000,19230
SO-02089,2025-07-24,C0359,P001,3,65000,0,195000,126000,69000
SO-02090,2025-07-24,C0187,P004,5,47000,0.03,227950,140000,87950
SO-02091,2025-07-24,C0278,P011,12,27000,0.1,291600,192000,99600
SO-02092,2025-07-24,C0240,P011,4,27000,0,108000,64000,44000
SO-02093,2025-07-24,C0137,P007,12,98000,0.08,1081920,840000,241920
SO-02094,2025-07-24,C0020,P011,1,27000,0,27000,16000,11000
SO-02095,2025-07-24,C0050,P007,3,98000,0,294000,210000,84000
SO-02096,2025-07-24,C0125,P006,3,130000,0,390000,255000,135000
SO-02097,2025-07-24,C0130,P012,3,320000,0.05,912000,690000,222000
SO-02098,2025-07-24,C0191,P010,1,72000,0.03,69840,48000,21840
SO-02099,2025-07-24,C0169,P007,2,98000,0.05,186200,140000,46200
SO-02100,2025-07-24,C0285,P011,4,27000,0,108000,64000,44000
SO-02101,2025-07-24,C0161,P011,2,27000,0.12,47520,32000,15520
SO-02102,2025-07-24,C0302,P006,4,130000,0,520000,340000,180000
SO-02103,2025-07-24,C0327,P001,1,65000,0.05,61750,42000,19750
SO-02104,2025-07-24,C0321,P001,3,65000,0,195000,126000,69000
SO-02105,2025-07-24,C0351,P009,1,690000,0,690000,520000,170000
SO-02106,2025-07-24,C0369,P010,3,72000,0,216000,144000,72000
SO-02107,2025-07-25,C0075,P006,8,130000,0.12,915200,680000,235200
SO-02108,2025-07-25,C0166,P004,4,47000,0,188000,112000,76000
SO-02109,2025-07-25,C0131,P002,8,59000,0.1,424800,304000,120800
SO-02110,2025-07-25,C0152,P005,5,180000,0.08,828000,600000,228000
SO-02111,2025-07-25,C0004,P011,5,27000,0,135000,80000,55000
SO-02112,2025-07-25,C0138,P001,6,65000,0.12,343200,252000,91200
SO-02113,2025-07-25,C0374,P006,1,130000,0,130000,85000,45000
SO-02114,2025-07-25,C0333,P004,3,47000,0,141000,84000,57000
SO-02115,2025-07-25,C0121,P004,6,47000,0.05,267900,168000,99900
SO-02116,2025-07-25,C0227,P001,1,65000,0,65000,42000,23000
SO-02117,2025-07-25,C0083,P004,3,47000,0.03,136770,84000,52770
SO-02118,2025-07-25,C0282,P004,2,47000,0.03,91180,56000,35180
SO-02119,2025-07-25,C0257,P002,1,59000,0.05,56050,38000,18050
SO-02120,2025-07-25,C0207,P002,1,59000,0,59000,38000,21000
SO-02121,2025-07-25,C0314,P007,2,98000,0.03,190120,140000,50120
SO-02122,2025-07-25,C0415,P007,11,98000,0.08,991760,770000,221760
SO-02123,2025-07-25,C0061,P001,4,65000,0.03,252200,168000,84200
SO-02124,2025-07-26,C0279,P001,2,65000,0,130000,84000,46000
SO-02125,2025-07-26,C0039,P004,1,47000,0,47000,28000,19000
SO-02126,2025-07-26,C0078,P001,1,65000,0,65000,42000,23000
SO-02127,2025-07-26,C0389,P002,12,59000,0.05,672600,456000,216600
SO-02128,2025-07-26,C0272,P011,4,27000,0.03,104760,64000,40760
SO-02129,2025-07-26,C0168,P010,11,72000,0.1,712800,528000,184800
SO-02130,2025-07-26,C0241,P007,4,98000,0.05,372400,280000,92400
SO-02131,2025-07-26,C0304,P004,14,47000,0.12,579040,392000,187040
SO-02132,2025-07-27,C0003,P007,4,98000,0.03,380240,280000,100240
SO-02133,2025-07-28,C0353,P001,2,65000,0.08,119600,84000,35600
SO-02134,2025-07-28,C0155,P011,11,27000,0.12,261360,176000,85360
SO-02135,2025-07-28,C0025,P011,7,27000,0.12,166320,112000,54320
SO-02136,2025-07-28,C0143,P007,5,98000,0,490000,350000,140000
SO-02137,2025-07-28,C0356,P004,2,47000,0.03,91180,56000,35180
SO-02138,2025-07-28,C0042,P004,2,47000,0,94000,56000,38000
SO-02139,2025-07-28,C0333,P002,1,59000,0.05,56050,38000,18050
SO-02140,2025-07-28,C0103,P011,2,27000,0.03,52380,32000,20380
SO-02141,2025-07-28,C0004,P010,1,72000,0,72000,48000,24000
SO-02142,2025-07-28,C0092,P008,3,420000,0,1260000,930000,330000
SO-02143,2025-07-28,C0136,P007,2,98000,0.03,190120,140000,50120
SO-02144,2025-07-28,C0344,P006,2,130000,0.03,252200,170000,82200
SO-02145,2025-07-28,C0156,P002,4,59000,0,236000,152000,84000
SO-02146,2025-07-28,C0209,P008,13,420000,0.12,4804800,4030000,774800
SO-02147,2025-07-28,C0048,P002,3,59000,0.05,168150,114000,54150
SO-02148,2025-07-28,C0328,P003,14,140000,0.12,1724800,1330000,394800
SO-02149,2025-07-28,C0413,P011,3,27000,0.03,78570,48000,30570
SO-02150,2025-07-29,C0319,P004,2,47000,0,94000,56000,38000
SO-02151,2025-07-29,C0168,P011,2,27000,0.05,51300,32000,19300
SO-02152,2025-07-29,C0246,P011,1,27000,0.05,25650,16000,9650
SO-02153,2025-07-29,C0389,P009,14,690000,0.08,8887200,7280000,1607200
SO-02154,2025-07-29,C0139,P004,13,47000,0.05,580450,364000,216450
SO-02155,2025-07-29,C0218,P007,2,98000,0,196000,140000,56000
SO-02156,2025-07-29,C0131,P009,3,690000,0.1,1863000,1560000,303000
SO-02157,2025-07-29,C0265,P012,2,320000,0,640000,460000,180000
SO-02158,2025-07-29,C0214,P004,2,47000,0,94000,56000,38000
SO-02159,2025-07-29,C0318,P001,1,65000,0.05,61750,42000,19750
SO-02160,2025-07-29,C0366,P010,3,72000,0.08,198720,144000,54720
SO-02161,2025-07-29,C0315,P006,3,130000,0.03,378300,255000,123300
SO-02162,2025-07-29,C0379,P010,2,72000,0.05,136800,96000,40800
SO-02163,2025-07-29,C0015,P005,2,180000,0.12,316800,240000,76800
SO-02164,2025-07-29,C0355,P001,5,65000,0.05,308750,210000,98750
SO-02165,2025-07-30,C0213,P001,1,65000,0.05,61750,42000,19750
SO-02166,2025-07-30,C0300,P012,1,320000,0,320000,230000,90000
SO-02167,2025-07-30,C0029,P005,2,180000,0.05,342000,240000,102000
SO-02168,2025-07-30,C0260,P001,1,65000,0,65000,42000,23000
SO-02169,2025-07-30,C0040,P010,1,72000,0.03,69840,48000,21840
SO-02170,2025-07-30,C0108,P007,2,98000,0,196000,140000,56000
SO-02171,2025-07-30,C0301,P001,2,65000,0.08,119600,84000,35600
SO-02172,2025-07-30,C0376,P001,6,65000,0.08,358800,252000,106800
SO-02173,2025-07-30,C0409,P001,3,65000,0.03,189150,126000,63150
SO-02174,2025-07-30,C0370,P012,1,320000,0.05,304000,230000,74000
SO-02175,2025-07-30,C0417,P011,3,27000,0,81000,48000,33000
SO-02176,2025-07-30,C0088,P003,7,140000,0.1,882000,665000,217000
SO-02177,2025-07-30,C0262,P012,5,320000,0.08,1472000,1150000,322000
SO-02178,2025-07-31,C0420,P004,5,47000,0.05,223250,140000,83250
SO-02179,2025-07-31,C0332,P006,11,130000,0.05,1358500,935000,423500
SO-02180,2025-07-31,C0343,P007,1,98000,0,98000,70000,28000
SO-02181,2025-07-31,C0338,P001,4,65000,0,260000,168000,92000
SO-02182,2025-07-31,C0168,P002,11,59000,0.1,584100,418000,166100
SO-02183,2025-07-31,C0283,P001,1,65000,0,65000,42000,23000
SO-02184,2025-07-31,C0364,P007,5,98000,0.12,431200,350000,81200
SO-02185,2025-07-31,C0226,P007,9,98000,0.1,793800,630000,163800
SO-02186,2025-07-31,C0275,P010,13,72000,0.08,861120,624000,237120
SO-02187,2025-08-01,C0201,P001,2,65000,0,130000,84000,46000
SO-02188,2025-08-01,C0025,P006,13,130000,0.1,1521000,1105000,416000
SO-02189,2025-08-01,C0173,P008,2,420000,0.05,798000,620000,178000
SO-02190,2025-08-01,C0022,P012,5,320000,0,1600000,1150000,450000
SO-02191,2025-08-01,C0022,P002,4,59000,0.03,228920,152000,76920
SO-02192,2025-08-01,C0271,P004,2,47000,0,94000,56000,38000
SO-02193,2025-08-01,C0038,P004,1,47000,0.03,45590,28000,17590
SO-02194,2025-08-01,C0063,P011,4,27000,0.05,102600,64000,38600
SO-02195,2025-08-01,C0035,P002,1,59000,0,59000,38000,21000
SO-02196,2025-08-01,C0112,P003,2,140000,0,280000,190000,90000
SO-02197,2025-08-02,C0182,P001,4,65000,0,260000,168000,92000
SO-02198,2025-08-02,C0026,P011,10,27000,0.1,243000,160000,83000
SO-02199,2025-08-02,C0230,P005,11,180000,0.1,1782000,1320000,462000
SO-02200,2025-08-02,C0385,P011,7,27000,0.05,179550,112000,67550
SO-02201,2025-08-03,C0107,P004,4,47000,0,188000,112000,76000
SO-02202,2025-08-03,C0270,P001,1,65000,0,65000,42000,23000
SO-02203,2025-08-03,C0341,P011,1,27000,0.03,26190,16000,10190
SO-02204,2025-08-03,C0148,P005,5,180000,0,900000,600000,300000
SO-02205,2025-08-03,C0115,P002,2,59000,0,118000,76000,42000
SO-02206,2025-08-04,C0195,P001,6,65000,0.12,343200,252000,91200
SO-02207,2025-08-04,C0095,P005,5,180000,0.1,810000,600000,210000
SO-02208,2025-08-04,C0139,P007,14,98000,0.05,1303400,980000,323400
SO-02209,2025-08-04,C0362,P002,2,59000,0,118000,76000,42000
SO-02210,2025-08-04,C0085,P010,6,72000,0.05,410400,288000,122400
SO-02211,2025-08-04,C0084,P010,2,72000,0.03,139680,96000,43680
SO-02212,2025-08-04,C0335,P011,1,27000,0,27000,16000,11000
SO-02213,2025-08-04,C0024,P011,2,27000,0,54000,32000,22000
SO-02214,2025-08-04,C0293,P008,2,420000,0.05,798000,620000,178000
SO-02215,2025-08-04,C0104,P006,4,130000,0,520000,340000,180000
SO-02216,2025-08-04,C0013,P002,2,59000,0.12,103840,76000,27840
SO-02217,2025-08-04,C0168,P004,14,47000,0.08,605360,392000,213360
SO-02218,2025-08-04,C0086,P006,1,130000,0.05,123500,85000,38500
SO-02219,2025-08-04,C0261,P012,7,320000,0.05,2128000,1610000,518000
SO-02220,2025-08-04,C0165,P010,2,72000,0,144000,96000,48000
SO-02221,2025-08-04,C0356,P011,1,27000,0,27000,16000,11000
SO-02222,2025-08-04,C0039,P003,1,140000,0,140000,95000,45000
SO-02223,2025-08-05,C0157,P002,5,59000,0.03,286150,190000,96150
SO-02224,2025-08-05,C0231,P010,12,72000,0.1,777600,576000,201600
SO-02225,2025-08-05,C0134,P004,8,47000,0.08,345920,224000,121920
SO-02226,2025-08-05,C0182,P001,2,65000,0,130000,84000,46000
SO-02227,2025-08-05,C0286,P001,8,65000,0.05,494000,336000,158000
SO-02228,2025-08-05,C0165,P006,1,130000,0,130000,85000,45000
SO-02229,2025-08-05,C0409,P006,1,130000,0.05,123500,85000,38500
SO-02230,2025-08-05,C0054,P004,2,47000,0.03,91180,56000,35180
SO-02231,2025-08-05,C0171,P006,2,130000,0.03,252200,170000,82200
SO-02232,2025-08-05,C0384,P011,2,27000,0,54000,32000,22000
SO-02233,2025-08-05,C0204,P007,9,98000,0.05,837900,630000,207900
SO-02234,2025-08-05,C0237,P011,2,27000,0.12,47520,32000,15520
SO-02235,2025-08-05,C0273,P010,3,72000,0,216000,144000,72000
SO-02236,2025-08-05,C0263,P007,3,98000,0,294000,210000,84000
SO-02237,2025-08-05,C0313,P002,1,59000,0.03,57230,38000,19230
SO-02238,2025-08-06,C0090,P010,2,72000,0,144000,96000,48000
SO-02239,2025-08-06,C0093,P004,4,47000,0.05,178600,112000,66600
SO-02240,2025-08-06,C0142,P010,5,72000,0.05,342000,240000,102000
SO-02241,2025-08-06,C0107,P011,2,27000,0.03,52380,32000,20380
SO-02242,2025-08-06,C0209,P010,3,72000,0.05,205200,144000,61200
SO-02243,2025-08-06,C0275,P005,6,180000,0.1,972000,720000,252000
SO-02244,2025-08-06,C0195,P011,7,27000,0.08,173880,112000,61880
SO-02245,2025-08-06,C0032,P005,4,180000,0.05,684000,480000,204000
SO-02246,2025-08-06,C0142,P007,1,98000,0,98000,70000,28000
SO-02247,2025-08-06,C0092,P007,4,98000,0,392000,280000,112000
SO-02248,2025-08-06,C0070,P001,11,65000,0.12,629200,462000,167200
SO-02249,2025-08-06,C0124,P011,2,27000,0,54000,32000,22000
SO-02250,2025-08-06,C0132,P003,2,140000,0.12,246400,190000,56400
SO-02251,2025-08-06,C0126,P002,2,59000,0.05,112100,76000,36100
SO-02252,2025-08-06,C0227,P008,2,420000,0,840000,620000,220000
SO-02253,2025-08-06,C0369,P001,2,65000,0,130000,84000,46000
SO-02254,2025-08-06,C0300,P006,2,130000,0,260000,170000,90000
SO-02255,2025-08-06,C0326,P010,5,72000,0.08,331200,240000,91200
SO-02256,2025-08-07,C0364,P005,8,180000,0.12,1267200,960000,307200
SO-02257,2025-08-07,C0391,P007,1,98000,0,98000,70000,28000
SO-02258,2025-08-07,C0079,P010,3,72000,0.1,194400,144000,50400
SO-02259,2025-08-07,C0072,P010,1,72000,0,72000,48000,24000
SO-02260,2025-08-07,C0342,P009,4,690000,0.1,2484000,2080000,404000
SO-02261,2025-08-07,C0336,P005,8,180000,0.12,1267200,960000,307200
SO-02262,2025-08-07,C0054,P001,5,65000,0.05,308750,210000,98750
SO-02263,2025-08-07,C0225,P002,8,59000,0.12,415360,304000,111360
SO-02264,2025-08-07,C0186,P007,1,98000,0.03,95060,70000,25060
SO-02265,2025-08-07,C0221,P004,1,47000,0.05,44650,28000,16650
SO-02266,2025-08-07,C0361,P002,3,59000,0.03,171690,114000,57690
SO-02267,2025-08-07,C0086,P005,2,180000,0.05,342000,240000,102000
SO-02268,2025-08-07,C0282,P011,2,27000,0,54000,32000,22000
SO-02269,2025-08-07,C0218,P002,1,59000,0.03,57230,38000,19230
SO-02270,2025-08-08,C0214,P011,3,27000,0.03,78570,48000,30570
SO-02271,2025-08-08,C0188,P007,4,98000,0.12,344960,280000,64960
SO-02272,2025-08-08,C0411,P004,1,47000,0.03,45590,28000,17590
SO-02273,2025-08-08,C0284,P005,3,180000,0.03,523800,360000,163800
SO-02274,2025-08-08,C0265,P005,1,180000,0.03,174600,120000,54600
SO-02275,2025-08-08,C0222,P006,4,130000,0.05,494000,340000,154000
SO-02276,2025-08-08,C0321,P003,4,140000,0,560000,380000,180000
SO-02277,2025-08-08,C0089,P004,3,47000,0.03,136770,84000,52770
SO-02278,2025-08-08,C0338,P007,1,98000,0,98000,70000,28000
SO-02279,2025-08-08,C0020,P010,2,72000,0,144000,96000,48000
SO-02280,2025-08-08,C0051,P012,2,320000,0,640000,460000,180000
SO-02281,2025-08-08,C0405,P011,13,27000,0.05,333450,208000,125450
SO-02282,2025-08-08,C0174,P001,2,65000,0,130000,84000,46000
SO-02283,2025-08-08,C0256,P007,9,98000,0.08,811440,630000,181440
SO-02284,2025-08-08,C0205,P002,4,59000,0,236000,152000,84000
SO-02285,2025-08-08,C0061,P001,5,65000,0.03,315250,210000,105250
SO-02286,2025-08-09,C0384,P002,2,59000,0.05,112100,76000,36100
SO-02287,2025-08-10,C0165,P004,2,47000,0.03,91180,56000,35180
SO-02288,2025-08-10,C0341,P010,1,72000,0.05,68400,48000,20400
SO-02289,2025-08-10,C0030,P001,1,65000,0.05,61750,42000,19750
SO-02290,2025-08-10,C0414,P004,2,47000,0.03,91180,56000,35180
SO-02291,2025-08-10,C0327,P002,3,59000,0.05,168150,114000,54150
SO-02292,2025-08-10,C0393,P002,3,59000,0,177000,114000,63000
SO-02293,2025-08-10,C0241,P001,2,65000,0,130000,84000,46000
SO-02294,2025-08-10,C0341,P006,1,130000,0.03,126100,85000,41100
SO-02295,2025-08-11,C0347,P006,3,130000,0.03,378300,255000,123300
SO-02296,2025-08-11,C0360,P007,4,98000,0.05,372400,280000,92400
SO-02297,2025-08-11,C0138,P010,13,72000,0.05,889200,624000,265200
SO-02298,2025-08-11,C0001,P012,13,320000,0.1,3744000,2990000,754000
SO-02299,2025-08-11,C0386,P002,5,59000,0,295000,190000,105000
SO-02300,2025-08-11,C0261,P009,4,690000,0.1,2484000,2080000,404000
SO-02301,2025-08-11,C0360,P003,1,140000,0.03,135800,95000,40800
SO-02302,2025-08-11,C0297,P006,1,130000,0.03,126100,85000,41100
SO-02303,2025-08-11,C0182,P005,1,180000,0.05,171000,120000,51000
SO-02304,2025-08-11,C0034,P011,2,27000,0.05,51300,32000,19300
SO-02305,2025-08-11,C0129,P008,8,420000,0.1,3024000,2480000,544000
SO-02306,2025-08-11,C0293,P011,1,27000,0.05,25650,16000,9650
SO-02307,2025-08-11,C0172,P002,14,59000,0.12,726880,532000,194880
SO-02308,2025-08-11,C0327,P002,4,59000,0.03,228920,152000,76920
SO-02309,2025-08-11,C0085,P001,13,65000,0.08,777400,546000,231400
SO-02310,2025-08-11,C0085,P011,3,27000,0.05,76950,48000,28950
SO-02311,2025-08-11,C0067,P002,6,59000,0.1,318600,228000,90600
SO-02312,2025-08-12,C0366,P006,2,130000,0.08,239200,170000,69200
SO-02313,2025-08-12,C0296,P007,14,98000,0.08,1262240,980000,282240
SO-02314,2025-08-12,C0376,P010,6,72000,0.05,410400,288000,122400
SO-02315,2025-08-12,C0289,P001,2,65000,0.12,114400,84000,30400
SO-02316,2025-08-12,C0079,P004,13,47000,0.1,549900,364000,185900
SO-02317,2025-08-12,C0077,P002,1,59000,0,59000,38000,21000
SO-02318,2025-08-12,C0069,P011,5,27000,0.08,124200,80000,44200
SO-02319,2025-08-12,C0217,P009,2,690000,0.05,1311000,1040000,271000
SO-02320,2025-08-12,C0208,P009,2,690000,0,1380000,1040000,340000
SO-02321,2025-08-12,C0074,P001,5,65000,0.05,308750,210000,98750
SO-02322,2025-08-12,C0060,P001,6,65000,0.08,358800,252000,106800
SO-02323,2025-08-12,C0094,P010,11,72000,0.1,712800,528000,184800
SO-02324,2025-08-13,C0172,P001,2,65000,0.08,119600,84000,35600
SO-02325,2025-08-13,C0010,P006,5,130000,0.03,630500,425000,205500
SO-02326,2025-08-13,C0354,P001,1,65000,0.03,63050,42000,21050
SO-02327,2025-08-13,C0324,P012,10,320000,0.1,2880000,2300000,580000
SO-02328,2025-08-13,C0015,P010,8,72000,0.05,547200,384000,163200
SO-02329,2025-08-13,C0156,P004,5,47000,0.03,227950,140000,87950
SO-02330,2025-08-13,C0106,P005,4,180000,0,720000,480000,240000
SO-02331,2025-08-13,C0065,P004,6,47000,0.05,267900,168000,99900
SO-02332,2025-08-13,C0371,P011,2,27000,0.05,51300,32000,19300
SO-02333,2025-08-13,C0377,P010,1,72000,0,72000,48000,24000
SO-02334,2025-08-13,C0211,P001,2,65000,0.08,119600,84000,35600
SO-02335,2025-08-14,C0396,P006,3,130000,0.05,370500,255000,115500
SO-02336,2025-08-14,C0038,P001,3,65000,0.03,189150,126000,63150
SO-02337,2025-08-14,C0112,P005,4,180000,0.03,698400,480000,218400
SO-02338,2025-08-14,C0031,P004,5,47000,0,235000,140000,95000
SO-02339,2025-08-14,C0084,P001,2,65000,0.03,126100,84000,42100
SO-02340,2025-08-14,C0410,P001,11,65000,0.1,643500,462000,181500
SO-02341,2025-08-14,C0411,P001,1,65000,0,65000,42000,23000
SO-02342,2025-08-14,C0076,P007,1,98000,0.05,93100,70000,23100
SO-02343,2025-08-14,C0163,P002,3,59000,0.05,168150,114000,54150
SO-02344,2025-08-14,C0176,P010,2,72000,0,144000,96000,48000
SO-02345,2025-08-14,C0413,P001,2,65000,0,130000,84000,46000
SO-02346,2025-08-14,C0009,P005,14,180000,0.05,2394000,1680000,714000
SO-02347,2025-08-14,C0170,P002,3,59000,0.08,162840,114000,48840
SO-02348,2025-08-14,C0361,P007,5,98000,0,490000,350000,140000
SO-02349,2025-08-15,C0073,P007,8,98000,0.05,744800,560000,184800
SO-02350,2025-08-15,C0165,P007,1,98000,0.05,93100,70000,23100
SO-02351,2025-08-15,C0120,P002,2,59000,0.05,112100,76000,36100
SO-02352,2025-08-15,C0411,P002,1,59000,0.05,56050,38000,18050
SO-02353,2025-08-15,C0041,P004,11,47000,0.08,475640,308000,167640
SO-02354,2025-08-15,C0190,P010,3,72000,0,216000,144000,72000
SO-02355,2025-08-15,C0064,P010,1,72000,0,72000,48000,24000
SO-02356,2025-08-15,C0017,P004,3,47000,0,141000,84000,57000
SO-02357,2025-08-15,C0089,P011,4,27000,0,108000,64000,44000
SO-02358,2025-08-15,C0220,P004,5,47000,0.05,223250,140000,83250
SO-02359,2025-08-15,C0044,P008,3,420000,0,1260000,930000,330000
SO-02360,2025-08-15,C0200,P004,2,47000,0.05,89300,56000,33300
SO-02361,2025-08-15,C0342,P001,5,65000,0.08,299000,210000,89000
SO-02362,2025-08-15,C0368,P010,5,72000,0,360000,240000,120000
SO-02363,2025-08-15,C0225,P007,14,98000,0.12,1207360,980000,227360
SO-02364,2025-08-15,C0062,P011,6,27000,0.05,153900,96000,57900
SO-02365,2025-08-15,C0378,P009,2,690000,0.05,1311000,1040000,271000
SO-02366,2025-08-16,C0080,P010,1,72000,0.05,68400,48000,20400
SO-02367,2025-08-16,C0316,P011,1,27000,0.05,25650,16000,9650
SO-02368,2025-08-16,C0035,P011,2,27000,0,54000,32000,22000
SO-02369,2025-08-16,C0018,P002,13,59000,0.05,728650,494000,234650
SO-02370,2025-08-16,C0315,P012,3,320000,0,960000,690000,270000
SO-02371,2025-08-16,C0258,P002,6,59000,0.1,318600,228000,90600
SO-02372,2025-08-17,C0241,P001,4,65000,0,260000,168000,92000
SO-02373,2025-08-17,C0210,P004,1,47000,0.03,45590,28000,17590
SO-02374,2025-08-17,C0066,P011,1,27000,0.03,26190,16000,10190
SO-02375,2025-08-17,C0372,P002,4,59000,0.12,207680,152000,55680
SO-02376,2025-08-17,C0285,P002,4,59000,0,236000,152000,84000
SO-02377,2025-08-18,C0026,P004,4,47000,0.12,165440,112000,53440
SO-02378,2025-08-18,C0219,P011,8,27000,0.05,205200,128000,77200
SO-02379,2025-08-18,C0130,P004,3,47000,0.03,136770,84000,52770
SO-02380,2025-08-18,C0066,P003,1,140000,0.03,135800,95000,40800
SO-02381,2025-08-18,C0157,P007,2,98000,0.03,190120,140000,50120
SO-02382,2025-08-18,C0175,P001,2,65000,0,130000,84000,46000
SO-02383,2025-08-18,C0284,P008,2,420000,0,840000,620000,220000
SO-02384,2025-08-18,C0242,P004,1,47000,0.03,45590,28000,17590
SO-02385,2025-08-18,C0116,P004,5,47000,0,235000,140000,95000
SO-02386,2025-08-18,C0035,P004,1,47000,0.03,45590,28000,17590
SO-02387,2025-08-18,C0327,P004,5,47000,0,235000,140000,95000
SO-02388,2025-08-18,C0028,P011,4,27000,0,108000,64000,44000
SO-02389,2025-08-19,C0107,P007,5,98000,0,490000,350000,140000
SO-02390,2025-08-19,C0412,P002,1,59000,0,59000,38000,21000
SO-02391,2025-08-19,C0053,P007,1,98000,0.03,95060,70000,25060
SO-02392,2025-08-19,C0139,P007,3,98000,0.08,270480,210000,60480
SO-02393,2025-08-19,C0116,P007,4,98000,0.05,372400,280000,92400
SO-02394,2025-08-19,C0306,P002,4,59000,0,236000,152000,84000
SO-02395,2025-08-19,C0278,P006,2,130000,0.1,234000,170000,64000
SO-02396,2025-08-19,C0237,P004,12,47000,0.1,507600,336000,171600
SO-02397,2025-08-19,C0323,P009,14,690000,0.05,9177000,7280000,1897000
SO-02398,2025-08-19,C0164,P004,9,47000,0.08,389160,252000,137160
SO-02399,2025-08-19,C0223,P011,5,27000,0.03,130950,80000,50950
SO-02400,2025-08-19,C0047,P010,3,72000,0.03,209520,144000,65520
SO-02401,2025-08-19,C0181,P001,1,65000,0.03,63050,42000,21050
SO-02402,2025-08-20,C0416,P011,9,27000,0.05,230850,144000,86850
SO-02403,2025-08-20,C0193,P001,2,65000,0.03,126100,84000,42100
SO-02404,2025-08-20,C0091,P010,4,72000,0.03,279360,192000,87360
SO-02405,2025-08-20,C0052,P012,5,320000,0,1600000,1150000,450000
SO-02406,2025-08-20,C0271,P011,2,27000,0.03,52380,32000,20380
SO-02407,2025-08-20,C0120,P004,2,47000,0,94000,56000,38000
SO-02408,2025-08-20,C0417,P001,4,65000,0.05,247000,168000,79000
SO-02409,2025-08-20,C0238,P010,6,72000,0.1,388800,288000,100800
SO-02410,2025-08-20,C0381,P010,4,72000,0,288000,192000,96000
SO-02411,2025-08-20,C0055,P001,11,65000,0.1,643500,462000,181500
SO-02412,2025-08-20,C0115,P007,3,98000,0,294000,210000,84000
SO-02413,2025-08-20,C0315,P002,3,59000,0,177000,114000,63000
SO-02414,2025-08-20,C0344,P003,1,140000,0.03,135800,95000,40800
SO-02415,2025-08-20,C0192,P005,4,180000,0,720000,480000,240000
SO-02416,2025-08-20,C0170,P002,7,59000,0.05,392350,266000,126350
SO-02417,2025-08-20,C0115,P012,2,320000,0.03,620800,460000,160800
SO-02418,2025-08-20,C0021,P004,2,47000,0.03,91180,56000,35180
SO-02419,2025-08-21,C0370,P002,2,59000,0,118000,76000,42000
SO-02420,2025-08-21,C0090,P003,2,140000,0.05,266000,190000,76000
SO-02421,2025-08-21,C0361,P004,2,47000,0.05,89300,56000,33300
SO-02422,2025-08-21,C0183,P004,9,47000,0.05,401850,252000,149850
SO-02423,2025-08-21,C0273,P001,1,65000,0,65000,42000,23000
SO-02424,2025-08-21,C0052,P004,4,47000,0.05,178600,112000,66600
SO-02425,2025-08-21,C0176,P009,2,690000,0.03,1338600,1040000,298600
SO-02426,2025-08-21,C0240,P011,3,27000,0,81000,48000,33000
SO-02427,2025-08-21,C0107,P002,5,59000,0.05,280250,190000,90250
SO-02428,2025-08-21,C0163,P004,3,47000,0.12,124080,84000,40080
SO-02429,2025-08-22,C0148,P002,4,59000,0.05,224200,152000,72200
SO-02430,2025-08-22,C0040,P010,2,72000,0,144000,96000,48000
SO-02431,2025-08-22,C0044,P008,1,420000,0.05,399000,310000,89000
SO-02432,2025-08-22,C0354,P005,5,180000,0,900000,600000,300000
SO-02433,2025-08-22,C0032,P004,5,47000,0,235000,140000,95000
SO-02434,2025-08-22,C0138,P010,6,72000,0.1,388800,288000,100800
SO-02435,2025-08-22,C0321,P010,4,72000,0,288000,192000,96000
SO-02436,2025-08-22,C0034,P007,13,98000,0.05,1210300,910000,300300
SO-02437,2025-08-22,C0100,P010,3,72000,0,216000,144000,72000
SO-02438,2025-08-23,C0215,P005,3,180000,0.05,513000,360000,153000
SO-02439,2025-08-23,C0325,P010,5,72000,0,360000,240000,120000
SO-02440,2025-08-23,C0270,P007,1,98000,0.03,95060,70000,25060
SO-02441,2025-08-23,C0013,P011,8,27000,0.05,205200,128000,77200
SO-02442,2025-08-23,C0282,P001,1,65000,0.05,61750,42000,19750
SO-02443,2025-08-24,C0023,P011,8,27000,0.08,198720,128000,70720
SO-02444,2025-08-24,C0076,P004,1,47000,0,47000,28000,19000
SO-02445,2025-08-24,C0090,P006,3,130000,0.03,378300,255000,123300
SO-02446,2025-08-24,C0146,P005,14,180000,0.12,2217600,1680000,537600
SO-02447,2025-08-24,C0261,P004,12,47000,0.1,507600,336000,171600
SO-02448,2025-08-24,C0385,P010,9,72000,0.12,570240,432000,138240
SO-02449,2025-08-25,C0228,P012,8,320000,0.12,2252800,1840000,412800
SO-02450,2025-08-25,C0274,P007,1,98000,0.03,95060,70000,25060
SO-02451,2025-08-25,C0040,P007,2,98000,0.03,190120,140000,50120
SO-02452,2025-08-25,C0307,P007,2,98000,0,196000,140000,56000
SO-02453,2025-08-25,C0247,P010,3,72000,0.03,209520,144000,65520
SO-02454,2025-08-25,C0215,P011,12,27000,0.12,285120,192000,93120
SO-02455,2025-08-25,C0022,P010,2,72000,0,144000,96000,48000
SO-02456,2025-08-25,C0204,P004,10,47000,0.12,413600,280000,133600
SO-02457,2025-08-25,C0159,P010,1,72000,0.03,69840,48000,21840
SO-02458,2025-08-25,C0153,P007,2,98000,0,196000,140000,56000
SO-02459,2025-08-25,C0172,P010,7,72000,0.05,478800,336000,142800
SO-02460,2025-08-25,C0175,P004,1,47000,0.03,45590,28000,17590
SO-02461,2025-08-26,C0032,P004,1,47000,0.03,45590,28000,17590
SO-02462,2025-08-26,C0368,P004,1,47000,0.05,44650,28000,16650
SO-02463,2025-08-26,C0045,P005,13,180000,0.12,2059200,1560000,499200
SO-02464,2025-08-26,C0034,P005,8,180000,0.12,1267200,960000,307200
SO-02465,2025-08-26,C0056,P001,13,65000,0.12,743600,546000,197600
SO-02466,2025-08-26,C0249,P002,2,59000,0.05,112100,76000,36100
SO-02467,2025-08-26,C0037,P010,11,72000,0.08,728640,528000,200640
SO-02468,2025-08-26,C0145,P006,3,130000,0.03,378300,255000,123300
SO-02469,2025-08-26,C0091,P004,3,47000,0,141000,84000,57000
SO-02470,2025-08-26,C0003,P004,3,47000,0.05,133950,84000,49950
SO-02471,2025-08-27,C0176,P012,2,320000,0,640000,460000,180000
SO-02472,2025-08-27,C0149,P010,4,72000,0.03,279360,192000,87360
SO-02473,2025-08-27,C0391,P002,1,59000,0,59000,38000,21000
SO-02474,2025-08-27,C0153,P009,1,690000,0,690000,520000,170000
SO-02475,2025-08-27,C0104,P007,3,98000,0,294000,210000,84000
SO-02476,2025-08-27,C0279,P006,1,130000,0.05,123500,85000,38500
SO-02477,2025-08-27,C0168,P012,13,320000,0.08,3827200,2990000,837200
SO-02478,2025-08-27,C0066,P010,2,72000,0.05,136800,96000,40800
SO-02479,2025-08-27,C0133,P012,3,320000,0.05,912000,690000,222000
SO-02480,2025-08-27,C0244,P011,1,27000,0.03,26190,16000,10190
SO-02481,2025-08-27,C0372,P011,8,27000,0.08,198720,128000,70720
SO-02482,2025-08-27,C0320,P001,11,65000,0.05,679250,462000,217250
SO-02483,2025-08-27,C0077,P010,2,72000,0.03,139680,96000,43680
SO-02484,2025-08-27,C0350,P002,3,59000,0.03,171690,114000,57690
SO-02485,2025-08-28,C0325,P010,3,72000,0,216000,144000,72000
SO-02486,2025-08-28,C0149,P011,5,27000,0,135000,80000,55000
SO-02487,2025-08-28,C0117,P007,10,98000,0.12,862400,700000,162400
SO-02488,2025-08-28,C0211,P011,8,27000,0.08,198720,128000,70720
SO-02489,2025-08-28,C0180,P010,4,72000,0,288000,192000,96000
SO-02490,2025-08-28,C0089,P001,4,65000,0,260000,168000,92000
SO-02491,2025-08-28,C0225,P010,13,72000,0.12,823680,624000,199680
SO-02492,2025-08-28,C0026,P004,12,47000,0.08,518880,336000,182880
SO-02493,2025-08-28,C0359,P010,5,72000,0,360000,240000,120000
SO-02494,2025-08-28,C0026,P001,5,65000,0.12,286000,210000,76000
SO-02495,2025-08-28,C0091,P001,3,65000,0.05,185250,126000,59250
SO-02496,2025-08-28,C0097,P002,3,59000,0,177000,114000,63000
SO-02497,2025-08-28,C0174,P005,1,180000,0.05,171000,120000,51000
SO-02498,2025-08-28,C0211,P007,7,98000,0.12,603680,490000,113680
SO-02499,2025-08-28,C0112,P009,5,690000,0,3450000,2600000,850000
SO-02500,2025-08-29,C0099,P007,9,98000,0.12,776160,630000,146160
SO-02501,2025-08-29,C0299,P007,3,98000,0.05,279300,210000,69300
SO-02502,2025-08-29,C0210,P007,2,98000,0,196000,140000,56000
SO-02503,2025-08-29,C0028,P002,2,59000,0,118000,76000,42000
SO-02504,2025-08-29,C0404,P002,2,59000,0,118000,76000,42000
SO-02505,2025-08-29,C0308,P004,4,47000,0,188000,112000,76000
SO-02506,2025-08-29,C0041,P003,8,140000,0.12,985600,760000,225600
SO-02507,2025-08-29,C0112,P001,5,65000,0,325000,210000,115000
SO-02508,2025-08-29,C0267,P004,3,47000,0.12,124080,84000,40080
SO-02509,2025-08-29,C0001,P001,13,65000,0.08,777400,546000,231400
SO-02510,2025-08-29,C0246,P007,2,98000,0.05,186200,140000,46200
SO-02511,2025-08-29,C0118,P010,4,72000,0.1,259200,192000,67200
SO-02512,2025-08-29,C0351,P002,1,59000,0,59000,38000,21000
SO-02513,2025-08-29,C0150,P003,3,140000,0,420000,285000,135000
SO-02514,2025-08-29,C0319,P010,1,72000,0.05,68400,48000,20400
SO-02515,2025-08-30,C0225,P007,8,98000,0.12,689920,560000,129920
SO-02516,2025-08-30,C0310,P004,3,47000,0.08,129720,84000,45720
SO-02517,2025-08-30,C0005,P002,5,59000,0,295000,190000,105000
SO-02518,2025-08-30,C0048,P007,1,98000,0,98000,70000,28000
SO-02519,2025-08-30,C0282,P005,2,180000,0.03,349200,240000,109200
SO-02520,2025-08-30,C0065,P011,14,27000,0.08,347760,224000,123760
SO-02521,2025-08-31,C0323,P001,3,65000,0.1,175500,126000,49500
SO-02522,2025-08-31,C0148,P002,3,59000,0,177000,114000,63000
SO-02523,2025-08-31,C0138,P006,14,130000,0.08,1674400,1190000,484400
SO-02524,2025-08-31,C0281,P004,4,47000,0,188000,112000,76000
SO-02525,2025-08-31,C0262,P010,2,72000,0.1,129600,96000,33600
SO-02526,2025-08-31,C0244,P011,2,27000,0,54000,32000,22000
SO-02527,2025-09-01,C0284,P001,2,65000,0,130000,84000,46000
SO-02528,2025-09-01,C0056,P012,7,320000,0.12,1971200,1610000,361200
SO-02529,2025-09-01,C0135,P010,1,72000,0,72000,48000,24000
SO-02530,2025-09-01,C0004,P004,5,47000,0,235000,140000,95000
SO-02531,2025-09-01,C0302,P007,4,98000,0.05,372400,280000,92400
SO-02532,2025-09-01,C0028,P002,2,59000,0.03,114460,76000,38460
SO-02533,2025-09-01,C0075,P003,10,140000,0.05,1330000,950000,380000
SO-02534,2025-09-01,C0141,P003,2,140000,0.03,271600,190000,81600
SO-02535,2025-09-01,C0317,P009,3,690000,0.03,2007900,1560000,447900
SO-02536,2025-09-01,C0263,P003,2,140000,0.03,271600,190000,81600
SO-02537,2025-09-01,C0044,P007,1,98000,0.03,95060,70000,25060
SO-02538,2025-09-01,C0034,P011,13,27000,0.05,333450,208000,125450
SO-02539,2025-09-01,C0101,P010,2,72000,0.03,139680,96000,43680
SO-02540,2025-09-01,C0084,P011,1,27000,0,27000,16000,11000
SO-02541,2025-09-01,C0134,P008,3,420000,0.08,1159200,930000,229200
SO-02542,2025-09-01,C0186,P003,2,140000,0.05,266000,190000,76000
SO-02543,2025-09-02,C0258,P007,12,98000,0.08,1081920,840000,241920
SO-02544,2025-09-02,C0296,P005,12,180000,0.12,1900800,1440000,460800
SO-02545,2025-09-02,C0218,P012,2,320000,0.05,608000,460000,148000
SO-02546,2025-09-02,C0061,P001,5,65000,0.05,308750,210000,98750
SO-02547,2025-09-02,C0295,P002,2,59000,0.03,114460,76000,38460
SO-02548,2025-09-02,C0159,P004,3,47000,0.05,133950,84000,49950
SO-02549,2025-09-02,C0034,P008,7,420000,0.08,2704800,2170000,534800
SO-02550,2025-09-02,C0285,P011,1,27000,0,27000,16000,11000
SO-02551,2025-09-02,C0276,P012,4,320000,0.05,1216000,920000,296000
SO-02552,2025-09-02,C0198,P001,3,65000,0.05,185250,126000,59250
SO-02553,2025-09-02,C0332,P012,12,320000,0.08,3532800,2760000,772800
SO-02554,2025-09-02,C0359,P004,3,47000,0,141000,84000,57000
SO-02555,2025-09-02,C0167,P001,4,65000,0,260000,168000,92000
SO-02556,2025-09-02,C0020,P001,2,65000,0.05,123500,84000,39500
SO-02557,2025-09-02,C0353,P001,7,65000,0.1,409500,294000,115500
SO-02558,2025-09-02,C0007,P002,7,59000,0.05,392350,266000,126350
SO-02559,2025-09-02,C0188,P008,13,420000,0.12,4804800,4030000,774800
SO-02560,2025-09-02,C0401,P003,1,140000,0,140000,95000,45000
SO-02561,2025-09-03,C0279,P010,4,72000,0,288000,192000,96000
SO-02562,2025-09-03,C0147,P010,10,72000,0.05,684000,480000,204000
SO-02563,2025-09-03,C0057,P002,4,59000,0,236000,152000,84000
SO-02564,2025-09-03,C0202,P008,2,420000,0,840000,620000,220000
SO-02565,2025-09-03,C0401,P001,3,65000,0.03,189150,126000,63150
SO-02566,2025-09-03,C0060,P002,3,59000,0.05,168150,114000,54150
SO-02567,2025-09-03,C0392,P001,5,65000,0.1,292500,210000,82500
SO-02568,2025-09-04,C0161,P001,7,65000,0.12,400400,294000,106400
SO-02569,2025-09-04,C0078,P011,1,27000,0,27000,16000,11000
SO-02570,2025-09-04,C0167,P001,2,65000,0,130000,84000,46000
SO-02571,2025-09-04,C0419,P001,5,65000,0,325000,210000,115000
SO-02572,2025-09-04,C0230,P012,8,320000,0.05,2432000,1840000,592000
SO-02573,2025-09-04,C0269,P006,2,130000,0,260000,170000,90000
SO-02574,2025-09-04,C0051,P001,3,65000,0.03,189150,126000,63150
SO-02575,2025-09-04,C0324,P006,9,130000,0.1,1053000,765000,288000
SO-02576,2025-09-04,C0175,P010,1,72000,0.03,69840,48000,21840
SO-02577,2025-09-04,C0413,P007,4,98000,0.05,372400,280000,92400
SO-02578,2025-09-04,C0114,P011,1,27000,0.05,25650,16000,9650
SO-02579,2025-09-04,C0263,P004,3,47000,0.03,136770,84000,52770
SO-02580,2025-09-04,C0100,P011,5,27000,0,135000,80000,55000
SO-02581,2025-09-04,C0413,P009,2,690000,0.03,1338600,1040000,298600
SO-02582,2025-09-04,C0267,P012,2,320000,0.1,576000,460000,116000
SO-02583,2025-09-04,C0180,P007,5,98000,0,490000,350000,140000
SO-02584,2025-09-05,C0168,P007,13,98000,0.08,1172080,910000,262080
SO-02585,2025-09-05,C0114,P002,2,59000,0,118000,76000,42000
SO-02586,2025-09-05,C0232,P002,1,59000,0,59000,38000,21000
SO-02587,2025-09-05,C0246,P001,1,65000,0.03,63050,42000,21050
SO-02588,2025-09-05,C0153,P002,1,59000,0,59000,38000,21000
SO-02589,2025-09-05,C0091,P003,4,140000,0.05,532000,380000,152000
SO-02590,2025-09-05,C0017,P002,1,59000,0.05,56050,38000,18050
SO-02591,2025-09-05,C0039,P005,1,180000,0.05,171000,120000,51000
SO-02592,2025-09-05,C0019,P009,4,690000,0.03,2677200,2080000,597200
SO-02593,2025-09-05,C0332,P002,7,59000,0.08,379960,266000,113960
SO-02594,2025-09-05,C0356,P005,1,180000,0.03,174600,120000,54600
SO-02595,2025-09-05,C0055,P007,10,98000,0.08,901600,700000,201600
SO-02596,2025-09-05,C0073,P002,4,59000,0.08,217120,152000,65120
SO-02597,2025-09-05,C0009,P011,8,27000,0.1,194400,128000,66400
SO-02598,2025-09-05,C0283,P004,2,47000,0.05,89300,56000,33300
SO-02599,2025-09-05,C0018,P012,10,320000,0.05,3040000,2300000,740000
SO-02600,2025-09-05,C0059,P010,7,72000,0.1,453600,336000,117600
SO-02601,2025-09-05,C0316,P001,4,65000,0.03,252200,168000,84200
SO-02602,2025-09-06,C0036,P006,2,130000,0,260000,170000,90000
SO-02603,2025-09-06,C0381,P007,5,98000,0,490000,350000,140000
SO-02604,2025-09-06,C0368,P001,2,65000,0,130000,84000,46000
SO-02605,2025-09-06,C0396,P004,10,47000,0.08,432400,280000,152400
SO-02606,2025-09-06,C0209,P007,11,98000,0.08,991760,770000,221760
SO-02607,2025-09-06,C0344,P011,2,27000,0.03,52380,32000,20380
SO-02608,2025-09-06,C0146,P006,14,130000,0.1,1638000,1190000,448000
SO-02609,2025-09-07,C0242,P006,1,130000,0,130000,85000,45000
SO-02610,2025-09-07,C0237,P010,4,72000,0.1,259200,192000,67200
SO-02611,2025-09-07,C0174,P005,2,180000,0.05,342000,240000,102000
SO-02612,2025-09-07,C0074,P004,5,47000,0.12,206800,140000,66800
SO-02613,2025-09-08,C0238,P007,10,98000,0.1,882000,700000,182000
SO-02614,2025-09-08,C0249,P011,1,27000,0.05,25650,16000,9650
SO-02615,2025-09-08,C0228,P008,14,420000,0.05,5586000,4340000,1246000
SO-02616,2025-09-08,C0364,P007,4,98000,0.12,344960,280000,64960
SO-02617,2025-09-08,C0042,P007,1,98000,0,98000,70000,28000
SO-02618,2025-09-08,C0330,P005,1,180000,0.03,174600,120000,54600
SO-02619,2025-09-08,C0383,P004,4,47000,0.03,182360,112000,70360
SO-02620,2025-09-08,C0306,P001,1,65000,0.05,61750,42000,19750
SO-02621,2025-09-08,C0255,P004,5,47000,0,235000,140000,95000
SO-02622,2025-09-08,C0283,P002,1,59000,0.05,56050,38000,18050
SO-02623,2025-09-08,C0399,P004,4,47000,0,188000,112000,76000
SO-02624,2025-09-08,C0013,P010,9,72000,0.12,570240,432000,138240
SO-02625,2025-09-08,C0381,P005,2,180000,0.03,349200,240000,109200
SO-02626,2025-09-08,C0109,P010,2,72000,0.05,136800,96000,40800
SO-02627,2025-09-09,C0241,P011,5,27000,0.05,128250,80000,48250
SO-02628,2025-09-09,C0012,P012,1,320000,0,320000,230000,90000
SO-02629,2025-09-09,C0239,P001,9,65000,0.08,538200,378000,160200
SO-02630,2025-09-09,C0311,P011,3,27000,0.03,78570,48000,30570
SO-02631,2025-09-09,C0087,P004,5,47000,0.12,206800,140000,66800
SO-02632,2025-09-09,C0190,P004,3,47000,0.05,133950,84000,49950
SO-02633,2025-09-09,C0403,P011,1,27000,0,27000,16000,11000
SO-02634,2025-09-09,C0024,P008,2,420000,0.03,814800,620000,194800
SO-02635,2025-09-09,C0367,P001,4,65000,0.05,247000,168000,79000
SO-02636,2025-09-09,C0354,P011,5,27000,0,135000,80000,55000
SO-02637,2025-09-09,C0014,P002,1,59000,0,59000,38000,21000
SO-02638,2025-09-09,C0201,P001,1,65000,0.03,63050,42000,21050
SO-02639,2025-09-09,C0241,P001,1,65000,0,65000,42000,23000
SO-02640,2025-09-09,C0228,P002,4,59000,0.1,212400,152000,60400
SO-02641,2025-09-09,C0082,P006,2,130000,0,260000,170000,90000
SO-02642,2025-09-09,C0030,P005,3,180000,0.05,513000,360000,153000
SO-02643,2025-09-09,C0164,P010,2,72000,0.12,126720,96000,30720
SO-02644,2025-09-10,C0098,P002,14,59000,0.05,784700,532000,252700
SO-02645,2025-09-10,C0347,P007,2,98000,0,196000,140000,56000
SO-02646,2025-09-10,C0081,P006,2,130000,0.05,247000,170000,77000
SO-02647,2025-09-10,C0179,P010,5,72000,0.08,331200,240000,91200
SO-02648,2025-09-10,C0197,P002,1,59000,0,59000,38000,21000
SO-02649,2025-09-10,C0348,P004,2,47000,0.05,89300,56000,33300
SO-02650,2025-09-10,C0028,P007,3,98000,0.03,285180,210000,75180
SO-02651,2025-09-10,C0045,P006,7,130000,0.05,864500,595000,269500
SO-02652,2025-09-10,C0054,P005,4,180000,0.03,698400,480000,218400
SO-02653,2025-09-10,C0218,P012,1,320000,0.03,310400,230000,80400
SO-02654,2025-09-10,C0392,P002,5,59000,0.12,259600,190000,69600
SO-02655,2025-09-10,C0298,P008,5,420000,0,2100000,1550000,550000
SO-02656,2025-09-10,C0063,P002,5,59000,0,295000,190000,105000
SO-02657,2025-09-10,C0069,P002,8,59000,0.1,424800,304000,120800
SO-02658,2025-09-10,C0233,P001,2,65000,0,130000,84000,46000
SO-02659,2025-09-11,C0186,P002,1,59000,0,59000,38000,21000
SO-02660,2025-09-11,C0169,P002,1,59000,0,59000,38000,21000
SO-02661,2025-09-11,C0002,P006,4,130000,0.03,504400,340000,164400
SO-02662,2025-09-11,C0144,P007,4,98000,0,392000,280000,112000
SO-02663,2025-09-11,C0313,P004,1,47000,0,47000,28000,19000
SO-02664,2025-09-11,C0239,P010,13,72000,0.1,842400,624000,218400
SO-02665,2025-09-11,C0113,P007,2,98000,0.05,186200,140000,46200
SO-02666,2025-09-11,C0252,P007,5,98000,0.05,465500,350000,115500
SO-02667,2025-09-11,C0211,P007,4,98000,0.12,344960,280000,64960
SO-02668,2025-09-11,C0108,P010,3,72000,0.03,209520,144000,65520
SO-02669,2025-09-11,C0252,P011,4,27000,0,108000,64000,44000
SO-02670,2025-09-11,C0169,P001,5,65000,0.05,308750,210000,98750
SO-02671,2025-09-12,C0332,P004,13,47000,0.1,549900,364000,185900
SO-02672,2025-09-12,C0308,P011,1,27000,0,27000,16000,11000
SO-02673,2025-09-12,C0210,P002,2,59000,0.03,114460,76000,38460
SO-02674,2025-09-12,C0405,P002,12,59000,0.12,623040,456000,167040
SO-02675,2025-09-12,C0114,P011,2,27000,0,54000,32000,22000
SO-02676,2025-09-12,C0206,P001,1,65000,0,65000,42000,23000
SO-02677,2025-09-12,C0287,P011,4,27000,0.03,104760,64000,40760
SO-02678,2025-09-13,C0394,P010,14,72000,0.05,957600,672000,285600
SO-02679,2025-09-13,C0309,P012,4,320000,0.1,1152000,920000,232000
SO-02680,2025-09-13,C0125,P002,3,59000,0.05,168150,114000,54150
SO-02681,2025-09-13,C0195,P010,9,72000,0.05,615600,432000,183600
SO-02682,2025-09-13,C0194,P011,13,27000,0.08,322920,208000,114920
SO-02683,2025-09-13,C0256,P002,7,59000,0.1,371700,266000,105700
SO-02684,2025-09-13,C0141,P010,1,72000,0,72000,48000,24000
SO-02685,2025-09-14,C0127,P007,3,98000,0,294000,210000,84000
SO-02686,2025-09-14,C0304,P011,11,27000,0.05,282150,176000,106150
SO-02687,2025-09-14,C0048,P011,4,27000,0.05,102600,64000,38600
SO-02688,2025-09-14,C0257,P002,1,59000,0.03,57230,38000,19230
SO-02689,2025-09-15,C0395,P006,2,130000,0,260000,170000,90000
SO-02690,2025-09-15,C0188,P006,7,130000,0.05,864500,595000,269500
SO-02691,2025-09-15,C0250,P002,1,59000,0,59000,38000,21000
SO-02692,2025-09-15,C0261,P007,7,98000,0.08,631120,490000,141120
SO-02693,2025-09-15,C0242,P002,3,59000,0,177000,114000,63000
SO-02694,2025-09-15,C0040,P005,2,180000,0,360000,240000,120000
SO-02695,2025-09-15,C0332,P005,13,180000,0.05,2223000,1560000,663000
SO-02696,2025-09-15,C0323,P005,14,180000,0.1,2268000,1680000,588000
SO-02697,2025-09-15,C0355,P002,5,59000,0,295000,190000,105000
SO-02698,2025-09-15,C0345,P010,4,72000,0,288000,192000,96000
SO-02699,2025-09-15,C0148,P011,5,27000,0,135000,80000,55000
SO-02700,2025-09-15,C0397,P004,1,47000,0.03,45590,28000,17590
SO-02701,2025-09-15,C0011,P004,2,47000,0,94000,56000,38000
SO-02702,2025-09-15,C0375,P011,13,27000,0.05,333450,208000,125450
SO-02703,2025-09-15,C0135,P007,2,98000,0.05,186200,140000,46200
SO-02704,2025-09-15,C0100,P006,5,130000,0.03,630500,425000,205500
SO-02705,2025-09-15,C0128,P010,1,72000,0,72000,48000,24000
SO-02706,2025-09-15,C0225,P001,3,65000,0.1,175500,126000,49500
SO-02707,2025-09-16,C0320,P003,5,140000,0.05,665000,475000,190000
SO-02708,2025-09-16,C0402,P001,5,65000,0.03,315250,210000,105250
SO-02709,2025-09-16,C0410,P004,4,47000,0.05,178600,112000,66600
SO-02710,2025-09-16,C0234,P007,6,98000,0.08,540960,420000,120960
SO-02711,2025-09-16,C0069,P001,4,65000,0.12,228800,168000,60800
SO-02712,2025-09-16,C0315,P010,4,72000,0,288000,192000,96000
SO-02713,2025-09-16,C0021,P012,2,320000,0,640000,460000,180000
SO-02714,2025-09-16,C0240,P004,5,47000,0,235000,140000,95000
SO-02715,2025-09-16,C0251,P002,13,59000,0.12,674960,494000,180960
SO-02716,2025-09-16,C0075,P007,8,98000,0.08,721280,560000,161280
SO-02717,2025-09-16,C0236,P010,2,72000,0,144000,96000,48000
SO-02718,2025-09-16,C0165,P005,1,180000,0.05,171000,120000,51000
SO-02719,2025-09-16,C0317,P010,5,72000,0,360000,240000,120000
SO-02720,2025-09-17,C0273,P002,5,59000,0,295000,190000,105000
SO-02721,2025-09-17,C0315,P001,5,65000,0.05,308750,210000,98750
SO-02722,2025-09-17,C0040,P001,2,65000,0,130000,84000,46000
SO-02723,2025-09-17,C0239,P011,8,27000,0.1,194400,128000,66400
SO-02724,2025-09-17,C0112,P011,3,27000,0,81000,48000,33000
SO-02725,2025-09-17,C0246,P002,1,59000,0,59000,38000,21000
SO-02726,2025-09-17,C0105,P001,5,65000,0.05,308750,210000,98750
SO-02727,2025-09-17,C0114,P001,1,65000,0.03,63050,42000,21050
SO-02728,2025-09-17,C0073,P004,7,47000,0.1,296100,196000,100100
SO-02729,2025-09-17,C0269,P010,3,72000,0,216000,144000,72000
SO-02730,2025-09-17,C0187,P004,1,47000,0,47000,28000,19000
SO-02731,2025-09-18,C0121,P006,5,130000,0.1,585000,425000,160000
SO-02732,2025-09-18,C0033,P002,2,59000,0.03,114460,76000,38460
SO-02733,2025-09-18,C0216,P010,3,72000,0,216000,144000,72000
SO-02734,2025-09-18,C0305,P003,4,140000,0.03,543200,380000,163200
SO-02735,2025-09-18,C0013,P006,11,130000,0.08,1315600,935000,380600
SO-02736,2025-09-18,C0049,P006,11,130000,0.1,1287000,935000,352000
SO-02737,2025-09-18,C0403,P001,2,65000,0,130000,84000,46000
SO-02738,2025-09-18,C0252,P009,2,690000,0,1380000,1040000,340000
SO-02739,2025-09-18,C0107,P010,2,72000,0,144000,96000,48000
SO-02740,2025-09-18,C0068,P007,13,98000,0.12,1121120,910000,211120
SO-02741,2025-09-19,C0384,P004,5,47000,0.03,227950,140000,87950
SO-02742,2025-09-19,C0051,P002,3,59000,0,177000,114000,63000
SO-02743,2025-09-19,C0275,P011,10,27000,0.08,248400,160000,88400
SO-02744,2025-09-19,C0420,P002,5,59000,0.03,286150,190000,96150
SO-02745,2025-09-19,C0350,P002,2,59000,0.05,112100,76000,36100
SO-02746,2025-09-19,C0353,P011,12,27000,0.12,285120,192000,93120
SO-02747,2025-09-19,C0159,P011,2,27000,0.05,51300,32000,19300
SO-02748,2025-09-19,C0201,P010,2,72000,0.05,136800,96000,40800
SO-02749,2025-09-19,C0250,P001,5,65000,0,325000,210000,115000
SO-02750,2025-09-19,C0228,P004,13,47000,0.05,580450,364000,216450
SO-02751,2025-09-19,C0170,P005,5,180000,0.08,828000,600000,228000
SO-02752,2025-09-19,C0194,P009,13,690000,0.12,7893600,6760000,1133600
SO-02753,2025-09-19,C0185,P004,5,47000,0,235000,140000,95000
SO-02754,2025-09-19,C0116,P007,4,98000,0,392000,280000,112000
SO-02755,2025-09-19,C0316,P006,2,130000,0,260000,170000,90000
SO-02756,2025-09-19,C0178,P007,1,98000,0.05,93100,70000,23100
SO-02757,2025-09-20,C0021,P002,2,59000,0.03,114460,76000,38460
SO-02758,2025-09-20,C0020,P007,2,98000,0,196000,140000,56000
SO-02759,2025-09-20,C0202,P004,1,47000,0,47000,28000,19000
SO-02760,2025-09-20,C0048,P008,2,420000,0,840000,620000,220000
SO-02761,2025-09-20,C0332,P005,5,180000,0.1,810000,600000,210000
SO-02762,2025-09-20,C0108,P012,1,320000,0,320000,230000,90000
SO-02763,2025-09-21,C0048,P006,5,130000,0.03,630500,425000,205500
SO-02764,2025-09-21,C0316,P003,1,140000,0,140000,95000,45000
SO-02765,2025-09-21,C0376,P002,13,59000,0.12,674960,494000,180960
SO-02766,2025-09-21,C0291,P002,1,59000,0.03,57230,38000,19230
SO-02767,2025-09-21,C0025,P004,8,47000,0.12,330880,224000,106880
SO-02768,2025-09-21,C0271,P001,2,65000,0.03,126100,84000,42100
SO-02769,2025-09-22,C0018,P007,8,98000,0.1,705600,560000,145600
SO-02770,2025-09-22,C0183,P001,11,65000,0.12,629200,462000,167200
SO-02771,2025-09-22,C0032,P010,2,72000,0.05,136800,96000,40800
SO-02772,2025-09-22,C0383,P010,3,72000,0.05,205200,144000,61200
SO-02773,2025-09-22,C0041,P004,14,47000,0.1,592200,392000,200200
SO-02774,2025-09-22,C0127,P005,5,180000,0.05,855000,600000,255000
SO-02775,2025-09-22,C0260,P004,1,47000,0.05,44650,28000,16650
SO-02776,2025-09-22,C0315,P011,5,27000,0,135000,80000,55000
SO-02777,2025-09-22,C0216,P002,5,59000,0.03,286150,190000,96150
SO-02778,2025-09-23,C0325,P007,2,98000,0.05,186200,140000,46200
SO-02779,2025-09-23,C0074,P008,8,420000,0.1,3024000,2480000,544000
SO-02780,2025-09-23,C0153,P011,2,27000,0,54000,32000,22000
SO-02781,2025-09-23,C0387,P002,3,59000,0.03,171690,114000,57690
SO-02782,2025-09-23,C0081,P005,13,180000,0.12,2059200,1560000,499200
SO-02783,2025-09-23,C0069,P001,6,65000,0.08,358800,252000,106800
SO-02784,2025-09-23,C0007,P004,12,47000,0.1,507600,336000,171600
SO-02785,2025-09-23,C0201,P002,1,59000,0.05,56050,38000,18050
SO-02786,2025-09-23,C0070,P002,2,59000,0.12,103840,76000,27840
SO-02787,2025-09-23,C0382,P005,3,180000,0.03,523800,360000,163800
SO-02788,2025-09-23,C0154,P005,5,180000,0,900000,600000,300000
SO-02789,2025-09-23,C0049,P002,8,59000,0.05,448400,304000,144400
SO-02790,2025-09-24,C0064,P001,2,65000,0.03,126100,84000,42100
SO-02791,2025-09-24,C0195,P001,11,65000,0.1,643500,462000,181500
SO-02792,2025-09-24,C0383,P004,3,47000,0,141000,84000,57000
SO-02793,2025-09-24,C0348,P003,1,140000,0.03,135800,95000,40800
SO-02794,2025-09-24,C0299,P001,5,65000,0,325000,210000,115000
SO-02795,2025-09-24,C0400,P011,2,27000,0.08,49680,32000,17680
SO-02796,2025-09-24,C0294,P002,7,59000,0.05,392350,266000,126350
SO-02797,2025-09-24,C0385,P004,11,47000,0.05,491150,308000,183150
SO-02798,2025-09-24,C0070,P007,11,98000,0.05,1024100,770000,254100
SO-02799,2025-09-24,C0188,P004,2,47000,0.12,82720,56000,26720
SO-02800,2025-09-24,C0398,P005,2,180000,0.03,349200,240000,109200
SO-02801,2025-09-25,C0222,P011,2,27000,0.05,51300,32000,19300
SO-02802,2025-09-25,C0017,P005,4,180000,0.05,684000,480000,204000
SO-02803,2025-09-25,C0086,P004,1,47000,0.03,45590,28000,17590
SO-02804,2025-09-25,C0368,P001,1,65000,0.03,63050,42000,21050
SO-02805,2025-09-25,C0109,P001,4,65000,0.03,252200,168000,84200
SO-02806,2025-09-25,C0095,P002,2,59000,0.08,108560,76000,32560
SO-02807,2025-09-25,C0386,P004,2,47000,0.03,91180,56000,35180
SO-02808,2025-09-25,C0114,P007,1,98000,0.05,93100,70000,23100
SO-02809,2025-09-25,C0253,P008,5,420000,0,2100000,1550000,550000
SO-02810,2025-09-25,C0074,P007,14,98000,0.08,1262240,980000,282240
SO-02811,2025-09-25,C0318,P004,2,47000,0.03,91180,56000,35180
SO-02812,2025-09-25,C0325,P008,4,420000,0,1680000,1240000,440000
SO-02813,2025-09-26,C0199,P012,2,320000,0,640000,460000,180000
SO-02814,2025-09-26,C0284,P004,1,47000,0,47000,28000,19000
SO-02815,2025-09-26,C0375,P004,13,47000,0.05,580450,364000,216450
SO-02816,2025-09-26,C0190,P002,1,59000,0,59000,38000,21000
SO-02817,2025-09-26,C0162,P002,5,59000,0,295000,190000,105000
SO-02818,2025-09-26,C0375,P001,5,65000,0.12,286000,210000,76000
SO-02819,2025-09-26,C0156,P006,3,130000,0,390000,255000,135000
SO-02820,2025-09-26,C0084,P004,2,47000,0.05,89300,56000,33300
SO-02821,2025-09-26,C0077,P010,1,72000,0,72000,48000,24000
SO-02822,2025-09-26,C0292,P012,12,320000,0.05,3648000,2760000,888000
SO-02823,2025-09-26,C0325,P006,3,130000,0,390000,255000,135000
SO-02824,2025-09-26,C0241,P003,5,140000,0,700000,475000,225000
SO-02825,2025-09-26,C0214,P001,3,65000,0,195000,126000,69000
SO-02826,2025-09-26,C0151,P002,2,59000,0,118000,76000,42000
SO-02827,2025-09-26,C0266,P004,1,47000,0,47000,28000,19000
SO-02828,2025-09-26,C0289,P001,11,65000,0.05,679250,462000,217250
SO-02829,2025-09-27,C0199,P006,2,130000,0.03,252200,170000,82200
SO-02830,2025-09-27,C0169,P010,1,72000,0.05,68400,48000,20400
SO-02831,2025-09-27,C0041,P003,3,140000,0.08,386400,285000,101400
SO-02832,2025-09-27,C0411,P007,1,98000,0,98000,70000,28000
SO-02833,2025-09-27,C0353,P012,12,320000,0.12,3379200,2760000,619200
SO-02834,2025-09-28,C0087,P004,4,47000,0.12,165440,112000,53440
SO-02835,2025-09-28,C0209,P004,2,47000,0.05,89300,56000,33300
SO-02836,2025-09-28,C0038,P004,2,47000,0,94000,56000,38000
SO-02837,2025-09-28,C0131,P011,12,27000,0.12,285120,192000,93120
SO-02838,2025-09-28,C0230,P010,13,72000,0.1,842400,624000,218400
SO-02839,2025-09-28,C0279,P009,5,690000,0,3450000,2600000,850000
SO-02840,2025-09-28,C0370,P006,1,130000,0.05,123500,85000,38500
SO-02841,2025-09-28,C0056,P004,4,47000,0.08,172960,112000,60960
SO-02842,2025-09-28,C0323,P002,7,59000,0.1,371700,266000,105700
SO-02843,2025-09-28,C0291,P011,2,27000,0,54000,32000,22000
SO-02844,2025-09-28,C0285,P009,3,690000,0,2070000,1560000,510000
SO-02845,2025-09-29,C0169,P011,1,27000,0.05,25650,16000,9650
SO-02846,2025-09-29,C0013,P003,4,140000,0.12,492800,380000,112800
SO-02847,2025-09-29,C0004,P007,2,98000,0.03,190120,140000,50120
SO-02848,2025-09-29,C0075,P001,14,65000,0.1,819000,588000,231000
SO-02849,2025-09-29,C0168,P001,4,65000,0.05,247000,168000,79000
SO-02850,2025-09-29,C0035,P009,1,690000,0,690000,520000,170000
SO-02851,2025-09-29,C0183,P002,10,59000,0.05,560500,380000,180500
SO-02852,2025-09-29,C0030,P008,1,420000,0,420000,310000,110000
SO-02853,2025-09-29,C0043,P004,3,47000,0.08,129720,84000,45720
SO-02854,2025-09-29,C0329,P001,3,65000,0,195000,126000,69000
SO-02855,2025-09-29,C0004,P002,1,59000,0.03,57230,38000,19230
SO-02856,2025-09-29,C0126,P010,3,72000,0.03,209520,144000,65520
SO-02857,2025-09-29,C0258,P005,9,180000,0.12,1425600,1080000,345600
SO-02858,2025-09-29,C0142,P011,2,27000,0.03,52380,32000,20380
SO-02859,2025-09-29,C0038,P010,4,72000,0.03,279360,192000,87360
SO-02860,2025-09-29,C0303,P010,2,72000,0,144000,96000,48000
SO-02861,2025-09-29,C0124,P003,2,140000,0,280000,190000,90000
SO-02862,2025-09-30,C0042,P011,2,27000,0,54000,32000,22000
SO-02863,2025-09-30,C0145,P010,2,72000,0,144000,96000,48000
SO-02864,2025-09-30,C0370,P004,2,47000,0.05,89300,56000,33300
SO-02865,2025-09-30,C0011,P010,1,72000,0,72000,48000,24000
SO-02866,2025-09-30,C0074,P001,8,65000,0.12,457600,336000,121600
SO-02867,2025-09-30,C0340,P002,5,59000,0.03,286150,190000,96150
SO-02868,2025-09-30,C0228,P007,2,98000,0.12,172480,140000,32480
SO-02869,2025-09-30,C0265,P004,1,47000,0,47000,28000,19000
SO-02870,2025-09-30,C0011,P006,2,130000,0.03,252200,170000,82200
SO-02871,2025-09-30,C0404,P007,5,98000,0.03,475300,350000,125300
SO-02872,2025-09-30,C0258,P004,5,47000,0.08,216200,140000,76200
SO-02873,2025-09-30,C0173,P002,2,59000,0,118000,76000,42000
SO-02874,2025-09-30,C0148,P002,5,59000,0.03,286150,190000,96150
SO-02875,2025-10-01,C0227,P005,2,180000,0.05,342000,240000,102000
SO-02876,2025-10-01,C0325,P011,1,27000,0,27000,16000,11000
SO-02877,2025-10-01,C0127,P004,4,47000,0.03,182360,112000,70360
SO-02878,2025-10-01,C0384,P004,1,47000,0.03,45590,28000,17590
SO-02879,2025-10-01,C0391,P001,2,65000,0,130000,84000,46000
SO-02880,2025-10-01,C0038,P001,1,65000,0,65000,42000,23000
SO-02881,2025-10-01,C0103,P004,1,47000,0,47000,28000,19000
SO-02882,2025-10-01,C0286,P010,4,72000,0.05,273600,192000,81600
SO-02883,2025-10-01,C0345,P011,5,27000,0,135000,80000,55000
SO-02884,2025-10-01,C0025,P004,11,47000,0.12,454960,308000,146960
SO-02885,2025-10-01,C0002,P009,1,690000,0,690000,520000,170000
SO-02886,2025-10-01,C0039,P003,2,140000,0,280000,190000,90000
SO-02887,2025-10-01,C0386,P002,1,59000,0.05,56050,38000,18050
SO-02888,2025-10-01,C0081,P002,7,59000,0.1,371700,266000,105700
SO-02889,2025-10-01,C0348,P010,2,72000,0.05,136800,96000,40800
SO-02890,2025-10-01,C0016,P008,3,420000,0.12,1108800,930000,178800
SO-02891,2025-10-02,C0211,P009,7,690000,0.12,4250400,3640000,610400
SO-02892,2025-10-02,C0088,P010,4,72000,0.12,253440,192000,61440
SO-02893,2025-10-02,C0065,P001,4,65000,0.1,234000,168000,66000
SO-02894,2025-10-02,C0072,P004,1,47000,0.05,44650,28000,16650
SO-02895,2025-10-02,C0028,P003,5,140000,0.05,665000,475000,190000
SO-02896,2025-10-02,C0332,P002,9,59000,0.08,488520,342000,146520
SO-02897,2025-10-02,C0218,P004,1,47000,0,47000,28000,19000
SO-02898,2025-10-02,C0385,P007,12,98000,0.08,1081920,840000,241920
SO-02899,2025-10-02,C0185,P007,1,98000,0,98000,70000,28000
SO-02900,2025-10-02,C0137,P005,10,180000,0.05,1710000,1200000,510000
SO-02901,2025-10-02,C0093,P004,6,47000,0.1,253800,168000,85800
SO-02902,2025-10-02,C0419,P011,3,27000,0,81000,48000,33000
SO-02903,2025-10-02,C0167,P002,3,59000,0,177000,114000,63000
SO-02904,2025-10-02,C0105,P004,5,47000,0,235000,140000,95000
SO-02905,2025-10-02,C0098,P003,2,140000,0.08,257600,190000,67600
SO-02906,2025-10-02,C0150,P010,2,72000,0,144000,96000,48000
SO-02907,2025-10-03,C0169,P009,2,690000,0.05,1311000,1040000,271000
SO-02908,2025-10-03,C0288,P007,2,98000,0.03,190120,140000,50120
SO-02909,2025-10-03,C0018,P006,13,130000,0.08,1554800,1105000,449800
SO-02910,2025-10-03,C0396,P002,7,59000,0.05,392350,266000,126350
SO-02911,2025-10-03,C0192,P005,3,180000,0.03,523800,360000,163800
SO-02912,2025-10-03,C0132,P005,9,180000,0.1,1458000,1080000,378000
SO-02913,2025-10-03,C0279,P011,5,27000,0.03,130950,80000,50950
SO-02914,2025-10-03,C0316,P004,1,47000,0.05,44650,28000,16650
SO-02915,2025-10-04,C0176,P010,1,72000,0.03,69840,48000,21840
SO-02916,2025-10-04,C0007,P007,13,98000,0.1,1146600,910000,236600
SO-02917,2025-10-04,C0312,P005,5,180000,0.05,855000,600000,255000
SO-02918,2025-10-04,C0143,P001,5,65000,0,325000,210000,115000
SO-02919,2025-10-04,C0360,P004,3,47000,0.03,136770,84000,52770
SO-02920,2025-10-04,C0191,P002,1,59000,0.05,56050,38000,18050
SO-02921,2025-10-04,C0380,P010,1,72000,0.05,68400,48000,20400
SO-02922,2025-10-04,C0279,P010,1,72000,0.05,68400,48000,20400
SO-02923,2025-10-06,C0334,P001,3,65000,0,195000,126000,69000
SO-02924,2025-10-06,C0062,P005,5,180000,0.12,792000,600000,192000
SO-02925,2025-10-06,C0280,P005,2,180000,0.05,342000,240000,102000
SO-02926,2025-10-06,C0303,P007,2,98000,0.05,186200,140000,46200
SO-02927,2025-10-06,C0176,P004,1,47000,0.05,44650,28000,16650
SO-02928,2025-10-06,C0145,P001,3,65000,0,195000,126000,69000
SO-02929,2025-10-06,C0392,P004,4,47000,0.05,178600,112000,66600
SO-02930,2025-10-06,C0148,P011,5,27000,0,135000,80000,55000
SO-02931,2025-10-06,C0379,P001,2,65000,0,130000,84000,46000
SO-02932,2025-10-06,C0072,P007,2,98000,0,196000,140000,56000
SO-02933,2025-10-06,C0341,P001,2,65000,0,130000,84000,46000
SO-02934,2025-10-07,C0126,P010,1,72000,0,72000,48000,24000
SO-02935,2025-10-07,C0094,P001,8,65000,0.12,457600,336000,121600
SO-02936,2025-10-07,C0359,P008,3,420000,0,1260000,930000,330000
SO-02937,2025-10-07,C0361,P001,3,65000,0,195000,126000,69000
SO-02938,2025-10-07,C0186,P005,2,180000,0.05,342000,240000,102000
SO-02939,2025-10-07,C0285,P001,3,65000,0,195000,126000,69000
SO-02940,2025-10-07,C0090,P004,1,47000,0,47000,28000,19000
SO-02941,2025-10-07,C0348,P011,2,27000,0,54000,32000,22000
SO-02942,2025-10-07,C0369,P007,1,98000,0.03,95060,70000,25060
SO-02943,2025-10-07,C0220,P004,10,47000,0.1,423000,280000,143000
SO-02944,2025-10-07,C0211,P002,11,59000,0.1,584100,418000,166100
SO-02945,2025-10-08,C0283,P001,1,65000,0,65000,42000,23000
SO-02946,2025-10-08,C0064,P001,2,65000,0,130000,84000,46000
SO-02947,2025-10-08,C0396,P001,8,65000,0.12,457600,336000,121600
SO-02948,2025-10-08,C0210,P005,1,180000,0,180000,120000,60000
SO-02949,2025-10-08,C0317,P007,4,98000,0.03,380240,280000,100240
SO-02950,2025-10-08,C0109,P008,1,420000,0.05,399000,310000,89000
SO-02951,2025-10-08,C0314,P010,2,72000,0,144000,96000,48000
SO-02952,2025-10-08,C0332,P001,12,65000,0.1,702000,504000,198000
SO-02953,2025-10-08,C0055,P004,5,47000,0.05,223250,140000,83250
SO-02954,2025-10-08,C0021,P011,1,27000,0,27000,16000,11000
SO-02955,2025-10-08,C0091,P003,3,140000,0.05,399000,285000,114000
SO-02956,2025-10-08,C0145,P010,5,72000,0.03,349200,240000,109200
SO-02957,2025-10-08,C0371,P010,1,72000,0.05,68400,48000,20400
SO-02958,2025-10-08,C0397,P002,4,59000,0,236000,152000,84000
SO-02959,2025-10-08,C0405,P003,3,140000,0.08,386400,285000,101400
SO-02960,2025-10-09,C0223,P005,1,180000,0,180000,120000,60000
SO-02961,2025-10-09,C0341,P001,1,65000,0,65000,42000,23000
SO-02962,2025-10-09,C0168,P002,6,59000,0.12,311520,228000,83520
SO-02963,2025-10-09,C0089,P008,4,420000,0,1680000,1240000,440000
SO-02964,2025-10-09,C0046,P007,7,98000,0.08,631120,490000,141120
SO-02965,2025-10-09,C0316,P010,2,72000,0.03,139680,96000,43680
SO-02966,2025-10-09,C0383,P007,1,98000,0,98000,70000,28000
SO-02967,2025-10-09,C0229,P002,5,59000,0.05,280250,190000,90250
SO-02968,2025-10-09,C0336,P007,4,98000,0.1,352800,280000,72800
SO-02969,2025-10-09,C0388,P002,2,59000,0,118000,76000,42000
SO-02970,2025-10-09,C0409,P012,5,320000,0,1600000,1150000,450000
SO-02971,2025-10-09,C0070,P009,5,690000,0.12,3036000,2600000,436000
SO-02972,2025-10-09,C0360,P001,3,65000,0,195000,126000,69000
SO-02973,2025-10-09,C0276,P006,4,130000,0,520000,340000,180000
SO-02974,2025-10-09,C0220,P011,4,27000,0.08,99360,64000,35360
SO-02975,2025-10-10,C0115,P002,3,59000,0,177000,114000,63000
SO-02976,2025-10-10,C0054,P010,5,72000,0,360000,240000,120000
SO-02977,2025-10-10,C0118,P007,12,98000,0.12,1034880,840000,194880
SO-02978,2025-10-10,C0307,P001,2,65000,0.05,123500,84000,39500
SO-02979,2025-10-10,C0210,P009,2,690000,0.05,1311000,1040000,271000
SO-02980,2025-10-10,C0002,P006,1,130000,0.03,126100,85000,41100
SO-02981,2025-10-10,C0412,P001,2,65000,0.03,126100,84000,42100
SO-02982,2025-10-10,C0175,P002,1,59000,0.05,56050,38000,18050
SO-02983,2025-10-10,C0181,P009,4,690000,0.03,2677200,2080000,597200
SO-02984,2025-10-10,C0349,P004,11,47000,0.12,454960,308000,146960
SO-02985,2025-10-10,C0367,P004,1,47000,0,47000,28000,19000
SO-02986,2025-10-10,C0167,P004,4,47000,0.05,178600,112000,66600
SO-02987,2025-10-12,C0099,P010,10,72000,0.08,662400,480000,182400
SO-02988,2025-10-12,C0316,P007,5,98000,0.03,475300,350000,125300
SO-02989,2025-10-12,C0051,P008,5,420000,0,2100000,1550000,550000
SO-02990,2025-10-12,C0363,P001,14,65000,0.1,819000,588000,231000
SO-02991,2025-10-12,C0304,P004,12,47000,0.12,496320,336000,160320
SO-02992,2025-10-12,C0314,P009,3,690000,0,2070000,1560000,510000
SO-02993,2025-10-12,C0394,P001,4,65000,0.1,234000,168000,66000
SO-02994,2025-10-12,C0178,P001,2,65000,0,130000,84000,46000
SO-02995,2025-10-12,C0325,P001,4,65000,0,260000,168000,92000
SO-02996,2025-10-13,C0248,P008,6,420000,0.05,2394000,1860000,534000
SO-02997,2025-10-13,C0287,P005,1,180000,0.03,174600,120000,54600
SO-02998,2025-10-13,C0407,P007,5,98000,0.1,441000,350000,91000
SO-02999,2025-10-13,C0161,P011,9,27000,0.12,213840,144000,69840
SO-03000,2025-10-13,C0325,P010,1,72000,0,72000,48000,24000
SO-03001,2025-10-13,C0121,P012,10,320000,0.08,2944000,2300000,644000
SO-03002,2025-10-13,C0310,P011,14,27000,0.12,332640,224000,108640
SO-03003,2025-10-13,C0140,P003,1,140000,0.05,133000,95000,38000
SO-03004,2025-10-13,C0377,P005,1,180000,0,180000,120000,60000
SO-03005,2025-10-13,C0272,P010,4,72000,0,288000,192000,96000
SO-03006,2025-10-13,C0318,P002,2,59000,0.03,114460,76000,38460
SO-03007,2025-10-13,C0004,P010,5,72000,0,360000,240000,120000
SO-03008,2025-10-14,C0065,P006,3,130000,0.12,343200,255000,88200
SO-03009,2025-10-14,C0309,P010,6,72000,0.1,388800,288000,100800
SO-03010,2025-10-14,C0184,P011,5,27000,0.03,130950,80000,50950
SO-03011,2025-10-14,C0160,P009,5,690000,0.08,3174000,2600000,574000
SO-03012,2025-10-14,C0321,P004,5,47000,0,235000,140000,95000
SO-03013,2025-10-14,C0356,P007,2,98000,0,196000,140000,56000
SO-03014,2025-10-14,C0013,P007,8,98000,0.08,721280,560000,161280
SO-03015,2025-10-14,C0351,P010,1,72000,0,72000,48000,24000
SO-03016,2025-10-14,C0261,P011,11,27000,0.05,282150,176000,106150
SO-03017,2025-10-14,C0285,P002,5,59000,0.03,286150,190000,96150
SO-03018,2025-10-14,C0339,P002,4,59000,0,236000,152000,84000
SO-03019,2025-10-14,C0409,P002,1,59000,0.05,56050,38000,18050
SO-03020,2025-10-14,C0303,P011,1,27000,0,27000,16000,11000
SO-03021,2025-10-14,C0296,P007,13,98000,0.12,1121120,910000,211120
SO-03022,2025-10-14,C0379,P008,4,420000,0.03,1629600,1240000,389600
SO-03023,2025-10-15,C0397,P004,1,47000,0,47000,28000,19000
SO-03024,2025-10-15,C0030,P002,2,59000,0,118000,76000,42000
SO-03025,2025-10-15,C0117,P010,3,72000,0.1,194400,144000,50400
SO-03026,2025-10-15,C0210,P006,2,130000,0,260000,170000,90000
SO-03027,2025-10-15,C0004,P005,2,180000,0.05,342000,240000,102000
SO-03028,2025-10-15,C0024,P002,2,59000,0.03,114460,76000,38460
SO-03029,2025-10-15,C0114,P001,2,65000,0,130000,84000,46000
SO-03030,2025-10-15,C0090,P012,3,320000,0.03,931200,690000,241200
SO-03031,2025-10-15,C0162,P011,1,27000,0,27000,16000,11000
SO-03032,2025-10-15,C0395,P007,2,98000,0,196000,140000,56000
SO-03033,2025-10-15,C0022,P002,4,59000,0.03,228920,152000,76920
SO-03034,2025-10-16,C0155,P010,7,72000,0.12,443520,336000,107520
SO-03035,2025-10-16,C0128,P007,2,98000,0,196000,140000,56000
SO-03036,2025-10-16,C0221,P007,2,98000,0.03,190120,140000,50120
SO-03037,2025-10-16,C0348,P001,1,65000,0.05,61750,42000,19750
SO-03038,2025-10-16,C0252,P004,2,47000,0.05,89300,56000,33300
SO-03039,2025-10-16,C0319,P002,3,59000,0.03,171690,114000,57690
SO-03040,2025-10-16,C0128,P010,2,72000,0.05,136800,96000,40800
SO-03041,2025-10-16,C0395,P003,1,140000,0.03,135800,95000,40800
SO-03042,2025-10-16,C0325,P002,4,59000,0.05,224200,152000,72200
SO-03043,2025-10-16,C0391,P004,2,47000,0.03,91180,56000,35180
SO-03044,2025-10-16,C0327,P010,4,72000,0.05,273600,192000,81600
SO-03045,2025-10-16,C0192,P006,4,130000,0,520000,340000,180000
SO-03046,2025-10-16,C0014,P001,1,65000,0.05,61750,42000,19750
SO-03047,2025-10-17,C0406,P004,3,47000,0.05,133950,84000,49950
SO-03048,2025-10-17,C0416,P003,14,140000,0.1,1764000,1330000,434000
SO-03049,2025-10-17,C0350,P004,4,47000,0.03,182360,112000,70360
SO-03050,2025-10-17,C0289,P006,4,130000,0.1,468000,340000,128000
SO-03051,2025-10-17,C0184,P006,5,130000,0.03,630500,425000,205500
SO-03052,2025-10-17,C0165,P010,2,72000,0,144000,96000,48000
SO-03053,2025-10-17,C0298,P003,2,140000,0,280000,190000,90000
SO-03054,2025-10-17,C0320,P008,9,420000,0.12,3326400,2790000,536400
SO-03055,2025-10-17,C0177,P004,9,47000,0.05,401850,252000,149850
SO-03056,2025-10-17,C0344,P006,1,130000,0.03,126100,85000,41100
SO-03057,2025-10-18,C0201,P001,2,65000,0,130000,84000,46000
SO-03058,2025-10-18,C0256,P002,7,59000,0.08,379960,266000,113960
SO-03059,2025-10-18,C0033,P002,2,59000,0,118000,76000,42000
SO-03060,2025-10-18,C0359,P007,1,98000,0,98000,70000,28000
SO-03061,2025-10-18,C0285,P002,4,59000,0.05,224200,152000,72200
SO-03062,2025-10-19,C0303,P002,4,59000,0,236000,152000,84000
SO-03063,2025-10-19,C0057,P006,3,130000,0,390000,255000,135000
SO-03064,2025-10-20,C0007,P011,9,27000,0.12,213840,144000,69840
SO-03065,2025-10-20,C0131,P011,3,27000,0.05,76950,48000,28950
SO-03066,2025-10-20,C0165,P011,1,27000,0,27000,16000,11000
SO-03067,2025-10-20,C0200,P002,3,59000,0,177000,114000,63000
SO-03068,2025-10-20,C0091,P010,2,72000,0.03,139680,96000,43680
SO-03069,2025-10-20,C0137,P002,10,59000,0.05,560500,380000,180500
SO-03070,2025-10-20,C0204,P008,3,420000,0.05,1197000,930000,267000
SO-03071,2025-10-20,C0102,P010,2,72000,0,144000,96000,48000
SO-03072,2025-10-20,C0416,P007,4,98000,0.12,344960,280000,64960
SO-03073,2025-10-20,C0114,P007,1,98000,0,98000,70000,28000
SO-03074,2025-10-20,C0001,P006,5,130000,0.05,617500,425000,192500
SO-03075,2025-10-21,C0021,P011,2,27000,0.03,52380,32000,20380
SO-03076,2025-10-21,C0209,P011,13,27000,0.1,315900,208000,107900
SO-03077,2025-10-21,C0018,P002,4,59000,0.1,212400,152000,60400
SO-03078,2025-10-21,C0236,P006,1,130000,0.05,123500,85000,38500
SO-03079,2025-10-21,C0083,P007,4,98000,0.05,372400,280000,92400
SO-03080,2025-10-21,C0325,P007,4,98000,0,392000,280000,112000
SO-03081,2025-10-21,C0038,P011,4,27000,0,108000,64000,44000
SO-03082,2025-10-21,C0143,P001,1,65000,0,65000,42000,23000
SO-03083,2025-10-21,C0002,P004,4,47000,0,188000,112000,76000
SO-03084,2025-10-21,C0073,P004,12,47000,0.1,507600,336000,171600
SO-03085,2025-10-21,C0310,P002,9,59000,0.08,488520,342000,146520
SO-03086,2025-10-21,C0282,P003,1,140000,0,140000,95000,45000
SO-03087,2025-10-21,C0355,P007,2,98000,0,196000,140000,56000
SO-03088,2025-10-21,C0418,P007,2,98000,0,196000,140000,56000
SO-03089,2025-10-21,C0245,P007,6,98000,0.05,558600,420000,138600
SO-03090,2025-10-21,C0187,P002,4,59000,0.03,228920,152000,76920
SO-03091,2025-10-21,C0110,P011,12,27000,0.08,298080,192000,106080
SO-03092,2025-10-22,C0359,P001,3,65000,0.05,185250,126000,59250
SO-03093,2025-10-22,C0290,P009,1,690000,0,690000,520000,170000
SO-03094,2025-10-22,C0364,P010,5,72000,0.12,316800,240000,76800
SO-03095,2025-10-22,C0086,P006,1,130000,0.03,126100,85000,41100
SO-03096,2025-10-22,C0217,P002,13,59000,0.08,705640,494000,211640
SO-03097,2025-10-22,C0391,P002,1,59000,0.05,56050,38000,18050
SO-03098,2025-10-22,C0394,P005,3,180000,0.1,486000,360000,126000
SO-03099,2025-10-22,C0352,P007,2,98000,0.03,190120,140000,50120
SO-03100,2025-10-22,C0247,P002,1,59000,0.03,57230,38000,19230
SO-03101,2025-10-22,C0198,P002,1,59000,0.05,56050,38000,18050
SO-03102,2025-10-22,C0295,P002,3,59000,0,177000,114000,63000
SO-03103,2025-10-22,C0076,P007,1,98000,0,98000,70000,28000
SO-03104,2025-10-22,C0162,P003,2,140000,0.05,266000,190000,76000
SO-03105,2025-10-23,C0153,P002,2,59000,0,118000,76000,42000
SO-03106,2025-10-23,C0173,P007,2,98000,0,196000,140000,56000
SO-03107,2025-10-23,C0101,P011,2,27000,0.05,51300,32000,19300
SO-03108,2025-10-23,C0106,P002,4,59000,0.05,224200,152000,72200
SO-03109,2025-10-23,C0290,P007,1,98000,0,98000,70000,28000
SO-03110,2025-10-23,C0023,P010,3,72000,0.08,198720,144000,54720
SO-03111,2025-10-23,C0117,P004,11,47000,0.08,475640,308000,167640
SO-03112,2025-10-23,C0362,P010,1,72000,0.05,68400,48000,20400
SO-03113,2025-10-23,C0006,P008,2,420000,0.05,798000,620000,178000
SO-03114,2025-10-23,C0046,P004,14,47000,0.1,592200,392000,200200
SO-03115,2025-10-23,C0220,P005,5,180000,0.1,810000,600000,210000
SO-03116,2025-10-23,C0395,P011,2,27000,0,54000,32000,22000
SO-03117,2025-10-23,C0155,P011,9,27000,0.05,230850,144000,86850
SO-03118,2025-10-23,C0257,P001,1,65000,0,65000,42000,23000
SO-03119,2025-10-23,C0278,P010,9,72000,0.1,583200,432000,151200
SO-03120,2025-10-23,C0189,P004,3,47000,0.08,129720,84000,45720
SO-03121,2025-10-23,C0159,P006,5,130000,0.05,617500,425000,192500
SO-03122,2025-10-23,C0119,P004,12,47000,0.05,535800,336000,199800
SO-03123,2025-10-24,C0268,P004,2,47000,0.03,91180,56000,35180
SO-03124,2025-10-24,C0161,P007,9,98000,0.05,837900,630000,207900
SO-03125,2025-10-24,C0240,P011,4,27000,0.05,102600,64000,38600
SO-03126,2025-10-24,C0036,P010,2,72000,0.05,136800,96000,40800
SO-03127,2025-10-24,C0211,P004,10,47000,0.05,446500,280000,166500
SO-03128,2025-10-24,C0121,P007,14,98000,0.12,1207360,980000,227360
SO-03129,2025-10-24,C0397,P001,2,65000,0,130000,84000,46000
SO-03130,2025-10-24,C0006,P006,3,130000,0,390000,255000,135000
SO-03131,2025-10-24,C0320,P009,12,690000,0.08,7617600,6240000,1377600
SO-03132,2025-10-24,C0399,P004,5,47000,0.03,227950,140000,87950
SO-03133,2025-10-24,C0390,P001,2,65000,0,130000,84000,46000
SO-03134,2025-10-24,C0146,P004,5,47000,0.05,223250,140000,83250
SO-03135,2025-10-24,C0273,P010,5,72000,0,360000,240000,120000
SO-03136,2025-10-24,C0115,P007,5,98000,0,490000,350000,140000
SO-03137,2025-10-24,C0410,P010,8,72000,0.08,529920,384000,145920
SO-03138,2025-10-24,C0146,P007,10,98000,0.08,901600,700000,201600
SO-03139,2025-10-24,C0168,P002,11,59000,0.12,571120,418000,153120
SO-03140,2025-10-25,C0145,P008,2,420000,0.05,798000,620000,178000
SO-03141,2025-10-25,C0391,P009,2,690000,0.03,1338600,1040000,298600
SO-03142,2025-10-25,C0088,P004,6,47000,0.12,248160,168000,80160
SO-03143,2025-10-25,C0376,P011,7,27000,0.08,173880,112000,61880
SO-03144,2025-10-25,C0197,P003,5,140000,0.05,665000,475000,190000
SO-03145,2025-10-25,C0076,P004,2,47000,0.03,91180,56000,35180
SO-03146,2025-10-25,C0130,P003,4,140000,0.03,543200,380000,163200
SO-03147,2025-10-26,C0037,P002,4,59000,0.05,224200,152000,72200
SO-03148,2025-10-26,C0295,P012,3,320000,0,960000,690000,270000
SO-03149,2025-10-26,C0192,P011,5,27000,0.05,128250,80000,48250
SO-03150,2025-10-26,C0297,P009,4,690000,0,2760000,2080000,680000
SO-03151,2025-10-26,C0390,P001,2,65000,0,130000,84000,46000
SO-03152,2025-10-27,C0290,P002,1,59000,0,59000,38000,21000
SO-03153,2025-10-27,C0226,P005,11,180000,0.05,1881000,1320000,561000
SO-03154,2025-10-27,C0272,P010,2,72000,0,144000,96000,48000
SO-03155,2025-10-27,C0354,P007,2,98000,0.05,186200,140000,46200
SO-03156,2025-10-27,C0174,P006,1,130000,0,130000,85000,45000
SO-03157,2025-10-27,C0026,P004,3,47000,0.08,129720,84000,45720
SO-03158,2025-10-27,C0103,P008,1,420000,0.03,407400,310000,97400
SO-03159,2025-10-27,C0201,P005,2,180000,0,360000,240000,120000
SO-03160,2025-10-27,C0262,P001,5,65000,0.05,308750,210000,98750
SO-03161,2025-10-27,C0359,P001,3,65000,0.05,185250,126000,59250
SO-03162,2025-10-27,C0281,P003,5,140000,0.03,679000,475000,204000
SO-03163,2025-10-27,C0014,P007,1,98000,0,98000,70000,28000
SO-03164,2025-10-27,C0189,P007,5,98000,0.12,431200,350000,81200
SO-03165,2025-10-27,C0145,P005,1,180000,0.05,171000,120000,51000
SO-03166,2025-10-27,C0172,P001,4,65000,0.12,228800,168000,60800
SO-03167,2025-10-27,C0143,P004,5,47000,0,235000,140000,95000
SO-03168,2025-10-27,C0180,P003,1,140000,0.03,135800,95000,40800
SO-03169,2025-10-28,C0366,P011,10,27000,0.1,243000,160000,83000
SO-03170,2025-10-28,C0017,P007,3,98000,0.03,285180,210000,75180
SO-03171,2025-10-28,C0210,P010,1,72000,0.05,68400,48000,20400
SO-03172,2025-10-28,C0023,P002,12,59000,0.1,637200,456000,181200
SO-03173,2025-10-28,C0270,P007,2,98000,0,196000,140000,56000
SO-03174,2025-10-28,C0345,P006,4,130000,0,520000,340000,180000
SO-03175,2025-10-28,C0345,P002,4,59000,0.05,224200,152000,72200
SO-03176,2025-10-28,C0117,P007,5,98000,0.05,465500,350000,115500
SO-03177,2025-10-28,C0319,P005,2,180000,0,360000,240000,120000
SO-03178,2025-10-28,C0167,P005,3,180000,0.05,513000,360000,153000
SO-03179,2025-10-28,C0186,P002,1,59000,0,59000,38000,21000
SO-03180,2025-10-28,C0194,P010,4,72000,0.08,264960,192000,72960
SO-03181,2025-10-29,C0180,P010,3,72000,0.03,209520,144000,65520
SO-03182,2025-10-29,C0414,P007,1,98000,0.05,93100,70000,23100
SO-03183,2025-10-29,C0028,P004,5,47000,0.03,227950,140000,87950
SO-03184,2025-10-29,C0253,P008,1,420000,0.03,407400,310000,97400
SO-03185,2025-10-29,C0294,P004,13,47000,0.05,580450,364000,216450
SO-03186,2025-10-29,C0128,P002,2,59000,0.05,112100,76000,36100
SO-03187,2025-10-29,C0298,P001,1,65000,0.05,61750,42000,19750
SO-03188,2025-10-29,C0049,P002,8,59000,0.12,415360,304000,111360
SO-03189,2025-10-29,C0309,P003,11,140000,0.12,1355200,1045000,310200
SO-03190,2025-10-29,C0184,P001,4,65000,0,260000,168000,92000
SO-03191,2025-10-29,C0392,P001,12,65000,0.05,741000,504000,237000
SO-03192,2025-10-29,C0128,P005,2,180000,0,360000,240000,120000
SO-03193,2025-10-29,C0091,P001,5,65000,0.03,315250,210000,105250
SO-03194,2025-10-29,C0236,P001,1,65000,0.05,61750,42000,19750
SO-03195,2025-10-30,C0055,P010,4,72000,0.05,273600,192000,81600
SO-03196,2025-10-30,C0014,P004,2,47000,0.03,91180,56000,35180
SO-03197,2025-10-30,C0376,P006,11,130000,0.08,1315600,935000,380600
SO-03198,2025-10-30,C0153,P004,1,47000,0,47000,28000,19000
SO-03199,2025-10-30,C0413,P001,3,65000,0.05,185250,126000,59250
SO-03200,2025-10-30,C0046,P003,8,140000,0.05,1064000,760000,304000
SO-03201,2025-10-30,C0314,P005,3,180000,0.05,513000,360000,153000
SO-03202,2025-10-30,C0394,P002,10,59000,0.12,519200,380000,139200
SO-03203,2025-10-30,C0179,P011,14,27000,0.12,332640,224000,108640
SO-03204,2025-10-30,C0060,P002,13,59000,0.12,674960,494000,180960
SO-03205,2025-10-30,C0038,P010,4,72000,0,288000,192000,96000
SO-03206,2025-10-30,C0305,P010,2,72000,0,144000,96000,48000
SO-03207,2025-10-30,C0203,P011,5,27000,0,135000,80000,55000
SO-03208,2025-10-31,C0299,P001,3,65000,0,195000,126000,69000
SO-03209,2025-10-31,C0274,P006,2,130000,0,260000,170000,90000
SO-03210,2025-10-31,C0156,P012,4,320000,0.05,1216000,920000,296000
SO-03211,2025-10-31,C0331,P001,1,65000,0,65000,42000,23000
SO-03212,2025-10-31,C0261,P001,5,65000,0.1,292500,210000,82500
SO-03213,2025-10-31,C0108,P007,3,98000,0,294000,210000,84000
SO-03214,2025-10-31,C0321,P003,5,140000,0,700000,475000,225000
SO-03215,2025-10-31,C0305,P007,5,98000,0.05,465500,350000,115500
SO-03216,2025-10-31,C0146,P007,4,98000,0.05,372400,280000,92400
SO-03217,2025-10-31,C0136,P002,1,59000,0.03,57230,38000,19230
SO-03218,2025-11-01,C0262,P004,10,47000,0.12,413600,280000,133600
SO-03219,2025-11-01,C0287,P002,5,59000,0.03,286150,190000,96150
SO-03220,2025-11-01,C0054,P011,4,27000,0,108000,64000,44000
SO-03221,2025-11-01,C0295,P008,5,420000,0.03,2037000,1550000,487000
SO-03222,2025-11-01,C0123,P004,5,47000,0.05,223250,140000,83250
SO-03223,2025-11-01,C0102,P011,2,27000,0,54000,32000,22000
SO-03224,2025-11-01,C0332,P005,2,180000,0.1,324000,240000,84000
SO-03225,2025-11-02,C0035,P007,2,98000,0,196000,140000,56000
SO-03226,2025-11-02,C0389,P001,4,65000,0.1,234000,168000,66000
SO-03227,2025-11-02,C0136,P004,2,47000,0.03,91180,56000,35180
SO-03228,2025-11-02,C0376,P010,9,72000,0.08,596160,432000,164160
SO-03229,2025-11-02,C0141,P011,1,27000,0.03,26190,16000,10190
SO-03230,2025-11-02,C0119,P002,7,59000,0.12,363440,266000,97440
SO-03231,2025-11-02,C0175,P010,2,72000,0.03,139680,96000,43680
SO-03232,2025-11-03,C0097,P001,3,65000,0.03,189150,126000,63150
SO-03233,2025-11-03,C0297,P007,3,98000,0.05,279300,210000,69300
SO-03234,2025-11-03,C0257,P002,2,59000,0.03,114460,76000,38460
SO-03235,2025-11-03,C0257,P005,2,180000,0,360000,240000,120000
SO-03236,2025-11-03,C0250,P001,4,65000,0.03,252200,168000,84200
SO-03237,2025-11-03,C0084,P006,2,130000,0,260000,170000,90000
SO-03238,2025-11-03,C0053,P002,5,59000,0.05,280250,190000,90250
SO-03239,2025-11-03,C0313,P002,2,59000,0,118000,76000,42000
SO-03240,2025-11-03,C0334,P001,4,65000,0,260000,168000,92000
SO-03241,2025-11-03,C0229,P001,1,65000,0.05,61750,42000,19750
SO-03242,2025-11-03,C0017,P007,2,98000,0,196000,140000,56000
SO-03243,2025-11-04,C0176,P001,2,65000,0.03,126100,84000,42100
SO-03244,2025-11-04,C0256,P001,11,65000,0.05,679250,462000,217250
SO-03245,2025-11-04,C0254,P004,11,47000,0.1,465300,308000,157300
SO-03246,2025-11-04,C0330,P009,4,690000,0,2760000,2080000,680000
SO-03247,2025-11-04,C0054,P002,3,59000,0,177000,114000,63000
SO-03248,2025-11-04,C0376,P002,13,59000,0.1,690300,494000,196300
SO-03249,2025-11-04,C0084,P011,1,27000,0,27000,16000,11000
SO-03250,2025-11-04,C0037,P003,5,140000,0.08,644000,475000,169000
SO-03251,2025-11-04,C0167,P010,1,72000,0,72000,48000,24000
SO-03252,2025-11-04,C0237,P004,10,47000,0.12,413600,280000,133600
SO-03253,2025-11-04,C0078,P010,1,72000,0,72000,48000,24000
SO-03254,2025-11-04,C0074,P005,11,180000,0.12,1742400,1320000,422400
SO-03255,2025-11-05,C0019,P007,3,98000,0.03,285180,210000,75180
SO-03256,2025-11-05,C0380,P004,4,47000,0,188000,112000,76000
SO-03257,2025-11-05,C0411,P007,1,98000,0,98000,70000,28000
SO-03258,2025-11-05,C0388,P003,1,140000,0.05,133000,95000,38000
SO-03259,2025-11-05,C0257,P011,1,27000,0,27000,16000,11000
SO-03260,2025-11-05,C0148,P007,2,98000,0.03,190120,140000,50120
SO-03261,2025-11-05,C0405,P007,7,98000,0.05,651700,490000,161700
SO-03262,2025-11-05,C0396,P003,11,140000,0.1,1386000,1045000,341000
SO-03263,2025-11-05,C0185,P007,2,98000,0.03,190120,140000,50120
SO-03264,2025-11-06,C0397,P001,3,65000,0.05,185250,126000,59250
SO-03265,2025-11-06,C0390,P011,2,27000,0,54000,32000,22000
SO-03266,2025-11-06,C0021,P003,2,140000,0.05,266000,190000,76000
SO-03267,2025-11-06,C0405,P002,14,59000,0.12,726880,532000,194880
SO-03268,2025-11-06,C0309,P002,12,59000,0.1,637200,456000,181200
SO-03269,2025-11-06,C0314,P010,1,72000,0,72000,48000,24000
SO-03270,2025-11-06,C0368,P007,3,98000,0.05,279300,210000,69300
SO-03271,2025-11-06,C0209,P007,13,98000,0.08,1172080,910000,262080
SO-03272,2025-11-06,C0208,P006,2,130000,0,260000,170000,90000
SO-03273,2025-11-06,C0013,P004,12,47000,0.05,535800,336000,199800
SO-03274,2025-11-06,C0029,P011,1,27000,0,27000,16000,11000
SO-03275,2025-11-06,C0204,P011,10,27000,0.08,248400,160000,88400
SO-03276,2025-11-06,C0349,P001,5,65000,0.12,286000,210000,76000
SO-03277,2025-11-07,C0285,P001,1,65000,0.05,61750,42000,19750
SO-03278,2025-11-07,C0395,P010,1,72000,0,72000,48000,24000
SO-03279,2025-11-07,C0247,P001,4,65000,0,260000,168000,92000
SO-03280,2025-11-07,C0020,P001,1,65000,0,65000,42000,23000
SO-03281,2025-11-07,C0360,P003,4,140000,0,560000,380000,180000
SO-03282,2025-11-07,C0268,P002,2,59000,0,118000,76000,42000
SO-03283,2025-11-07,C0169,P004,1,47000,0.05,44650,28000,16650
SO-03284,2025-11-07,C0357,P004,1,47000,0.05,44650,28000,16650
SO-03285,2025-11-07,C0321,P001,4,65000,0.05,247000,168000,79000
SO-03286,2025-11-08,C0035,P004,1,47000,0.05,44650,28000,16650
SO-03287,2025-11-08,C0352,P010,3,72000,0.05,205200,144000,61200
SO-03288,2025-11-08,C0086,P001,2,65000,0.05,123500,84000,39500
SO-03289,2025-11-08,C0278,P009,10,690000,0.1,6210000,5200000,1010000
SO-03290,2025-11-08,C0082,P003,3,140000,0.05,399000,285000,114000
SO-03291,2025-11-08,C0342,P010,11,72000,0.12,696960,528000,168960
SO-03292,2025-11-08,C0309,P011,6,27000,0.1,145800,96000,49800
SO-03293,2025-11-08,C0065,P010,7,72000,0.05,478800,336000,142800
SO-03294,2025-11-08,C0189,P011,13,27000,0.1,315900,208000,107900
SO-03295,2025-11-08,C0337,P002,7,59000,0.08,379960,266000,113960
SO-03296,2025-11-09,C0162,P001,1,65000,0,65000,42000,23000
SO-03297,2025-11-09,C0295,P004,1,47000,0,47000,28000,19000
SO-03298,2025-11-09,C0297,P011,2,27000,0,54000,32000,22000
SO-03299,2025-11-10,C0125,P004,5,47000,0,235000,140000,95000
SO-03300,2025-11-10,C0063,P007,5,98000,0,490000,350000,140000
SO-03301,2025-11-10,C0399,P002,5,59000,0,295000,190000,105000
SO-03302,2025-11-10,C0190,P006,2,130000,0.05,247000,170000,77000
SO-03303,2025-11-10,C0316,P011,2,27000,0,54000,32000,22000
SO-03304,2025-11-10,C0209,P011,6,27000,0.05,153900,96000,57900
SO-03305,2025-11-10,C0137,P007,3,98000,0.1,264600,210000,54600
SO-03306,2025-11-10,C0342,P004,10,47000,0.12,413600,280000,133600
SO-03307,2025-11-10,C0335,P002,2,59000,0,118000,76000,42000
SO-03308,2025-11-10,C0056,P006,9,130000,0.1,1053000,765000,288000
SO-03309,2025-11-10,C0117,P006,3,130000,0.05,370500,255000,115500
SO-03310,2025-11-10,C0414,P001,1,65000,0,65000,42000,23000
SO-03311,2025-11-10,C0027,P001,4,65000,0,260000,168000,92000
SO-03312,2025-11-10,C0194,P011,14,27000,0.1,340200,224000,116200
SO-03313,2025-11-10,C0260,P002,2,59000,0.03,114460,76000,38460
SO-03314,2025-11-10,C0410,P002,4,59000,0.12,207680,152000,55680
SO-03315,2025-11-10,C0296,P004,5,47000,0.12,206800,140000,66800
SO-03316,2025-11-11,C0182,P007,3,98000,0.05,279300,210000,69300
SO-03317,2025-11-11,C0187,P006,2,130000,0.03,252200,170000,82200
SO-03318,2025-11-11,C0117,P002,11,59000,0.12,571120,418000,153120
SO-03319,2025-11-11,C0415,P008,8,420000,0.05,3192000,2480000,712000
SO-03320,2025-11-11,C0208,P010,1,72000,0.03,69840,48000,21840
SO-03321,2025-11-11,C0126,P006,2,130000,0.03,252200,170000,82200
SO-03322,2025-11-11,C0267,P011,12,27000,0.08,298080,192000,106080
SO-03323,2025-11-11,C0368,P001,4,65000,0.05,247000,168000,79000
SO-03324,2025-11-11,C0120,P002,2,59000,0,118000,76000,42000
SO-03325,2025-11-11,C0361,P002,2,59000,0,118000,76000,42000
SO-03326,2025-11-11,C0187,P001,2,65000,0,130000,84000,46000
SO-03327,2025-11-11,C0390,P011,2,27000,0.03,52380,32000,20380
SO-03328,2025-11-11,C0206,P010,1,72000,0,72000,48000,24000
SO-03329,2025-11-12,C0108,P005,4,180000,0,720000,480000,240000
SO-03330,2025-11-12,C0024,P012,2,320000,0.03,620800,460000,160800
SO-03331,2025-11-12,C0253,P007,3,98000,0,294000,210000,84000
SO-03332,2025-11-12,C0236,P007,4,98000,0,392000,280000,112000
SO-03333,2025-11-12,C0352,P009,5,690000,0,3450000,2600000,850000
SO-03334,2025-11-12,C0355,P002,1,59000,0,59000,38000,21000
SO-03335,2025-11-12,C0285,P004,4,47000,0,188000,112000,76000
SO-03336,2025-11-12,C0340,P001,1,65000,0,65000,42000,23000
SO-03337,2025-11-12,C0262,P004,4,47000,0.12,165440,112000,53440
SO-03338,2025-11-12,C0417,P007,5,98000,0,490000,350000,140000
SO-03339,2025-11-12,C0363,P006,14,130000,0.1,1638000,1190000,448000
SO-03340,2025-11-12,C0024,P010,1,72000,0.03,69840,48000,21840
SO-03341,2025-11-12,C0273,P010,1,72000,0,72000,48000,24000
SO-03342,2025-11-12,C0233,P004,2,47000,0.03,91180,56000,35180
SO-03343,2025-11-12,C0366,P007,12,98000,0.05,1117200,840000,277200
SO-03344,2025-11-13,C0336,P007,7,98000,0.05,651700,490000,161700
SO-03345,2025-11-13,C0218,P002,2,59000,0.05,112100,76000,36100
SO-03346,2025-11-13,C0093,P001,4,65000,0.12,228800,168000,60800
SO-03347,2025-11-13,C0098,P006,4,130000,0.08,478400,340000,138400
SO-03348,2025-11-13,C0258,P004,13,47000,0.12,537680,364000,173680
SO-03349,2025-11-13,C0212,P006,1,130000,0.03,126100,85000,41100
SO-03350,2025-11-13,C0137,P010,11,72000,0.08,728640,528000,200640
SO-03351,2025-11-13,C0253,P005,5,180000,0.05,855000,600000,255000
SO-03352,2025-11-13,C0098,P009,5,690000,0.12,3036000,2600000,436000
SO-03353,2025-11-13,C0079,P011,9,27000,0.12,213840,144000,69840
SO-03354,2025-11-13,C0122,P010,10,72000,0.12,633600,480000,153600
SO-03355,2025-11-13,C0362,P011,1,27000,0,27000,16000,11000
SO-03356,2025-11-13,C0376,P010,13,72000,0.1,842400,624000,218400
SO-03357,2025-11-13,C0351,P003,2,140000,0.05,266000,190000,76000
SO-03358,2025-11-13,C0113,P004,2,47000,0,94000,56000,38000
SO-03359,2025-11-14,C0072,P004,1,47000,0,47000,28000,19000
SO-03360,2025-11-14,C0174,P011,2,27000,0,54000,32000,22000
SO-03361,2025-11-14,C0172,P008,11,420000,0.08,4250400,3410000,840400
SO-03362,2025-11-14,C0087,P006,11,130000,0.12,1258400,935000,323400
SO-03363,2025-11-14,C0298,P003,5,140000,0.05,665000,475000,190000
SO-03364,2025-11-14,C0381,P001,3,65000,0.03,189150,126000,63150
SO-03365,2025-11-14,C0012,P003,4,140000,0,560000,380000,180000
SO-03366,2025-11-14,C0166,P001,1,65000,0.03,63050,42000,21050
SO-03367,2025-11-14,C0280,P009,2,690000,0,1380000,1040000,340000
SO-03368,2025-11-14,C0366,P005,6,180000,0.1,972000,720000,252000
SO-03369,2025-11-14,C0086,P001,1,65000,0,65000,42000,23000
SO-03370,2025-11-14,C0108,P008,5,420000,0,2100000,1550000,550000
SO-03371,2025-11-14,C0080,P010,1,72000,0,72000,48000,24000
SO-03372,2025-11-16,C0163,P003,3,140000,0.08,386400,285000,101400
SO-03373,2025-11-16,C0107,P005,4,180000,0.05,684000,480000,204000
SO-03374,2025-11-16,C0407,P007,8,98000,0.05,744800,560000,184800
SO-03375,2025-11-16,C0011,P012,2,320000,0.03,620800,460000,160800
SO-03376,2025-11-16,C0221,P012,2,320000,0,640000,460000,180000
SO-03377,2025-11-17,C0242,P002,1,59000,0.05,56050,38000,18050
SO-03378,2025-11-17,C0219,P004,10,47000,0.05,446500,280000,166500
SO-03379,2025-11-17,C0027,P002,2,59000,0,118000,76000,42000
SO-03380,2025-11-17,C0144,P001,4,65000,0.03,252200,168000,84200
SO-03381,2025-11-17,C0037,P004,6,47000,0.05,267900,168000,99900
SO-03382,2025-11-17,C0106,P004,1,47000,0,47000,28000,19000
SO-03383,2025-11-17,C0029,P007,1,98000,0.03,95060,70000,25060
SO-03384,2025-11-17,C0036,P005,1,180000,0,180000,120000,60000
SO-03385,2025-11-17,C0041,P006,4,130000,0.08,478400,340000,138400
SO-03386,2025-11-17,C0155,P005,7,180000,0.1,1134000,840000,294000
SO-03387,2025-11-17,C0392,P002,13,59000,0.08,705640,494000,211640
SO-03388,2025-11-17,C0278,P005,8,180000,0.05,1368000,960000,408000
SO-03389,2025-11-17,C0223,P002,4,59000,0.05,224200,152000,72200
SO-03390,2025-11-17,C0106,P010,3,72000,0,216000,144000,72000
SO-03391,2025-11-18,C0261,P007,4,98000,0.08,360640,280000,80640
SO-03392,2025-11-18,C0265,P007,2,98000,0.03,190120,140000,50120
SO-03393,2025-11-18,C0233,P011,2,27000,0.05,51300,32000,19300
SO-03394,2025-11-18,C0074,P011,11,27000,0.05,282150,176000,106150
SO-03395,2025-11-18,C0301,P001,4,65000,0.05,247000,168000,79000
SO-03396,2025-11-18,C0318,P004,1,47000,0,47000,28000,19000
SO-03397,2025-11-18,C0268,P003,1,140000,0.05,133000,95000,38000
SO-03398,2025-11-18,C0291,P001,1,65000,0.03,63050,42000,21050
SO-03399,2025-11-18,C0191,P004,2,47000,0,94000,56000,38000
SO-03400,2025-11-18,C0349,P007,10,98000,0.1,882000,700000,182000
SO-03401,2025-11-18,C0150,P004,3,47000,0,141000,84000,57000
SO-03402,2025-11-18,C0186,P001,1,65000,0.05,61750,42000,19750
SO-03403,2025-11-18,C0301,P002,9,59000,0.1,477900,342000,135900
SO-03404,2025-11-18,C0001,P008,2,420000,0.05,798000,620000,178000
SO-03405,2025-11-19,C0035,P007,2,98000,0.05,186200,140000,46200
SO-03406,2025-11-19,C0148,P002,4,59000,0,236000,152000,84000
SO-03407,2025-11-19,C0115,P011,4,27000,0.03,104760,64000,40760
SO-03408,2025-11-19,C0376,P010,3,72000,0.05,205200,144000,61200
SO-03409,2025-11-19,C0311,P010,1,72000,0,72000,48000,24000
SO-03410,2025-11-19,C0249,P001,1,65000,0,65000,42000,23000
SO-03411,2025-11-19,C0231,P010,2,72000,0.05,136800,96000,40800
SO-03412,2025-11-19,C0052,P006,5,130000,0,650000,425000,225000
SO-03413,2025-11-19,C0310,P007,6,98000,0.05,558600,420000,138600
SO-03414,2025-11-19,C0384,P010,2,72000,0.05,136800,96000,40800
SO-03415,2025-11-19,C0309,P010,7,72000,0.12,443520,336000,107520
SO-03416,2025-11-20,C0169,P002,1,59000,0.05,56050,38000,18050
SO-03417,2025-11-20,C0337,P003,4,140000,0.08,515200,380000,135200
SO-03418,2025-11-20,C0161,P001,9,65000,0.1,526500,378000,148500
SO-03419,2025-11-20,C0030,P010,1,72000,0.03,69840,48000,21840
SO-03420,2025-11-20,C0101,P001,2,65000,0.03,126100,84000,42100
SO-03421,2025-11-20,C0315,P007,3,98000,0,294000,210000,84000
SO-03422,2025-11-20,C0340,P003,5,140000,0.05,665000,475000,190000
SO-03423,2025-11-20,C0204,P007,7,98000,0.05,651700,490000,161700
SO-03424,2025-11-20,C0357,P004,1,47000,0.03,45590,28000,17590
SO-03425,2025-11-20,C0020,P006,1,130000,0.05,123500,85000,38500
SO-03426,2025-11-20,C0147,P002,2,59000,0.1,106200,76000,30200
SO-03427,2025-11-20,C0243,P007,5,98000,0.1,441000,350000,91000
SO-03428,2025-11-20,C0115,P002,4,59000,0,236000,152000,84000
SO-03429,2025-11-21,C0307,P009,1,690000,0,690000,520000,170000
SO-03430,2025-11-21,C0298,P007,5,98000,0,490000,350000,140000
SO-03431,2025-11-21,C0126,P010,5,72000,0.03,349200,240000,109200
SO-03432,2025-11-21,C0321,P010,2,72000,0.05,136800,96000,40800
SO-03433,2025-11-21,C0034,P005,10,180000,0.05,1710000,1200000,510000
SO-03434,2025-11-21,C0361,P011,5,27000,0.03,130950,80000,50950
SO-03435,2025-11-21,C0330,P003,3,140000,0,420000,285000,135000
SO-03436,2025-11-21,C0399,P002,2,59000,0,118000,76000,42000
SO-03437,2025-11-21,C0143,P009,4,690000,0.03,2677200,2080000,597200
SO-03438,2025-11-21,C0314,P011,1,27000,0.03,26190,16000,10190
SO-03439,2025-11-21,C0379,P002,5,59000,0.05,280250,190000,90250
SO-03440,2025-11-21,C0415,P007,14,98000,0.08,1262240,980000,282240
SO-03441,2025-11-21,C0113,P005,1,180000,0.03,174600,120000,54600
SO-03442,2025-11-21,C0211,P005,9,180000,0.05,1539000,1080000,459000
SO-03443,2025-11-21,C0153,P007,1,98000,0,98000,70000,28000
SO-03444,2025-11-21,C0212,P004,1,47000,0.05,44650,28000,16650
SO-03445,2025-11-21,C0280,P009,2,690000,0,1380000,1040000,340000
SO-03446,2025-11-22,C0301,P004,13,47000,0.08,562120,364000,198120
SO-03447,2025-11-22,C0057,P007,3,98000,0,294000,210000,84000
SO-03448,2025-11-22,C0361,P003,1,140000,0.05,133000,95000,38000
SO-03449,2025-11-22,C0276,P002,4,59000,0,236000,152000,84000
SO-03450,2025-11-24,C0335,P001,2,65000,0.05,123500,84000,39500
SO-03451,2025-11-24,C0292,P011,10,27000,0.08,248400,160000,88400
SO-03452,2025-11-24,C0146,P002,5,59000,0.05,280250,190000,90250
SO-03453,2025-11-24,C0410,P001,12,65000,0.12,686400,504000,182400
SO-03454,2025-11-24,C0042,P010,2,72000,0.03,139680,96000,43680
SO-03455,2025-11-24,C0053,P010,5,72000,0.03,349200,240000,109200
SO-03456,2025-11-24,C0042,P001,2,65000,0.03,126100,84000,42100
SO-03457,2025-11-24,C0144,P011,2,27000,0,54000,32000,22000
SO-03458,2025-11-24,C0398,P012,2,320000,0.05,608000,460000,148000
SO-03459,2025-11-24,C0052,P003,4,140000,0.03,543200,380000,163200
SO-03460,2025-11-24,C0409,P006,3,130000,0,390000,255000,135000
SO-03461,2025-11-24,C0240,P004,3,47000,0,141000,84000,57000
SO-03462,2025-11-24,C0042,P011,2,27000,0,54000,32000,22000
SO-03463,2025-11-24,C0180,P006,3,130000,0,390000,255000,135000
SO-03464,2025-11-24,C0110,P002,6,59000,0.12,311520,228000,83520
SO-03465,2025-11-25,C0165,P011,1,27000,0,27000,16000,11000
SO-03466,2025-11-25,C0308,P005,4,180000,0.03,698400,480000,218400
SO-03467,2025-11-25,C0405,P003,4,140000,0.08,515200,380000,135200
SO-03468,2025-11-25,C0125,P007,1,98000,0.03,95060,70000,25060
SO-03469,2025-11-25,C0280,P004,2,47000,0,94000,56000,38000
SO-03470,2025-11-25,C0411,P010,2,72000,0,144000,96000,48000
SO-03471,2025-11-25,C0319,P005,5,180000,0.05,855000,600000,255000
SO-03472,2025-11-25,C0155,P011,7,27000,0.05,179550,112000,67550
SO-03473,2025-11-25,C0030,P008,5,420000,0.05,1995000,1550000,445000
SO-03474,2025-11-26,C0339,P003,1,140000,0,140000,95000,45000
SO-03475,2025-11-26,C0123,P004,1,47000,0.03,45590,28000,17590
SO-03476,2025-11-26,C0045,P005,7,180000,0.08,1159200,840000,319200
SO-03477,2025-11-26,C0376,P003,11,140000,0.05,1463000,1045000,418000
SO-03478,2025-11-26,C0392,P005,12,180000,0.05,2052000,1440000,612000
SO-03479,2025-11-26,C0067,P008,12,420000,0.12,4435200,3720000,715200
SO-03480,2025-11-26,C0405,P002,9,59000,0.1,477900,342000,135900
SO-03481,2025-11-26,C0057,P005,1,180000,0.03,174600,120000,54600
SO-03482,2025-11-26,C0396,P005,14,180000,0.05,2394000,1680000,714000
SO-03483,2025-11-26,C0219,P004,9,47000,0.1,380700,252000,128700
SO-03484,2025-11-26,C0298,P002,3,59000,0.03,171690,114000,57690
SO-03485,2025-11-26,C0333,P007,5,98000,0,490000,350000,140000
SO-03486,2025-11-26,C0087,P010,12,72000,0.1,777600,576000,201600
SO-03487,2025-11-26,C0400,P005,5,180000,0.12,792000,600000,192000
SO-03488,2025-11-26,C0129,P003,4,140000,0.1,504000,380000,124000
SO-03489,2025-11-27,C0216,P011,3,27000,0,81000,48000,33000
SO-03490,2025-11-27,C0210,P011,1,27000,0,27000,16000,11000
SO-03491,2025-11-27,C0041,P001,5,65000,0.08,299000,210000,89000
SO-03492,2025-11-27,C0066,P012,2,320000,0.03,620800,460000,160800
SO-03493,2025-11-27,C0301,P001,3,65000,0.12,171600,126000,45600
SO-03494,2025-11-27,C0089,P007,2,98000,0.03,190120,140000,50120
SO-03495,2025-11-27,C0375,P001,4,65000,0.12,228800,168000,60800
SO-03496,2025-11-27,C0167,P010,5,72000,0.05,342000,240000,102000
SO-03497,2025-11-27,C0094,P010,7,72000,0.1,453600,336000,117600
SO-03498,2025-11-27,C0104,P007,4,98000,0,392000,280000,112000
SO-03499,2025-11-27,C0388,P006,1,130000,0,130000,85000,45000
SO-03500,2025-11-27,C0170,P004,4,47000,0.05,178600,112000,66600
SO-03501,2025-11-28,C0242,P005,3,180000,0,540000,360000,180000
SO-03502,2025-11-28,C0141,P001,2,65000,0,130000,84000,46000
SO-03503,2025-11-28,C0256,P005,3,180000,0.08,496800,360000,136800
SO-03504,2025-11-28,C0078,P006,2,130000,0.05,247000,170000,77000
SO-03505,2025-11-28,C0347,P002,2,59000,0,118000,76000,42000
SO-03506,2025-11-28,C0385,P012,7,320000,0.1,2016000,1610000,406000
SO-03507,2025-11-28,C0190,P011,3,27000,0,81000,48000,33000
SO-03508,2025-11-28,C0336,P002,11,59000,0.1,584100,418000,166100
SO-03509,2025-11-28,C0293,P001,1,65000,0.03,63050,42000,21050
SO-03510,2025-11-28,C0113,P004,1,47000,0.03,45590,28000,17590
SO-03511,2025-11-28,C0085,P010,13,72000,0.08,861120,624000,237120
SO-03512,2025-11-28,C0190,P009,2,690000,0,1380000,1040000,340000
SO-03513,2025-11-28,C0177,P011,8,27000,0.08,198720,128000,70720
SO-03514,2025-11-29,C0063,P003,3,140000,0.05,399000,285000,114000
SO-03515,2025-11-29,C0073,P008,9,420000,0.08,3477600,2790000,687600
SO-03516,2025-11-30,C0249,P002,1,59000,0.05,56050,38000,18050
SO-03517,2025-12-01,C0114,P004,1,47000,0.05,44650,28000,16650
SO-03518,2025-12-01,C0060,P009,12,690000,0.08,7617600,6240000,1377600
SO-03519,2025-12-01,C0034,P010,7,72000,0.08,463680,336000,127680
SO-03520,2025-12-01,C0374,P001,1,65000,0,65000,42000,23000
SO-03521,2025-12-01,C0238,P010,4,72000,0.08,264960,192000,72960
SO-03522,2025-12-01,C0420,P006,4,130000,0,520000,340000,180000
SO-03523,2025-12-01,C0063,P001,5,65000,0.05,308750,210000,98750
SO-03524,2025-12-01,C0356,P005,1,180000,0.05,171000,120000,51000
SO-03525,2025-12-01,C0092,P011,4,27000,0,108000,64000,44000
SO-03526,2025-12-01,C0402,P004,1,47000,0.03,45590,28000,17590
SO-03527,2025-12-01,C0377,P001,2,65000,0.05,123500,84000,39500
SO-03528,2025-12-01,C0236,P007,1,98000,0.03,95060,70000,25060
SO-03529,2025-12-01,C0412,P002,1,59000,0,59000,38000,21000
SO-03530,2025-12-01,C0071,P009,2,690000,0.05,1311000,1040000,271000
SO-03531,2025-12-01,C0096,P004,1,47000,0.03,45590,28000,17590
SO-03532,2025-12-01,C0222,P011,13,27000,0.12,308880,208000,100880
SO-03533,2025-12-02,C0146,P010,13,72000,0.1,842400,624000,218400
SO-03534,2025-12-02,C0307,P010,2,72000,0.03,139680,96000,43680
SO-03535,2025-12-02,C0362,P005,1,180000,0.05,171000,120000,51000
SO-03536,2025-12-02,C0066,P001,2,65000,0.05,123500,84000,39500
SO-03537,2025-12-02,C0082,P012,3,320000,0.03,931200,690000,241200
SO-03538,2025-12-02,C0339,P001,3,65000,0.05,185250,126000,59250
SO-03539,2025-12-02,C0280,P007,1,98000,0.03,95060,70000,25060
SO-03540,2025-12-02,C0196,P004,3,47000,0.05,133950,84000,49950
SO-03541,2025-12-02,C0121,P011,10,27000,0.08,248400,160000,88400
SO-03542,2025-12-02,C0288,P009,1,690000,0.05,655500,520000,135500
SO-03543,2025-12-02,C0007,P005,12,180000,0.08,1987200,1440000,547200
SO-03544,2025-12-02,C0328,P010,14,72000,0.12,887040,672000,215040
SO-03545,2025-12-02,C0345,P006,3,130000,0,390000,255000,135000
SO-03546,2025-12-03,C0164,P002,3,59000,0.1,159300,114000,45300
SO-03547,2025-12-03,C0414,P007,2,98000,0,196000,140000,56000
SO-03548,2025-12-03,C0357,P002,1,59000,0.03,57230,38000,19230
SO-03549,2025-12-03,C0222,P007,4,98000,0.1,352800,280000,72800
SO-03550,2025-12-03,C0090,P007,5,98000,0,490000,350000,140000
SO-03551,2025-12-03,C0069,P011,7,27000,0.05,179550,112000,67550
SO-03552,2025-12-03,C0051,P004,5,47000,0,235000,140000,95000
SO-03553,2025-12-03,C0352,P003,2,140000,0,280000,190000,90000
SO-03554,2025-12-03,C0033,P005,3,180000,0.05,513000,360000,153000
SO-03555,2025-12-03,C0261,P002,11,59000,0.12,571120,418000,153120
SO-03556,2025-12-03,C0192,P003,5,140000,0.05,665000,475000,190000
SO-03557,2025-12-03,C0253,P012,1,320000,0,320000,230000,90000
SO-03558,2025-12-03,C0156,P010,5,72000,0,360000,240000,120000
SO-03559,2025-12-03,C0011,P005,1,180000,0,180000,120000,60000
SO-03560,2025-12-03,C0420,P001,3,65000,0.03,189150,126000,63150
SO-03561,2025-12-03,C0339,P007,5,98000,0,490000,350000,140000
SO-03562,2025-12-04,C0230,P004,11,47000,0.12,454960,308000,146960
SO-03563,2025-12-04,C0216,P006,1,130000,0.03,126100,85000,41100
SO-03564,2025-12-04,C0186,P010,1,72000,0.05,68400,48000,20400
SO-03565,2025-12-04,C0105,P010,2,72000,0,144000,96000,48000
SO-03566,2025-12-04,C0306,P003,5,140000,0.05,665000,475000,190000
SO-03567,2025-12-04,C0081,P009,3,690000,0.1,1863000,1560000,303000
SO-03568,2025-12-04,C0340,P004,1,47000,0.03,45590,28000,17590
SO-03569,2025-12-04,C0111,P011,12,27000,0.05,307800,192000,115800
SO-03570,2025-12-04,C0350,P005,3,180000,0,540000,360000,180000
SO-03571,2025-12-04,C0317,P007,3,98000,0,294000,210000,84000
SO-03572,2025-12-04,C0109,P007,1,98000,0.03,95060,70000,25060
SO-03573,2025-12-04,C0058,P007,2,98000,0.05,186200,140000,46200
SO-03574,2025-12-05,C0345,P004,1,47000,0,47000,28000,19000
SO-03575,2025-12-05,C0170,P007,8,98000,0.1,705600,560000,145600
SO-03576,2025-12-05,C0258,P005,3,180000,0.05,513000,360000,153000
SO-03577,2025-12-05,C0143,P004,2,47000,0,94000,56000,38000
SO-03578,2025-12-05,C0178,P004,1,47000,0.03,45590,28000,17590
SO-03579,2025-12-05,C0314,P009,2,690000,0.03,1338600,1040000,298600
SO-03580,2025-12-05,C0185,P008,5,420000,0.03,2037000,1550000,487000
SO-03581,2025-12-05,C0413,P004,5,47000,0,235000,140000,95000
SO-03582,2025-12-05,C0043,P006,11,130000,0.05,1358500,935000,423500
SO-03583,2025-12-06,C0126,P001,1,65000,0,65000,42000,23000
SO-03584,2025-12-06,C0287,P005,4,180000,0.05,684000,480000,204000
SO-03585,2025-12-06,C0417,P001,4,65000,0,260000,168000,92000
SO-03586,2025-12-06,C0240,P006,5,130000,0,650000,425000,225000
SO-03587,2025-12-06,C0285,P003,4,140000,0,560000,380000,180000
SO-03588,2025-12-06,C0139,P003,13,140000,0.12,1601600,1235000,366600
SO-03589,2025-12-06,C0178,P002,2,59000,0,118000,76000,42000
SO-03590,2025-12-07,C0321,P001,3,65000,0.03,189150,126000,63150
SO-03591,2025-12-07,C0091,P011,1,27000,0.03,26190,16000,10190
SO-03592,2025-12-07,C0057,P005,5,180000,0,900000,600000,300000
SO-03593,2025-12-08,C0067,P005,6,180000,0.08,993600,720000,273600
SO-03594,2025-12-08,C0376,P002,13,59000,0.12,674960,494000,180960
SO-03595,2025-12-08,C0301,P010,6,72000,0.08,397440,288000,109440
SO-03596,2025-12-08,C0242,P004,3,47000,0,141000,84000,57000
SO-03597,2025-12-08,C0330,P009,5,690000,0.05,3277500,2600000,677500
SO-03598,2025-12-08,C0415,P001,2,65000,0.12,114400,84000,30400
SO-03599,2025-12-08,C0057,P001,1,65000,0,65000,42000,23000
SO-03600,2025-12-08,C0394,P003,10,140000,0.12,1232000,950000,282000
SO-03601,2025-12-08,C0012,P001,1,65000,0.05,61750,42000,19750
SO-03602,2025-12-08,C0082,P007,3,98000,0,294000,210000,84000
SO-03603,2025-12-08,C0413,P011,3,27000,0.03,78570,48000,30570
SO-03604,2025-12-08,C0077,P001,1,65000,0.03,63050,42000,21050
SO-03605,2025-12-08,C0267,P004,3,47000,0.1,126900,84000,42900
SO-03606,2025-12-08,C0197,P005,1,180000,0.03,174600,120000,54600
SO-03607,2025-12-08,C0189,P002,14,59000,0.1,743400,532000,211400
SO-03608,2025-12-08,C0021,P004,1,47000,0.03,45590,28000,17590
SO-03609,2025-12-08,C0393,P007,5,98000,0.03,475300,350000,125300
SO-03610,2025-12-09,C0174,P005,1,180000,0.05,171000,120000,51000
SO-03611,2025-12-09,C0183,P004,11,47000,0.1,465300,308000,157300
SO-03612,2025-12-09,C0166,P011,2,27000,0.05,51300,32000,19300
SO-03613,2025-12-09,C0291,P011,1,27000,0.05,25650,16000,9650
SO-03614,2025-12-09,C0077,P003,2,140000,0,280000,190000,90000
SO-03615,2025-12-09,C0200,P001,5,65000,0,325000,210000,115000
SO-03616,2025-12-09,C0389,P011,14,27000,0.12,332640,224000,108640
SO-03617,2025-12-09,C0391,P001,1,65000,0.05,61750,42000,19750
SO-03618,2025-12-09,C0020,P002,2,59000,0,118000,76000,42000
SO-03619,2025-12-09,C0405,P011,14,27000,0.12,332640,224000,108640
SO-03620,2025-12-09,C0047,P001,5,65000,0.05,308750,210000,98750
SO-03621,2025-12-09,C0283,P001,1,65000,0,65000,42000,23000
SO-03622,2025-12-09,C0246,P011,2,27000,0.05,51300,32000,19300
SO-03623,2025-12-09,C0293,P009,1,690000,0,690000,520000,170000
SO-03624,2025-12-09,C0131,P011,6,27000,0.05,153900,96000,57900
SO-03625,2025-12-09,C0263,P002,4,59000,0,236000,152000,84000
SO-03626,2025-12-09,C0168,P011,6,27000,0.05,153900,96000,57900
SO-03627,2025-12-09,C0256,P004,7,47000,0.08,302680,196000,106680
SO-03628,2025-12-09,C0079,P002,9,59000,0.05,504450,342000,162450
SO-03629,2025-12-10,C0283,P010,2,72000,0.05,136800,96000,40800
SO-03630,2025-12-10,C0186,P007,2,98000,0.05,186200,140000,46200
SO-03631,2025-12-10,C0202,P001,2,65000,0.05,123500,84000,39500
SO-03632,2025-12-10,C0095,P004,4,47000,0.12,165440,112000,53440
SO-03633,2025-12-10,C0175,P011,1,27000,0.03,26190,16000,10190
SO-03634,2025-12-10,C0339,P004,4,47000,0,188000,112000,76000
SO-03635,2025-12-10,C0099,P009,10,690000,0.08,6348000,5200000,1148000
SO-03636,2025-12-10,C0237,P010,6,72000,0.05,410400,288000,122400
SO-03637,2025-12-10,C0288,P006,2,130000,0.03,252200,170000,82200
SO-03638,2025-12-10,C0027,P006,3,130000,0,390000,255000,135000
SO-03639,2025-12-10,C0198,P010,3,72000,0.05,205200,144000,61200
SO-03640,2025-12-10,C0258,P002,9,59000,0.08,488520,342000,146520
SO-03641,2025-12-10,C0320,P001,3,65000,0.05,185250,126000,59250
SO-03642,2025-12-10,C0385,P005,5,180000,0.08,828000,600000,228000
SO-03643,2025-12-10,C0292,P011,5,27000,0.12,118800,80000,38800
SO-03644,2025-12-10,C0043,P012,11,320000,0.05,3344000,2530000,814000
SO-03645,2025-12-10,C0386,P011,5,27000,0,135000,80000,55000
SO-03646,2025-12-11,C0088,P001,9,65000,0.05,555750,378000,177750
SO-03647,2025-12-11,C0403,P007,1,98000,0,98000,70000,28000
SO-03648,2025-12-11,C0318,P007,1,98000,0.03,95060,70000,25060
SO-03649,2025-12-11,C0390,P004,2,47000,0.03,91180,56000,35180
SO-03650,2025-12-11,C0405,P001,7,65000,0.05,432250,294000,138250
SO-03651,2025-12-11,C0318,P006,2,130000,0,260000,170000,90000
SO-03652,2025-12-11,C0076,P002,2,59000,0.03,114460,76000,38460
SO-03653,2025-12-11,C0192,P011,3,27000,0.05,76950,48000,28950
SO-03654,2025-12-11,C0223,P004,2,47000,0.05,89300,56000,33300
SO-03655,2025-12-11,C0090,P011,2,27000,0,54000,32000,22000
SO-03656,2025-12-11,C0406,P003,5,140000,0,700000,475000,225000
SO-03657,2025-12-12,C0317,P002,1,59000,0,59000,38000,21000
SO-03658,2025-12-12,C0410,P002,7,59000,0.05,392350,266000,126350
SO-03659,2025-12-12,C0214,P007,4,98000,0,392000,280000,112000
SO-03660,2025-12-12,C0237,P007,12,98000,0.05,1117200,840000,277200
SO-03661,2025-12-12,C0251,P007,4,98000,0.1,352800,280000,72800
SO-03662,2025-12-12,C0206,P012,1,320000,0.05,304000,230000,74000
SO-03663,2025-12-12,C0064,P004,1,47000,0,47000,28000,19000
SO-03664,2025-12-12,C0235,P007,1,98000,0.05,93100,70000,23100
SO-03665,2025-12-12,C0082,P011,2,27000,0.03,52380,32000,20380
SO-03666,2025-12-12,C0268,P007,1,98000,0,98000,70000,28000
SO-03667,2025-12-12,C0399,P001,5,65000,0.05,308750,210000,98750
SO-03668,2025-12-12,C0317,P004,2,47000,0,94000,56000,38000
SO-03669,2025-12-12,C0025,P003,14,140000,0.08,1803200,1330000,473200
SO-03670,2025-12-12,C0283,P002,1,59000,0.05,56050,38000,18050
SO-03671,2025-12-12,C0372,P004,4,47000,0.08,172960,112000,60960
SO-03672,2025-12-12,C0026,P001,13,65000,0.05,802750,546000,256750
SO-03673,2025-12-12,C0361,P005,2,180000,0,360000,240000,120000
SO-03674,2025-12-12,C0184,P010,1,72000,0.05,68400,48000,20400
SO-03675,2025-12-12,C0330,P007,3,98000,0.03,285180,210000,75180
SO-03676,2025-12-12,C0410,P011,2,27000,0.12,47520,32000,15520
SO-03677,2025-12-13,C0249,P007,2,98000,0.03,190120,140000,50120
SO-03678,2025-12-13,C0114,P002,1,59000,0,59000,38000,21000
SO-03679,2025-12-13,C0262,P011,3,27000,0.05,76950,48000,28950
SO-03680,2025-12-13,C0173,P004,2,47000,0,94000,56000,38000
SO-03681,2025-12-13,C0138,P010,11,72000,0.12,696960,528000,168960
SO-03682,2025-12-13,C0237,P004,12,47000,0.08,518880,336000,182880
SO-03683,2025-12-13,C0295,P006,2,130000,0.03,252200,170000,82200
SO-03684,2025-12-13,C0107,P002,3,59000,0.03,171690,114000,57690
SO-03685,2025-12-14,C0106,P007,1,98000,0,98000,70000,28000
SO-03686,2025-12-14,C0235,P002,1,59000,0.03,57230,38000,19230
SO-03687,2025-12-14,C0394,P011,9,27000,0.08,223560,144000,79560
SO-03688,2025-12-14,C0386,P003,5,140000,0,700000,475000,225000
SO-03689,2025-12-14,C0173,P004,1,47000,0.05,44650,28000,16650
SO-03690,2025-12-14,C0124,P002,2,59000,0.03,114460,76000,38460
SO-03691,2025-12-14,C0190,P002,2,59000,0.05,112100,76000,36100
SO-03692,2025-12-14,C0015,P006,2,130000,0.08,239200,170000,69200
SO-03693,2025-12-14,C0411,P007,2,98000,0.05,186200,140000,46200
SO-03694,2025-12-14,C0116,P010,2,72000,0,144000,96000,48000
SO-03695,2025-12-14,C0299,P001,5,65000,0.03,315250,210000,105250
SO-03696,2025-12-14,C0373,P010,4,72000,0.05,273600,192000,81600
SO-03697,2025-12-14,C0184,P011,5,27000,0.05,128250,80000,48250
SO-03698,2025-12-15,C0130,P011,1,27000,0,27000,16000,11000
SO-03699,2025-12-15,C0228,P011,11,27000,0.1,267300,176000,91300
SO-03700,2025-12-15,C0096,P006,1,130000,0.03,126100,85000,41100
SO-03701,2025-12-15,C0377,P011,2,27000,0,54000,32000,22000
SO-03702,2025-12-15,C0414,P006,2,130000,0.05,247000,170000,77000
SO-03703,2025-12-15,C0096,P005,1,180000,0,180000,120000,60000
SO-03704,2025-12-15,C0415,P011,13,27000,0.05,333450,208000,125450
SO-03705,2025-12-15,C0316,P007,5,98000,0.03,475300,350000,125300
SO-03706,2025-12-15,C0156,P012,2,320000,0,640000,460000,180000
SO-03707,2025-12-15,C0270,P011,1,27000,0,27000,16000,11000
SO-03708,2025-12-15,C0146,P010,11,72000,0.05,752400,528000,224400
SO-03709,2025-12-15,C0009,P006,14,130000,0.08,1674400,1190000,484400
SO-03710,2025-12-15,C0348,P001,2,65000,0.03,126100,84000,42100
SO-03711,2025-12-15,C0053,P011,2,27000,0.03,52380,32000,20380
SO-03712,2025-12-15,C0353,P005,13,180000,0.1,2106000,1560000,546000
SO-03713,2025-12-15,C0251,P008,7,420000,0.08,2704800,2170000,534800
SO-03714,2025-12-15,C0325,P007,1,98000,0.05,93100,70000,23100
SO-03715,2025-12-15,C0287,P009,5,690000,0.05,3277500,2600000,677500
SO-03716,2025-12-15,C0044,P005,4,180000,0,720000,480000,240000
SO-03717,2025-12-15,C0298,P002,3,59000,0.03,171690,114000,57690
SO-03718,2025-12-16,C0419,P005,3,180000,0.03,523800,360000,163800
SO-03719,2025-12-16,C0116,P007,4,98000,0.03,380240,280000,100240
SO-03720,2025-12-16,C0146,P011,13,27000,0.05,333450,208000,125450
SO-03721,2025-12-16,C0155,P010,2,72000,0.08,132480,96000,36480
SO-03722,2025-12-16,C0349,P010,8,72000,0.12,506880,384000,122880
SO-03723,2025-12-16,C0317,P001,4,65000,0.03,252200,168000,84200
SO-03724,2025-12-16,C0202,P002,2,59000,0.05,112100,76000,36100
SO-03725,2025-12-16,C0282,P001,1,65000,0,65000,42000,23000
SO-03726,2025-12-16,C0228,P006,6,130000,0.05,741000,510000,231000
SO-03727,2025-12-16,C0344,P002,2,59000,0,118000,76000,42000
SO-03728,2025-12-16,C0388,P007,1,98000,0.05,93100,70000,23100
SO-03729,2025-12-16,C0106,P007,5,98000,0,490000,350000,140000
SO-03730,2025-12-17,C0142,P008,5,420000,0.05,1995000,1550000,445000
SO-03731,2025-12-17,C0302,P004,3,47000,0,141000,84000,57000
SO-03732,2025-12-17,C0071,P005,2,180000,0,360000,240000,120000
SO-03733,2025-12-17,C0221,P004,2,47000,0.05,89300,56000,33300
SO-03734,2025-12-17,C0098,P007,2,98000,0.1,176400,140000,36400
SO-03735,2025-12-17,C0354,P007,5,98000,0,490000,350000,140000
SO-03736,2025-12-17,C0144,P001,4,65000,0.03,252200,168000,84200
SO-03737,2025-12-17,C0102,P007,2,98000,0.03,190120,140000,50120
SO-03738,2025-12-17,C0072,P009,1,690000,0,690000,520000,170000
SO-03739,2025-12-17,C0133,P011,5,27000,0,135000,80000,55000
SO-03740,2025-12-17,C0183,P002,4,59000,0.05,224200,152000,72200
SO-03741,2025-12-17,C0072,P002,2,59000,0,118000,76000,42000
SO-03742,2025-12-17,C0306,P011,4,27000,0,108000,64000,44000
SO-03743,2025-12-17,C0002,P003,5,140000,0,700000,475000,225000
SO-03744,2025-12-17,C0082,P001,3,65000,0,195000,126000,69000
SO-03745,2025-12-17,C0003,P010,1,72000,0,72000,48000,24000
SO-03746,2025-12-17,C0308,P002,2,59000,0,118000,76000,42000
SO-03747,2025-12-17,C0350,P011,4,27000,0,108000,64000,44000
SO-03748,2025-12-18,C0321,P007,4,98000,0.03,380240,280000,100240
SO-03749,2025-12-18,C0016,P006,13,130000,0.05,1605500,1105000,500500
SO-03750,2025-12-18,C0169,P010,3,72000,0.03,209520,144000,65520
SO-03751,2025-12-18,C0026,P011,7,27000,0.12,166320,112000,54320
SO-03752,2025-12-18,C0062,P002,2,59000,0.1,106200,76000,30200
SO-03753,2025-12-18,C0151,P004,1,47000,0,47000,28000,19000
SO-03754,2025-12-18,C0403,P007,2,98000,0,196000,140000,56000
SO-03755,2025-12-18,C0113,P005,1,180000,0.03,174600,120000,54600
SO-03756,2025-12-18,C0147,P002,14,59000,0.1,743400,532000,211400
SO-03757,2025-12-18,C0419,P002,3,59000,0,177000,114000,63000
SO-03758,2025-12-18,C0008,P010,2,72000,0.03,139680,96000,43680
SO-03759,2025-12-18,C0402,P002,1,59000,0.05,56050,38000,18050
SO-03760,2025-12-18,C0420,P010,1,72000,0,72000,48000,24000
SO-03761,2025-12-18,C0193,P003,2,140000,0,280000,190000,90000
SO-03762,2025-12-19,C0406,P010,2,72000,0.03,139680,96000,43680
SO-03763,2025-12-19,C0273,P008,1,420000,0.03,407400,310000,97400
SO-03764,2025-12-19,C0225,P004,4,47000,0.1,169200,112000,57200
SO-03765,2025-12-19,C0186,P004,2,47000,0,94000,56000,38000
SO-03766,2025-12-19,C0126,P011,4,27000,0,108000,64000,44000
SO-03767,2025-12-19,C0280,P001,2,65000,0.05,123500,84000,39500
SO-03768,2025-12-19,C0310,P002,14,59000,0.1,743400,532000,211400
SO-03769,2025-12-19,C0048,P009,3,690000,0,2070000,1560000,510000
SO-03770,2025-12-19,C0272,P001,1,65000,0.05,61750,42000,19750
SO-03771,2025-12-19,C0039,P007,1,98000,0.03,95060,70000,25060
SO-03772,2025-12-19,C0159,P005,4,180000,0,720000,480000,240000
SO-03773,2025-12-19,C0211,P004,12,47000,0.12,496320,336000,160320
SO-03774,2025-12-19,C0419,P005,2,180000,0,360000,240000,120000
SO-03775,2025-12-19,C0287,P001,4,65000,0,260000,168000,92000
SO-03776,2025-12-19,C0268,P004,1,47000,0.05,44650,28000,16650
SO-03777,2025-12-19,C0088,P003,11,140000,0.05,1463000,1045000,418000
SO-03778,2025-12-19,C0015,P005,11,180000,0.05,1881000,1320000,561000
SO-03779,2025-12-20,C0166,P005,5,180000,0,900000,600000,300000
SO-03780,2025-12-20,C0124,P005,2,180000,0.03,349200,240000,109200
SO-03781,2025-12-20,C0187,P005,3,180000,0.03,523800,360000,163800
SO-03782,2025-12-20,C0309,P012,11,320000,0.05,3344000,2530000,814000
SO-03783,2025-12-20,C0264,P011,1,27000,0,27000,16000,11000
SO-03784,2025-12-20,C0311,P001,4,65000,0.05,247000,168000,79000
SO-03785,2025-12-20,C0337,P012,8,320000,0.08,2355200,1840000,515200
SO-03786,2025-12-21,C0319,P011,3,27000,0,81000,48000,33000
SO-03787,2025-12-21,C0069,P003,8,140000,0.05,1064000,760000,304000
SO-03788,2025-12-21,C0201,P010,2,72000,0.05,136800,96000,40800
SO-03789,2025-12-21,C0218,P011,2,27000,0.03,52380,32000,20380
SO-03790,2025-12-21,C0006,P004,4,47000,0.05,178600,112000,66600
SO-03791,2025-12-22,C0111,P005,3,180000,0.12,475200,360000,115200
SO-03792,2025-12-22,C0286,P002,13,59000,0.08,705640,494000,211640
SO-03793,2025-12-22,C0277,P004,2,47000,0.03,91180,56000,35180
SO-03794,2025-12-22,C0357,P003,1,140000,0,140000,95000,45000
SO-03795,2025-12-22,C0381,P006,1,130000,0.05,123500,85000,38500
SO-03796,2025-12-22,C0410,P006,9,130000,0.1,1053000,765000,288000
SO-03797,2025-12-22,C0065,P010,8,72000,0.1,518400,384000,134400
SO-03798,2025-12-22,C0124,P010,2,72000,0.03,139680,96000,43680
SO-03799,2025-12-22,C0018,P007,4,98000,0.08,360640,280000,80640
SO-03800,2025-12-22,C0128,P001,1,65000,0.03,63050,42000,21050
SO-03801,2025-12-22,C0014,P001,1,65000,0,65000,42000,23000
SO-03802,2025-12-22,C0125,P010,3,72000,0.03,209520,144000,65520
SO-03803,2025-12-22,C0042,P009,2,690000,0,1380000,1040000,340000
SO-03804,2025-12-22,C0037,P011,6,27000,0.05,153900,96000,57900
SO-03805,2025-12-22,C0134,P004,6,47000,0.1,253800,168000,85800
SO-03806,2025-12-22,C0176,P007,1,98000,0,98000,70000,28000
SO-03807,2025-12-22,C0364,P004,7,47000,0.08,302680,196000,106680
SO-03808,2025-12-23,C0353,P003,10,140000,0.05,1330000,950000,380000
SO-03809,2025-12-23,C0032,P002,3,59000,0,177000,114000,63000
SO-03810,2025-12-23,C0162,P004,1,47000,0.05,44650,28000,16650
SO-03811,2025-12-23,C0416,P010,3,72000,0.12,190080,144000,46080
SO-03812,2025-12-23,C0291,P002,2,59000,0,118000,76000,42000
SO-03813,2025-12-23,C0319,P002,4,59000,0,236000,152000,84000
SO-03814,2025-12-23,C0096,P006,2,130000,0.05,247000,170000,77000
SO-03815,2025-12-23,C0019,P005,5,180000,0,900000,600000,300000
SO-03816,2025-12-23,C0146,P002,10,59000,0.05,560500,380000,180500
SO-03817,2025-12-23,C0314,P005,3,180000,0,540000,360000,180000
SO-03818,2025-12-23,C0390,P011,1,27000,0.03,26190,16000,10190
SO-03819,2025-12-23,C0080,P009,5,690000,0,3450000,2600000,850000
SO-03820,2025-12-23,C0022,P007,2,98000,0,196000,140000,56000
SO-03821,2025-12-23,C0411,P011,2,27000,0,54000,32000,22000
SO-03822,2025-12-23,C0160,P002,10,59000,0.1,531000,380000,151000
SO-03823,2025-12-23,C0097,P004,5,47000,0.05,223250,140000,83250
SO-03824,2025-12-23,C0416,P004,4,47000,0.05,178600,112000,66600
SO-03825,2025-12-23,C0326,P010,3,72000,0.05,205200,144000,61200
SO-03826,2025-12-24,C0182,P012,5,320000,0.03,1552000,1150000,402000
SO-03827,2025-12-24,C0322,P001,1,65000,0,65000,42000,23000
SO-03828,2025-12-24,C0405,P001,3,65000,0.08,179400,126000,53400
SO-03829,2025-12-24,C0245,P011,7,27000,0.12,166320,112000,54320
SO-03830,2025-12-24,C0278,P004,2,47000,0.05,89300,56000,33300
SO-03831,2025-12-24,C0065,P011,12,27000,0.05,307800,192000,115800
SO-03832,2025-12-24,C0362,P011,2,27000,0,54000,32000,22000
SO-03833,2025-12-24,C0340,P011,2,27000,0,54000,32000,22000
SO-03834,2025-12-24,C0349,P004,8,47000,0.08,345920,224000,121920
SO-03835,2025-12-24,C0123,P007,1,98000,0,98000,70000,28000
SO-03836,2025-12-24,C0053,P008,2,420000,0.05,798000,620000,178000
SO-03837,2025-12-24,C0420,P001,3,65000,0,195000,126000,69000
SO-03838,2025-12-24,C0406,P005,5,180000,0,900000,600000,300000
SO-03839,2025-12-24,C0111,P010,13,72000,0.1,842400,624000,218400
SO-03840,2025-12-24,C0237,P010,8,72000,0.12,506880,384000,122880
SO-03841,2025-12-24,C0027,P004,3,47000,0.03,136770,84000,52770
SO-03842,2025-12-24,C0080,P005,4,180000,0.05,684000,480000,204000
SO-03843,2025-12-24,C0083,P002,5,59000,0.05,280250,190000,90250
SO-03844,2025-12-25,C0164,P011,2,27000,0.05,51300,32000,19300
SO-03845,2025-12-25,C0008,P004,4,47000,0,188000,112000,76000
SO-03846,2025-12-25,C0301,P010,5,72000,0.05,342000,240000,102000
SO-03847,2025-12-25,C0284,P003,2,140000,0.03,271600,190000,81600
SO-03848,2025-12-25,C0279,P006,3,130000,0.03,378300,255000,123300
SO-03849,2025-12-25,C0128,P008,2,420000,0.03,814800,620000,194800
SO-03850,2025-12-25,C0153,P006,1,130000,0.03,126100,85000,41100
SO-03851,2025-12-25,C0151,P005,2,180000,0.05,342000,240000,102000
SO-03852,2025-12-25,C0102,P005,2,180000,0.03,349200,240000,109200
SO-03853,2025-12-25,C0400,P001,5,65000,0.1,292500,210000,82500
SO-03854,2025-12-25,C0064,P012,1,320000,0,320000,230000,90000
SO-03855,2025-12-25,C0383,P001,2,65000,0,130000,84000,46000
SO-03856,2025-12-25,C0009,P007,14,98000,0.05,1303400,980000,323400
SO-03857,2025-12-25,C0218,P004,2,47000,0,94000,56000,38000
SO-03858,2025-12-25,C0389,P002,4,59000,0.08,217120,152000,65120
SO-03859,2025-12-26,C0061,P010,2,72000,0.05,136800,96000,40800
SO-03860,2025-12-26,C0408,P010,9,72000,0.08,596160,432000,164160
SO-03861,2025-12-26,C0107,P001,2,65000,0,130000,84000,46000
SO-03862,2025-12-26,C0362,P003,2,140000,0,280000,190000,90000
SO-03863,2025-12-26,C0077,P006,1,130000,0,130000,85000,45000
SO-03864,2025-12-26,C0366,P012,12,320000,0.05,3648000,2760000,888000
SO-03865,2025-12-26,C0311,P010,3,72000,0.05,205200,144000,61200
SO-03866,2025-12-26,C0190,P007,4,98000,0.05,372400,280000,92400
SO-03867,2025-12-26,C0314,P011,5,27000,0,135000,80000,55000
SO-03868,2025-12-26,C0161,P004,4,47000,0.08,172960,112000,60960
SO-03869,2025-12-26,C0112,P002,5,59000,0,295000,190000,105000
SO-03870,2025-12-26,C0070,P004,14,47000,0.12,579040,392000,187040
SO-03871,2025-12-26,C0116,P010,5,72000,0.03,349200,240000,109200
SO-03872,2025-12-26,C0185,P001,1,65000,0,65000,42000,23000
SO-03873,2025-12-26,C0051,P001,1,65000,0,65000,42000,23000
SO-03874,2025-12-26,C0299,P002,1,59000,0,59000,38000,21000
SO-03875,2025-12-26,C0400,P010,3,72000,0.1,194400,144000,50400
SO-03876,2025-12-27,C0105,P006,1,130000,0.05,123500,85000,38500
SO-03877,2025-12-27,C0264,P011,1,27000,0,27000,16000,11000
SO-03878,2025-12-27,C0115,P010,1,72000,0,72000,48000,24000
SO-03879,2025-12-27,C0020,P010,1,72000,0,72000,48000,24000
SO-03880,2025-12-27,C0142,P011,4,27000,0.05,102600,64000,38600
SO-03881,2025-12-28,C0173,P001,1,65000,0,65000,42000,23000
SO-03882,2025-12-28,C0004,P001,4,65000,0,260000,168000,92000
SO-03883,2025-12-28,C0027,P011,5,27000,0,135000,80000,55000
SO-03884,2025-12-28,C0252,P010,4,72000,0.05,273600,192000,81600
SO-03885,2025-12-28,C0024,P002,1,59000,0.05,56050,38000,18050
SO-03886,2025-12-29,C0009,P010,7,72000,0.05,478800,336000,142800
SO-03887,2025-12-29,C0134,P007,2,98000,0.12,172480,140000,32480
SO-03888,2025-12-29,C0209,P009,2,690000,0.05,1311000,1040000,271000
SO-03889,2025-12-29,C0029,P002,2,59000,0,118000,76000,42000
SO-03890,2025-12-29,C0234,P010,7,72000,0.1,453600,336000,117600
SO-03891,2025-12-29,C0103,P004,1,47000,0,47000,28000,19000
SO-03892,2025-12-29,C0191,P011,1,27000,0.03,26190,16000,10190
SO-03893,2025-12-29,C0419,P003,2,140000,0,280000,190000,90000
SO-03894,2025-12-29,C0123,P011,2,27000,0,54000,32000,22000
SO-03895,2025-12-29,C0384,P011,4,27000,0.03,104760,64000,40760
SO-03896,2025-12-29,C0289,P005,7,180000,0.08,1159200,840000,319200
SO-03897,2025-12-29,C0370,P005,1,180000,0,180000,120000,60000
SO-03898,2025-12-29,C0224,P011,3,27000,0,81000,48000,33000
SO-03899,2025-12-29,C0136,P004,2,47000,0.05,89300,56000,33300
SO-03900,2025-12-29,C0263,P012,4,320000,0.03,1241600,920000,321600
SO-03901,2025-12-29,C0253,P005,2,180000,0.03,349200,240000,109200
SO-03902,2025-12-30,C0319,P001,4,65000,0.05,247000,168000,79000
SO-03903,2025-12-30,C0075,P002,14,59000,0.08,759920,532000,227920
SO-03904,2025-12-30,C0246,P006,1,130000,0.05,123500,85000,38500
SO-03905,2025-12-30,C0417,P001,1,65000,0,65000,42000,23000
SO-03906,2025-12-30,C0081,P002,8,59000,0.08,434240,304000,130240
SO-03907,2025-12-30,C0292,P010,2,72000,0.08,132480,96000,36480
SO-03908,2025-12-30,C0054,P004,4,47000,0.05,178600,112000,66600
SO-03909,2025-12-30,C0210,P010,1,72000,0,72000,48000,24000
SO-03910,2025-12-30,C0083,P004,2,47000,0,94000,56000,38000
SO-03911,2025-12-30,C0326,P005,7,180000,0.12,1108800,840000,268800
SO-03912,2025-12-30,C0349,P002,9,59000,0.12,467280,342000,125280
SO-03913,2025-12-30,C0207,P001,1,65000,0,65000,42000,23000
SO-03914,2025-12-30,C0210,P004,1,47000,0,47000,28000,19000
SO-03915,2025-12-30,C0068,P007,4,98000,0.05,372400,280000,92400
SO-03916,2025-12-30,C0392,P003,3,140000,0.12,369600,285000,84600
SO-03917,2025-12-30,C0077,P010,1,72000,0,72000,48000,24000
SO-03918,2025-12-31,C0359,P003,2,140000,0,280000,190000,90000
SO-03919,2025-12-31,C0377,P010,1,72000,0.05,68400,48000,20400
SO-03920,2025-12-31,C0058,P004,5,47000,0,235000,140000,95000
SO-03921,2025-12-31,C0052,P001,4,65000,0,260000,168000,92000
SO-03922,2025-12-31,C0280,P011,1,27000,0.05,25650,16000,9650
SO-03923,2025-12-31,C0369,P011,1,27000,0.05,25650,16000,9650
SO-03924,2025-12-31,C0055,P005,11,180000,0.12,1742400,1320000,422400
SO-03925,2025-12-31,C0254,P005,11,180000,0.12,1742400,1320000,422400
SO-03926,2025-12-31,C0347,P004,1,47000,0.05,44650,28000,16650
