HearingID,Date,CourtID,CaseType,Mode,DurationMinutes,Adjourned,TechIssue
HRG-00001,2025-01-01,CT1,Criminal,In-person,48,Y,N
HRG-00002,2025-01-01,CT1,Appeal,In-person,53,N,N
HRG-00003,2025-01-01,CT1,Civil,In-person,25,N,N
HRG-00004,2025-01-01,CT1,Civil,In-person,35,Y,N
HRG-00005,2025-01-01,CT1,Appeal,In-person,61,N,N
HRG-00006,2025-01-01,CT1,Commercial,In-person,64,N,N
HRG-00007,2025-01-01,CT1,Criminal,In-person,41,N,N
HRG-00008,2025-01-01,CT1,Appeal,In-person,45,Y,N
HRG-00009,2025-01-01,CT2,Commercial,In-person,42,Y,N
HRG-00010,2025-01-01,CT2,Appeal,In-person,37,N,N
HRG-00011,2025-01-01,CT2,Criminal,In-person,57,N,N
HRG-00012,2025-01-01,CT2,Civil,In-person,52,N,N
HRG-00013,2025-01-01,CT2,Civil,In-person,43,N,N
HRG-00014,2025-01-01,CT2,Civil,Virtual,47,N,Y
HRG-00015,2025-01-01,CT2,Criminal,In-person,26,Y,N
HRG-00016,2025-01-01,CT2,Criminal,In-person,63,N,N
HRG-00017,2025-01-01,CT2,Commercial,In-person,25,N,N
HRG-00018,2025-01-01,CT2,Civil,In-person,44,N,N
HRG-00019,2025-01-01,CT2,Criminal,In-person,46,N,N
HRG-00020,2025-01-01,CT3,Criminal,In-person,39,N,N
HRG-00021,2025-01-01,CT3,Commercial,In-person,62,N,N
HRG-00022,2025-01-01,CT3,Criminal,In-person,50,Y,N
HRG-00023,2025-01-01,CT3,Family,In-person,52,N,N
HRG-00024,2025-01-01,CT3,Criminal,In-person,26,Y,N
HRG-00025,2025-01-01,CT3,Family,In-person,24,N,N
HRG-00026,2025-01-01,CT3,Commercial,In-person,69,N,N
HRG-00027,2025-01-01,CT3,Criminal,In-person,54,N,N
HRG-00028,2025-01-01,CT3,Commercial,In-person,44,N,N
HRG-00029,2025-01-01,CT3,Civil,In-person,31,Y,N
HRG-00030,2025-01-01,CT3,Family,In-person,54,N,N
HRG-00031,2025-01-02,CT1,Civil,In-person,56,N,N
HRG-00032,2025-01-02,CT1,Criminal,In-person,50,N,N
HRG-00033,2025-01-02,CT1,Civil,In-person,40,Y,N
HRG-00034,2025-01-02,CT1,Commercial,In-person,76,Y,N
HRG-00035,2025-01-02,CT1,Civil,In-person,31,N,N
HRG-00036,2025-01-02,CT1,Family,In-person,47,N,N
HRG-00037,2025-01-02,CT1,Appeal,In-person,40,N,N
HRG-00038,2025-01-02,CT1,Civil,In-person,40,N,N
HRG-00039,2025-01-02,CT1,Commercial,In-person,49,N,N
HRG-00040,2025-01-02,CT1,Commercial,In-person,42,N,N
HRG-00041,2025-01-02,CT1,Appeal,In-person,69,Y,N
HRG-00042,2025-01-02,CT1,Civil,In-person,31,N,N
HRG-00043,2025-01-02,CT2,Commercial,In-person,73,Y,N
HRG-00044,2025-01-02,CT2,Criminal,In-person,49,Y,N
HRG-00045,2025-01-02,CT2,Civil,In-person,51,N,N
HRG-00046,2025-01-02,CT2,Criminal,In-person,54,Y,N
HRG-00047,2025-01-02,CT2,Family,In-person,20,Y,N
HRG-00048,2025-01-02,CT2,Commercial,In-person,59,N,N
HRG-00049,2025-01-02,CT2,Civil,In-person,51,N,N
HRG-00050,2025-01-02,CT3,Family,In-person,63,N,N
HRG-00051,2025-01-02,CT3,Family,In-person,34,N,N
HRG-00052,2025-01-02,CT3,Family,In-person,74,Y,N
HRG-00053,2025-01-02,CT3,Commercial,In-person,32,Y,N
HRG-00054,2025-01-02,CT3,Criminal,In-person,53,N,N
HRG-00055,2025-01-02,CT3,Criminal,In-person,40,N,N
HRG-00056,2025-01-02,CT3,Family,In-person,62,N,N
HRG-00057,2025-01-02,CT3,Family,In-person,22,Y,N
HRG-00058,2025-01-03,CT1,Civil,In-person,55,N,N
HRG-00059,2025-01-03,CT1,Civil,In-person,66,Y,N
HRG-00060,2025-01-03,CT1,Civil,In-person,45,Y,N
HRG-00061,2025-01-03,CT1,Commercial,In-person,58,N,N
HRG-00062,2025-01-03,CT1,Commercial,In-person,32,Y,N
HRG-00063,2025-01-03,CT1,Family,In-person,67,N,N
HRG-00064,2025-01-03,CT1,Family,In-person,25,N,N
HRG-00065,2025-01-03,CT1,Criminal,In-person,36,N,N
HRG-00066,2025-01-03,CT1,Civil,In-person,28,N,N
HRG-00067,2025-01-03,CT1,Appeal,In-person,34,N,N
HRG-00068,2025-01-03,CT1,Criminal,In-person,12,Y,N
HRG-00069,2025-01-03,CT2,Civil,In-person,46,N,N
HRG-00070,2025-01-03,CT2,Family,In-person,65,N,N
HRG-00071,2025-01-03,CT2,Family,In-person,47,N,N
HRG-00072,2025-01-03,CT2,Criminal,In-person,46,N,N
HRG-00073,2025-01-03,CT2,Commercial,In-person,53,Y,N
HRG-00074,2025-01-03,CT2,Civil,In-person,52,N,N
HRG-00075,2025-01-03,CT2,Criminal,In-person,55,N,N
HRG-00076,2025-01-03,CT2,Civil,In-person,58,Y,N
HRG-00077,2025-01-03,CT2,Civil,In-person,51,N,N
HRG-00078,2025-01-03,CT2,Criminal,In-person,57,N,N
HRG-00079,2025-01-03,CT2,Commercial,In-person,56,N,N
HRG-00080,2025-01-03,CT2,Civil,In-person,58,N,N
HRG-00081,2025-01-03,CT3,Civil,In-person,55,N,N
HRG-00082,2025-01-03,CT3,Commercial,In-person,42,Y,N
HRG-00083,2025-01-03,CT3,Appeal,In-person,39,N,N
HRG-00084,2025-01-03,CT3,Family,In-person,39,N,N
HRG-00085,2025-01-03,CT3,Criminal,In-person,59,N,N
HRG-00086,2025-01-03,CT3,Commercial,In-person,56,N,N
HRG-00087,2025-01-03,CT3,Civil,In-person,54,Y,N
HRG-00088,2025-01-03,CT3,Family,In-person,62,N,N
HRG-00089,2025-01-03,CT3,Civil,In-person,52,Y,N
HRG-00090,2025-01-03,CT3,Civil,In-person,57,N,N
HRG-00091,2025-01-03,CT3,Commercial,In-person,53,Y,N
HRG-00092,2025-01-06,CT1,Criminal,In-person,30,N,N
HRG-00093,2025-01-06,CT1,Civil,In-person,37,N,N
HRG-00094,2025-01-06,CT1,Civil,In-person,49,N,N
HRG-00095,2025-01-06,CT1,Criminal,In-person,51,N,N
HRG-00096,2025-01-06,CT1,Family,In-person,34,N,N
HRG-00097,2025-01-06,CT1,Criminal,In-person,78,N,N
HRG-00098,2025-01-06,CT1,Civil,In-person,39,N,N
HRG-00099,2025-01-06,CT1,Commercial,In-person,31,N,N
HRG-00100,2025-01-06,CT1,Civil,Virtual,45,N,N
HRG-00101,2025-01-06,CT1,Appeal,In-person,41,N,N
HRG-00102,2025-01-06,CT1,Civil,In-person,83,Y,N
HRG-00103,2025-01-06,CT1,Commercial,In-person,57,N,N
HRG-00104,2025-01-06,CT1,Commercial,In-person,44,N,N
HRG-00105,2025-01-06,CT1,Commercial,In-person,36,N,N
HRG-00106,2025-01-06,CT2,Civil,In-person,37,N,N
HRG-00107,2025-01-06,CT2,Civil,In-person,35,N,N
HRG-00108,2025-01-06,CT2,Criminal,In-person,35,N,N
HRG-00109,2025-01-06,CT2,Civil,In-person,53,N,N
HRG-00110,2025-01-06,CT2,Appeal,In-person,69,N,N
HRG-00111,2025-01-06,CT2,Civil,In-person,50,N,N
HRG-00112,2025-01-06,CT2,Civil,In-person,59,N,N
HRG-00113,2025-01-06,CT2,Commercial,In-person,49,Y,N
HRG-00114,2025-01-06,CT2,Criminal,In-person,39,N,N
HRG-00115,2025-01-06,CT2,Family,In-person,57,N,N
HRG-00116,2025-01-06,CT2,Criminal,In-person,33,N,N
HRG-00117,2025-01-06,CT3,Family,In-person,42,N,N
HRG-00118,2025-01-06,CT3,Civil,In-person,30,N,N
HRG-00119,2025-01-06,CT3,Civil,In-person,47,Y,N
HRG-00120,2025-01-06,CT3,Appeal,In-person,76,Y,N
HRG-00121,2025-01-06,CT3,Family,In-person,62,N,N
HRG-00122,2025-01-06,CT3,Family,In-person,34,N,N
HRG-00123,2025-01-06,CT3,Civil,In-person,64,N,N
HRG-00124,2025-01-06,CT3,Civil,In-person,41,Y,N
HRG-00125,2025-01-06,CT3,Commercial,In-person,25,Y,N
HRG-00126,2025-01-06,CT3,Civil,In-person,56,N,N
HRG-00127,2025-01-07,CT1,Criminal,In-person,38,Y,N
HRG-00128,2025-01-07,CT1,Criminal,In-person,44,Y,N
HRG-00129,2025-01-07,CT1,Family,In-person,30,N,N
HRG-00130,2025-01-07,CT1,Civil,In-person,57,N,N
HRG-00131,2025-01-07,CT1,Civil,In-person,49,N,N
HRG-00132,2025-01-07,CT1,Civil,In-person,67,N,N
HRG-00133,2025-01-07,CT1,Civil,In-person,47,N,N
HRG-00134,2025-01-07,CT1,Civil,In-person,56,N,N
HRG-00135,2025-01-07,CT1,Commercial,In-person,14,N,N
HRG-00136,2025-01-07,CT1,Civil,In-person,28,N,N
HRG-00137,2025-01-07,CT2,Commercial,In-person,51,N,N
HRG-00138,2025-01-07,CT2,Criminal,In-person,58,N,N
HRG-00139,2025-01-07,CT2,Commercial,In-person,35,Y,N
HRG-00140,2025-01-07,CT2,Commercial,In-person,31,Y,N
HRG-00141,2025-01-07,CT2,Criminal,In-person,62,N,N
HRG-00142,2025-01-07,CT2,Criminal,In-person,56,Y,N
HRG-00143,2025-01-07,CT2,Criminal,In-person,49,N,N
HRG-00144,2025-01-07,CT2,Commercial,In-person,30,N,N
HRG-00145,2025-01-07,CT3,Commercial,In-person,42,N,N
HRG-00146,2025-01-07,CT3,Civil,In-person,55,N,N
HRG-00147,2025-01-07,CT3,Commercial,In-person,27,Y,N
HRG-00148,2025-01-07,CT3,Civil,In-person,38,N,N
HRG-00149,2025-01-07,CT3,Civil,In-person,50,N,N
HRG-00150,2025-01-07,CT3,Criminal,In-person,57,N,N
HRG-00151,2025-01-07,CT3,Criminal,In-person,37,N,N
HRG-00152,2025-01-07,CT3,Civil,In-person,56,Y,N
HRG-00153,2025-01-07,CT3,Criminal,Virtual,15,N,Y
HRG-00154,2025-01-07,CT3,Civil,In-person,66,N,N
HRG-00155,2025-01-07,CT3,Criminal,In-person,70,N,N
HRG-00156,2025-01-07,CT3,Criminal,In-person,61,N,N
HRG-00157,2025-01-08,CT1,Criminal,In-person,64,Y,N
HRG-00158,2025-01-08,CT1,Civil,In-person,36,N,N
HRG-00159,2025-01-08,CT1,Civil,In-person,50,N,N
HRG-00160,2025-01-08,CT1,Criminal,In-person,44,Y,N
HRG-00161,2025-01-08,CT1,Civil,In-person,74,N,N
HRG-00162,2025-01-08,CT1,Civil,In-person,61,N,N
HRG-00163,2025-01-08,CT1,Commercial,In-person,53,N,N
HRG-00164,2025-01-08,CT1,Civil,In-person,28,N,N
HRG-00165,2025-01-08,CT1,Civil,In-person,36,N,N
HRG-00166,2025-01-08,CT1,Criminal,In-person,56,N,N
HRG-00167,2025-01-08,CT1,Criminal,In-person,68,N,N
HRG-00168,2025-01-08,CT1,Criminal,In-person,38,N,N
HRG-00169,2025-01-08,CT1,Criminal,In-person,49,N,N
HRG-00170,2025-01-08,CT1,Civil,In-person,68,N,N
HRG-00171,2025-01-08,CT1,Criminal,In-person,66,Y,N
HRG-00172,2025-01-08,CT2,Commercial,In-person,50,Y,N
HRG-00173,2025-01-08,CT2,Criminal,In-person,48,N,N
HRG-00174,2025-01-08,CT2,Civil,In-person,31,N,N
HRG-00175,2025-01-08,CT2,Commercial,Virtual,45,N,N
HRG-00176,2025-01-08,CT2,Family,In-person,55,N,N
HRG-00177,2025-01-08,CT2,Criminal,In-person,40,N,N
HRG-00178,2025-01-08,CT2,Family,In-person,24,N,N
HRG-00179,2025-01-08,CT2,Commercial,In-person,50,N,N
HRG-00180,2025-01-08,CT2,Commercial,In-person,70,Y,N
HRG-00181,2025-01-08,CT2,Civil,In-person,52,Y,N
HRG-00182,2025-01-08,CT3,Civil,In-person,19,N,N
HRG-00183,2025-01-08,CT3,Civil,In-person,72,N,N
HRG-00184,2025-01-08,CT3,Criminal,In-person,53,N,N
HRG-00185,2025-01-08,CT3,Criminal,In-person,27,Y,N
HRG-00186,2025-01-08,CT3,Commercial,In-person,72,N,N
HRG-00187,2025-01-08,CT3,Criminal,In-person,32,Y,N
HRG-00188,2025-01-08,CT3,Civil,In-person,56,Y,N
HRG-00189,2025-01-08,CT3,Criminal,In-person,77,Y,N
HRG-00190,2025-01-08,CT3,Criminal,In-person,50,N,N
HRG-00191,2025-01-08,CT3,Family,In-person,35,N,N
HRG-00192,2025-01-09,CT1,Commercial,In-person,71,Y,N
HRG-00193,2025-01-09,CT1,Appeal,In-person,42,Y,N
HRG-00194,2025-01-09,CT1,Criminal,In-person,29,N,N
HRG-00195,2025-01-09,CT1,Family,In-person,76,N,N
HRG-00196,2025-01-09,CT1,Appeal,In-person,29,Y,N
HRG-00197,2025-01-09,CT1,Civil,In-person,31,N,N
HRG-00198,2025-01-09,CT1,Civil,In-person,39,N,N
HRG-00199,2025-01-09,CT1,Commercial,In-person,37,N,N
HRG-00200,2025-01-09,CT1,Family,In-person,56,N,N
HRG-00201,2025-01-09,CT1,Civil,In-person,27,Y,N
HRG-00202,2025-01-09,CT1,Criminal,In-person,10,Y,N
HRG-00203,2025-01-09,CT1,Commercial,In-person,57,N,N
HRG-00204,2025-01-09,CT1,Family,In-person,41,N,N
HRG-00205,2025-01-09,CT2,Commercial,In-person,71,N,N
HRG-00206,2025-01-09,CT2,Commercial,In-person,28,Y,N
HRG-00207,2025-01-09,CT2,Appeal,In-person,56,N,N
HRG-00208,2025-01-09,CT2,Commercial,In-person,56,N,N
HRG-00209,2025-01-09,CT2,Criminal,In-person,68,N,N
HRG-00210,2025-01-09,CT2,Appeal,In-person,51,N,N
HRG-00211,2025-01-09,CT2,Criminal,In-person,57,N,N
HRG-00212,2025-01-09,CT2,Commercial,In-person,20,N,N
HRG-00213,2025-01-09,CT3,Civil,In-person,45,N,N
HRG-00214,2025-01-09,CT3,Criminal,In-person,44,N,N
HRG-00215,2025-01-09,CT3,Civil,In-person,26,N,N
HRG-00216,2025-01-09,CT3,Criminal,Virtual,33,N,N
HRG-00217,2025-01-09,CT3,Commercial,In-person,65,N,N
HRG-00218,2025-01-09,CT3,Family,In-person,35,N,N
HRG-00219,2025-01-09,CT3,Family,In-person,61,N,N
HRG-00220,2025-01-09,CT3,Appeal,In-person,39,N,N
HRG-00221,2025-01-09,CT3,Commercial,In-person,39,N,N
HRG-00222,2025-01-09,CT3,Civil,In-person,47,Y,N
HRG-00223,2025-01-09,CT3,Criminal,In-person,34,Y,N
HRG-00224,2025-01-09,CT3,Civil,In-person,61,Y,N
HRG-00225,2025-01-10,CT1,Commercial,In-person,57,N,N
HRG-00226,2025-01-10,CT1,Criminal,In-person,31,N,N
HRG-00227,2025-01-10,CT1,Civil,In-person,30,Y,N
HRG-00228,2025-01-10,CT1,Criminal,In-person,45,N,N
HRG-00229,2025-01-10,CT1,Civil,In-person,57,N,N
HRG-00230,2025-01-10,CT1,Criminal,In-person,52,N,N
HRG-00231,2025-01-10,CT1,Appeal,In-person,37,Y,N
HRG-00232,2025-01-10,CT1,Civil,In-person,42,N,N
HRG-00233,2025-01-10,CT1,Criminal,In-person,54,N,N
HRG-00234,2025-01-10,CT1,Civil,In-person,26,N,N
HRG-00235,2025-01-10,CT1,Criminal,In-person,64,N,N
HRG-00236,2025-01-10,CT1,Commercial,In-person,62,N,N
HRG-00237,2025-01-10,CT1,Criminal,In-person,64,N,N
HRG-00238,2025-01-10,CT1,Criminal,In-person,36,Y,N
HRG-00239,2025-01-10,CT2,Family,In-person,53,N,N
HRG-00240,2025-01-10,CT2,Criminal,In-person,46,Y,N
HRG-00241,2025-01-10,CT2,Criminal,In-person,66,N,N
HRG-00242,2025-01-10,CT2,Appeal,In-person,33,N,N
HRG-00243,2025-01-10,CT2,Civil,In-person,49,N,N
HRG-00244,2025-01-10,CT2,Criminal,In-person,39,N,N
HRG-00245,2025-01-10,CT2,Family,In-person,50,Y,N
HRG-00246,2025-01-10,CT2,Commercial,In-person,45,N,N
HRG-00247,2025-01-10,CT2,Family,In-person,64,N,N
HRG-00248,2025-01-10,CT3,Family,In-person,49,N,N
HRG-00249,2025-01-10,CT3,Criminal,In-person,60,N,N
HRG-00250,2025-01-10,CT3,Family,In-person,63,Y,N
HRG-00251,2025-01-10,CT3,Civil,In-person,43,N,N
HRG-00252,2025-01-10,CT3,Appeal,In-person,27,N,N
HRG-00253,2025-01-10,CT3,Criminal,In-person,10,N,N
HRG-00254,2025-01-10,CT3,Criminal,In-person,61,Y,N
HRG-00255,2025-01-10,CT3,Civil,In-person,24,Y,N
HRG-00256,2025-01-10,CT3,Commercial,In-person,51,N,N
HRG-00257,2025-01-10,CT3,Appeal,In-person,63,N,N
HRG-00258,2025-01-13,CT1,Civil,In-person,46,N,N
HRG-00259,2025-01-13,CT1,Civil,In-person,25,Y,N
HRG-00260,2025-01-13,CT1,Commercial,In-person,65,N,N
HRG-00261,2025-01-13,CT1,Criminal,In-person,47,Y,N
HRG-00262,2025-01-13,CT1,Family,In-person,53,N,N
HRG-00263,2025-01-13,CT1,Civil,In-person,41,Y,N
HRG-00264,2025-01-13,CT1,Civil,In-person,39,N,N
HRG-00265,2025-01-13,CT1,Civil,In-person,53,N,N
HRG-00266,2025-01-13,CT1,Appeal,In-person,35,Y,N
HRG-00267,2025-01-13,CT1,Civil,In-person,26,Y,N
HRG-00268,2025-01-13,CT1,Civil,In-person,39,N,N
HRG-00269,2025-01-13,CT1,Criminal,In-person,43,Y,N
HRG-00270,2025-01-13,CT1,Commercial,In-person,29,N,N
HRG-00271,2025-01-13,CT1,Commercial,In-person,37,Y,N
HRG-00272,2025-01-13,CT1,Appeal,In-person,42,Y,N
HRG-00273,2025-01-13,CT1,Commercial,In-person,54,N,N
HRG-00274,2025-01-13,CT1,Civil,In-person,54,N,N
HRG-00275,2025-01-13,CT2,Family,In-person,65,N,N
HRG-00276,2025-01-13,CT2,Family,In-person,48,N,N
HRG-00277,2025-01-13,CT2,Appeal,In-person,23,N,N
HRG-00278,2025-01-13,CT2,Criminal,In-person,68,N,N
HRG-00279,2025-01-13,CT2,Civil,In-person,49,N,N
HRG-00280,2025-01-13,CT2,Civil,In-person,66,N,N
HRG-00281,2025-01-13,CT2,Family,In-person,31,N,N
HRG-00282,2025-01-13,CT2,Commercial,In-person,59,N,N
HRG-00283,2025-01-13,CT2,Civil,In-person,30,N,N
HRG-00284,2025-01-13,CT3,Criminal,In-person,32,N,N
HRG-00285,2025-01-13,CT3,Appeal,In-person,68,N,N
HRG-00286,2025-01-13,CT3,Criminal,Virtual,30,N,N
HRG-00287,2025-01-13,CT3,Family,In-person,46,N,N
HRG-00288,2025-01-13,CT3,Civil,In-person,51,N,N
HRG-00289,2025-01-13,CT3,Criminal,In-person,59,Y,N
HRG-00290,2025-01-13,CT3,Civil,In-person,45,N,N
HRG-00291,2025-01-13,CT3,Commercial,In-person,31,N,N
HRG-00292,2025-01-13,CT3,Civil,In-person,52,N,N
HRG-00293,2025-01-13,CT3,Civil,In-person,60,N,N
HRG-00294,2025-01-13,CT3,Family,In-person,63,N,N
HRG-00295,2025-01-13,CT3,Civil,In-person,42,Y,N
HRG-00296,2025-01-13,CT3,Criminal,In-person,33,Y,N
HRG-00297,2025-01-14,CT1,Civil,In-person,50,N,N
HRG-00298,2025-01-14,CT1,Civil,In-person,37,N,N
HRG-00299,2025-01-14,CT1,Criminal,In-person,52,Y,N
HRG-00300,2025-01-14,CT1,Appeal,In-person,47,N,N
HRG-00301,2025-01-14,CT1,Civil,Virtual,33,Y,N
HRG-00302,2025-01-14,CT1,Civil,In-person,33,N,N
HRG-00303,2025-01-14,CT1,Appeal,In-person,60,N,N
HRG-00304,2025-01-14,CT1,Criminal,In-person,53,Y,N
HRG-00305,2025-01-14,CT1,Civil,In-person,29,Y,N
HRG-00306,2025-01-14,CT2,Commercial,In-person,39,N,N
HRG-00307,2025-01-14,CT2,Civil,In-person,29,N,N
HRG-00308,2025-01-14,CT2,Commercial,In-person,52,N,N
HRG-00309,2025-01-14,CT2,Civil,In-person,29,N,N
HRG-00310,2025-01-14,CT2,Commercial,Virtual,46,N,N
HRG-00311,2025-01-14,CT2,Criminal,In-person,45,N,N
HRG-00312,2025-01-14,CT2,Family,In-person,68,N,N
HRG-00313,2025-01-14,CT3,Civil,In-person,34,N,N
HRG-00314,2025-01-14,CT3,Criminal,In-person,29,N,N
HRG-00315,2025-01-14,CT3,Family,In-person,49,N,N
HRG-00316,2025-01-14,CT3,Commercial,In-person,34,N,N
HRG-00317,2025-01-14,CT3,Criminal,In-person,44,N,N
HRG-00318,2025-01-14,CT3,Civil,In-person,57,N,N
HRG-00319,2025-01-14,CT3,Civil,In-person,29,N,N
HRG-00320,2025-01-14,CT3,Civil,In-person,37,N,N
HRG-00321,2025-01-14,CT3,Criminal,In-person,16,N,N
HRG-00322,2025-01-14,CT3,Family,In-person,51,N,N
HRG-00323,2025-01-14,CT3,Civil,In-person,46,N,N
HRG-00324,2025-01-15,CT1,Family,In-person,53,N,N
HRG-00325,2025-01-15,CT1,Civil,In-person,50,N,N
HRG-00326,2025-01-15,CT1,Commercial,In-person,52,N,N
HRG-00327,2025-01-15,CT1,Civil,In-person,28,N,N
HRG-00328,2025-01-15,CT1,Criminal,In-person,23,N,N
HRG-00329,2025-01-15,CT1,Criminal,Virtual,50,N,N
HRG-00330,2025-01-15,CT1,Criminal,In-person,43,Y,N
HRG-00331,2025-01-15,CT1,Family,In-person,55,N,N
HRG-00332,2025-01-15,CT1,Criminal,In-person,48,N,N
HRG-00333,2025-01-15,CT1,Civil,In-person,43,N,N
HRG-00334,2025-01-15,CT1,Commercial,In-person,52,N,N
HRG-00335,2025-01-15,CT1,Family,In-person,38,Y,N
HRG-00336,2025-01-15,CT1,Commercial,In-person,35,N,N
HRG-00337,2025-01-15,CT1,Civil,In-person,29,N,N
HRG-00338,2025-01-15,CT1,Civil,In-person,50,N,N
HRG-00339,2025-01-15,CT1,Civil,In-person,50,N,N
HRG-00340,2025-01-15,CT1,Civil,In-person,49,Y,N
HRG-00341,2025-01-15,CT1,Civil,In-person,78,N,N
HRG-00342,2025-01-15,CT2,Civil,In-person,38,Y,N
HRG-00343,2025-01-15,CT2,Criminal,In-person,46,N,N
HRG-00344,2025-01-15,CT2,Civil,In-person,20,N,N
HRG-00345,2025-01-15,CT2,Commercial,In-person,38,Y,N
HRG-00346,2025-01-15,CT2,Commercial,In-person,70,N,N
HRG-00347,2025-01-15,CT2,Civil,In-person,64,Y,N
HRG-00348,2025-01-15,CT2,Criminal,In-person,68,N,N
HRG-00349,2025-01-15,CT2,Civil,In-person,49,N,N
HRG-00350,2025-01-15,CT2,Appeal,In-person,45,N,N
HRG-00351,2025-01-15,CT3,Criminal,In-person,47,Y,N
HRG-00352,2025-01-15,CT3,Civil,In-person,20,N,N
HRG-00353,2025-01-15,CT3,Criminal,In-person,76,N,N
HRG-00354,2025-01-15,CT3,Civil,In-person,46,N,N
HRG-00355,2025-01-15,CT3,Criminal,In-person,72,N,N
HRG-00356,2025-01-15,CT3,Civil,In-person,58,N,N
HRG-00357,2025-01-15,CT3,Family,In-person,37,N,N
HRG-00358,2025-01-15,CT3,Criminal,In-person,39,Y,N
HRG-00359,2025-01-15,CT3,Family,In-person,52,N,N
HRG-00360,2025-01-15,CT3,Appeal,In-person,56,N,N
HRG-00361,2025-01-15,CT3,Civil,In-person,78,N,N
HRG-00362,2025-01-16,CT1,Civil,In-person,78,N,N
HRG-00363,2025-01-16,CT1,Criminal,Virtual,48,Y,Y
HRG-00364,2025-01-16,CT1,Family,In-person,45,N,N
HRG-00365,2025-01-16,CT1,Civil,In-person,53,N,N
HRG-00366,2025-01-16,CT1,Criminal,In-person,74,N,N
HRG-00367,2025-01-16,CT1,Civil,In-person,25,N,N
HRG-00368,2025-01-16,CT1,Commercial,In-person,44,N,N
HRG-00369,2025-01-16,CT1,Criminal,In-person,20,Y,N
HRG-00370,2025-01-16,CT1,Family,In-person,74,N,N
HRG-00371,2025-01-16,CT1,Civil,In-person,71,Y,N
HRG-00372,2025-01-16,CT1,Criminal,In-person,51,N,N
HRG-00373,2025-01-16,CT1,Family,In-person,69,N,N
HRG-00374,2025-01-16,CT1,Civil,In-person,27,N,N
HRG-00375,2025-01-16,CT2,Civil,In-person,47,Y,N
HRG-00376,2025-01-16,CT2,Commercial,In-person,35,Y,N
HRG-00377,2025-01-16,CT2,Civil,In-person,40,N,N
HRG-00378,2025-01-16,CT2,Civil,In-person,34,N,N
HRG-00379,2025-01-16,CT2,Civil,In-person,59,N,N
HRG-00380,2025-01-16,CT2,Commercial,In-person,75,N,N
HRG-00381,2025-01-16,CT2,Civil,In-person,29,N,N
HRG-00382,2025-01-16,CT2,Civil,In-person,23,N,N
HRG-00383,2025-01-16,CT2,Commercial,In-person,52,N,N
HRG-00384,2025-01-16,CT2,Civil,In-person,37,N,N
HRG-00385,2025-01-16,CT3,Civil,In-person,67,N,N
HRG-00386,2025-01-16,CT3,Civil,In-person,40,N,N
HRG-00387,2025-01-16,CT3,Criminal,In-person,66,N,N
HRG-00388,2025-01-16,CT3,Civil,In-person,60,N,N
HRG-00389,2025-01-16,CT3,Criminal,In-person,59,N,N
HRG-00390,2025-01-16,CT3,Family,In-person,42,N,N
HRG-00391,2025-01-16,CT3,Family,In-person,64,N,N
HRG-00392,2025-01-16,CT3,Civil,In-person,52,Y,N
HRG-00393,2025-01-16,CT3,Appeal,In-person,42,N,N
HRG-00394,2025-01-16,CT3,Family,In-person,60,N,N
HRG-00395,2025-01-16,CT3,Commercial,In-person,38,N,N
HRG-00396,2025-01-17,CT1,Commercial,In-person,73,Y,N
HRG-00397,2025-01-17,CT1,Civil,In-person,57,Y,N
HRG-00398,2025-01-17,CT1,Commercial,In-person,63,N,N
HRG-00399,2025-01-17,CT1,Appeal,In-person,31,N,N
HRG-00400,2025-01-17,CT1,Criminal,In-person,61,N,N
HRG-00401,2025-01-17,CT1,Criminal,In-person,66,N,N
HRG-00402,2025-01-17,CT1,Civil,In-person,57,Y,N
HRG-00403,2025-01-17,CT1,Civil,In-person,36,Y,N
HRG-00404,2025-01-17,CT1,Commercial,In-person,45,N,N
HRG-00405,2025-01-17,CT1,Civil,In-person,61,N,N
HRG-00406,2025-01-17,CT1,Commercial,In-person,37,N,N
HRG-00407,2025-01-17,CT1,Civil,In-person,39,N,N
HRG-00408,2025-01-17,CT1,Civil,In-person,65,N,N
HRG-00409,2025-01-17,CT1,Civil,In-person,52,Y,N
HRG-00410,2025-01-17,CT1,Criminal,In-person,43,N,N
HRG-00411,2025-01-17,CT2,Criminal,In-person,52,N,N
HRG-00412,2025-01-17,CT2,Civil,In-person,39,N,N
HRG-00413,2025-01-17,CT2,Criminal,In-person,35,N,N
HRG-00414,2025-01-17,CT2,Commercial,In-person,10,N,N
HRG-00415,2025-01-17,CT2,Family,In-person,60,N,N
HRG-00416,2025-01-17,CT2,Commercial,In-person,36,N,N
HRG-00417,2025-01-17,CT2,Civil,In-person,10,Y,N
HRG-00418,2025-01-17,CT2,Criminal,In-person,27,Y,N
HRG-00419,2025-01-17,CT2,Criminal,In-person,58,N,N
HRG-00420,2025-01-17,CT2,Civil,In-person,70,N,N
HRG-00421,2025-01-17,CT2,Criminal,In-person,60,Y,N
HRG-00422,2025-01-17,CT3,Civil,In-person,66,Y,N
HRG-00423,2025-01-17,CT3,Civil,Hybrid,46,N,N
HRG-00424,2025-01-17,CT3,Criminal,In-person,26,N,N
HRG-00425,2025-01-17,CT3,Civil,In-person,32,Y,N
HRG-00426,2025-01-17,CT3,Civil,Hybrid,63,N,N
HRG-00427,2025-01-17,CT3,Criminal,In-person,52,N,N
HRG-00428,2025-01-17,CT3,Appeal,In-person,74,N,N
HRG-00429,2025-01-17,CT3,Commercial,In-person,40,N,N
HRG-00430,2025-01-17,CT3,Appeal,In-person,10,Y,N
HRG-00431,2025-01-17,CT3,Criminal,In-person,10,Y,N
HRG-00432,2025-01-17,CT3,Criminal,In-person,58,N,N
HRG-00433,2025-01-20,CT1,Civil,In-person,34,N,N
HRG-00434,2025-01-20,CT1,Civil,In-person,29,N,N
HRG-00435,2025-01-20,CT1,Civil,In-person,20,N,N
HRG-00436,2025-01-20,CT1,Criminal,In-person,35,N,N
HRG-00437,2025-01-20,CT1,Commercial,In-person,51,N,N
HRG-00438,2025-01-20,CT1,Criminal,In-person,45,N,N
HRG-00439,2025-01-20,CT1,Civil,In-person,61,Y,N
HRG-00440,2025-01-20,CT1,Criminal,In-person,41,N,N
HRG-00441,2025-01-20,CT1,Family,In-person,34,Y,N
HRG-00442,2025-01-20,CT1,Civil,In-person,41,Y,N
HRG-00443,2025-01-20,CT1,Criminal,In-person,46,N,N
HRG-00444,2025-01-20,CT1,Appeal,In-person,35,N,N
HRG-00445,2025-01-20,CT2,Criminal,In-person,38,N,N
HRG-00446,2025-01-20,CT2,Civil,In-person,66,N,N
HRG-00447,2025-01-20,CT2,Family,In-person,75,Y,N
HRG-00448,2025-01-20,CT2,Criminal,In-person,33,N,N
HRG-00449,2025-01-20,CT2,Criminal,In-person,23,N,N
HRG-00450,2025-01-20,CT2,Civil,Hybrid,49,N,N
HRG-00451,2025-01-20,CT2,Family,In-person,37,N,N
HRG-00452,2025-01-20,CT2,Civil,In-person,48,N,N
HRG-00453,2025-01-20,CT3,Civil,In-person,69,N,N
HRG-00454,2025-01-20,CT3,Appeal,In-person,66,Y,N
HRG-00455,2025-01-20,CT3,Criminal,In-person,51,N,N
HRG-00456,2025-01-20,CT3,Civil,In-person,41,N,N
HRG-00457,2025-01-20,CT3,Commercial,In-person,64,N,N
HRG-00458,2025-01-20,CT3,Commercial,In-person,49,N,N
HRG-00459,2025-01-20,CT3,Civil,In-person,10,Y,N
HRG-00460,2025-01-20,CT3,Criminal,In-person,39,Y,N
HRG-00461,2025-01-20,CT3,Criminal,In-person,44,N,N
HRG-00462,2025-01-20,CT3,Civil,In-person,84,N,N
HRG-00463,2025-01-20,CT3,Criminal,In-person,42,N,N
HRG-00464,2025-01-21,CT1,Family,In-person,32,N,N
HRG-00465,2025-01-21,CT1,Appeal,In-person,31,N,N
HRG-00466,2025-01-21,CT1,Civil,In-person,47,N,N
HRG-00467,2025-01-21,CT1,Appeal,In-person,61,N,N
HRG-00468,2025-01-21,CT1,Civil,In-person,49,Y,N
HRG-00469,2025-01-21,CT1,Family,In-person,81,N,N
HRG-00470,2025-01-21,CT1,Commercial,In-person,60,N,N
HRG-00471,2025-01-21,CT1,Civil,In-person,56,Y,N
HRG-00472,2025-01-21,CT1,Criminal,In-person,42,Y,N
HRG-00473,2025-01-21,CT1,Criminal,In-person,45,N,N
HRG-00474,2025-01-21,CT1,Civil,In-person,36,Y,N
HRG-00475,2025-01-21,CT1,Family,In-person,53,Y,N
HRG-00476,2025-01-21,CT1,Civil,In-person,59,N,N
HRG-00477,2025-01-21,CT1,Criminal,In-person,28,N,N
HRG-00478,2025-01-21,CT2,Civil,In-person,60,N,N
HRG-00479,2025-01-21,CT2,Civil,In-person,49,Y,N
HRG-00480,2025-01-21,CT2,Civil,In-person,65,Y,N
HRG-00481,2025-01-21,CT2,Civil,In-person,42,N,N
HRG-00482,2025-01-21,CT2,Civil,In-person,48,Y,N
HRG-00483,2025-01-21,CT2,Civil,In-person,46,N,N
HRG-00484,2025-01-21,CT2,Family,In-person,68,N,N
HRG-00485,2025-01-21,CT3,Criminal,In-person,69,N,N
HRG-00486,2025-01-21,CT3,Criminal,In-person,34,N,N
HRG-00487,2025-01-21,CT3,Civil,In-person,52,N,N
HRG-00488,2025-01-21,CT3,Civil,In-person,51,Y,N
HRG-00489,2025-01-21,CT3,Criminal,In-person,24,N,N
HRG-00490,2025-01-21,CT3,Criminal,In-person,61,N,N
HRG-00491,2025-01-21,CT3,Civil,In-person,35,N,N
HRG-00492,2025-01-21,CT3,Criminal,In-person,42,Y,N
HRG-00493,2025-01-21,CT3,Family,In-person,64,Y,N
HRG-00494,2025-01-21,CT3,Civil,In-person,40,N,N
HRG-00495,2025-01-21,CT3,Civil,In-person,43,N,N
HRG-00496,2025-01-22,CT1,Family,In-person,35,Y,N
HRG-00497,2025-01-22,CT1,Civil,In-person,31,N,N
HRG-00498,2025-01-22,CT1,Criminal,In-person,82,Y,N
HRG-00499,2025-01-22,CT1,Appeal,In-person,56,Y,N
HRG-00500,2025-01-22,CT1,Civil,In-person,51,N,N
HRG-00501,2025-01-22,CT1,Civil,In-person,44,N,N
HRG-00502,2025-01-22,CT1,Family,In-person,45,N,N
HRG-00503,2025-01-22,CT1,Civil,In-person,53,Y,N
HRG-00504,2025-01-22,CT1,Criminal,In-person,45,Y,N
HRG-00505,2025-01-22,CT1,Commercial,In-person,38,Y,N
HRG-00506,2025-01-22,CT2,Civil,In-person,65,Y,N
HRG-00507,2025-01-22,CT2,Criminal,In-person,54,Y,N
HRG-00508,2025-01-22,CT2,Civil,Hybrid,52,N,N
HRG-00509,2025-01-22,CT2,Civil,In-person,64,N,N
HRG-00510,2025-01-22,CT2,Commercial,In-person,34,N,N
HRG-00511,2025-01-22,CT2,Criminal,In-person,29,Y,N
HRG-00512,2025-01-22,CT2,Commercial,Virtual,28,N,Y
HRG-00513,2025-01-22,CT3,Civil,In-person,40,N,N
HRG-00514,2025-01-22,CT3,Criminal,In-person,44,N,N
HRG-00515,2025-01-22,CT3,Civil,In-person,65,Y,N
HRG-00516,2025-01-22,CT3,Appeal,In-person,72,Y,N
HRG-00517,2025-01-22,CT3,Criminal,In-person,45,N,N
HRG-00518,2025-01-22,CT3,Criminal,In-person,67,N,N
HRG-00519,2025-01-22,CT3,Appeal,In-person,48,Y,N
HRG-00520,2025-01-22,CT3,Civil,In-person,50,N,N
HRG-00521,2025-01-22,CT3,Civil,In-person,23,Y,N
HRG-00522,2025-01-22,CT3,Family,In-person,39,N,N
HRG-00523,2025-01-22,CT3,Commercial,In-person,51,Y,N
HRG-00524,2025-01-23,CT1,Criminal,In-person,41,N,N
HRG-00525,2025-01-23,CT1,Civil,In-person,39,N,N
HRG-00526,2025-01-23,CT1,Civil,In-person,45,N,N
HRG-00527,2025-01-23,CT1,Criminal,In-person,76,N,N
HRG-00528,2025-01-23,CT1,Civil,In-person,83,N,N
HRG-00529,2025-01-23,CT1,Family,In-person,42,N,N
HRG-00530,2025-01-23,CT1,Criminal,In-person,72,N,N
HRG-00531,2025-01-23,CT1,Civil,In-person,51,N,N
HRG-00532,2025-01-23,CT1,Civil,In-person,20,N,N
HRG-00533,2025-01-23,CT1,Civil,In-person,44,Y,N
HRG-00534,2025-01-23,CT1,Commercial,In-person,77,N,N
HRG-00535,2025-01-23,CT1,Criminal,In-person,59,Y,N
HRG-00536,2025-01-23,CT2,Civil,In-person,34,N,N
HRG-00537,2025-01-23,CT2,Civil,In-person,55,N,N
HRG-00538,2025-01-23,CT2,Commercial,In-person,83,N,N
HRG-00539,2025-01-23,CT2,Civil,In-person,71,N,N
HRG-00540,2025-01-23,CT2,Appeal,In-person,40,N,N
HRG-00541,2025-01-23,CT2,Appeal,In-person,57,Y,N
HRG-00542,2025-01-23,CT2,Criminal,In-person,51,N,N
HRG-00543,2025-01-23,CT2,Appeal,In-person,65,Y,N
HRG-00544,2025-01-23,CT2,Family,In-person,43,N,N
HRG-00545,2025-01-23,CT2,Criminal,In-person,67,N,N
HRG-00546,2025-01-23,CT2,Appeal,In-person,34,N,N
HRG-00547,2025-01-23,CT3,Criminal,In-person,44,Y,N
HRG-00548,2025-01-23,CT3,Family,In-person,21,Y,N
HRG-00549,2025-01-23,CT3,Criminal,In-person,52,N,N
HRG-00550,2025-01-23,CT3,Family,In-person,62,Y,N
HRG-00551,2025-01-23,CT3,Civil,In-person,84,N,N
HRG-00552,2025-01-23,CT3,Civil,In-person,33,N,N
HRG-00553,2025-01-23,CT3,Commercial,In-person,47,N,N
HRG-00554,2025-01-23,CT3,Civil,In-person,50,N,N
HRG-00555,2025-01-23,CT3,Family,In-person,39,N,N
HRG-00556,2025-01-23,CT3,Commercial,In-person,50,N,N
HRG-00557,2025-01-23,CT3,Criminal,In-person,53,N,N
HRG-00558,2025-01-24,CT1,Appeal,In-person,45,N,N
HRG-00559,2025-01-24,CT1,Commercial,In-person,54,N,N
HRG-00560,2025-01-24,CT1,Civil,In-person,59,N,N
HRG-00561,2025-01-24,CT1,Commercial,In-person,11,N,N
HRG-00562,2025-01-24,CT1,Civil,In-person,53,N,N
HRG-00563,2025-01-24,CT1,Commercial,In-person,49,N,N
HRG-00564,2025-01-24,CT1,Commercial,In-person,46,N,N
HRG-00565,2025-01-24,CT1,Family,In-person,30,Y,N
HRG-00566,2025-01-24,CT1,Civil,In-person,46,N,N
HRG-00567,2025-01-24,CT1,Criminal,In-person,19,N,N
HRG-00568,2025-01-24,CT1,Civil,In-person,71,Y,N
HRG-00569,2025-01-24,CT1,Civil,In-person,46,N,N
HRG-00570,2025-01-24,CT1,Family,In-person,65,Y,N
HRG-00571,2025-01-24,CT1,Civil,In-person,35,N,N
HRG-00572,2025-01-24,CT2,Commercial,In-person,61,N,N
HRG-00573,2025-01-24,CT2,Criminal,In-person,40,Y,N
HRG-00574,2025-01-24,CT2,Commercial,In-person,24,N,N
HRG-00575,2025-01-24,CT2,Criminal,In-person,62,N,N
HRG-00576,2025-01-24,CT2,Criminal,In-person,41,Y,N
HRG-00577,2025-01-24,CT2,Appeal,In-person,38,N,N
HRG-00578,2025-01-24,CT2,Family,In-person,63,N,N
HRG-00579,2025-01-24,CT2,Civil,In-person,44,N,N
HRG-00580,2025-01-24,CT3,Civil,In-person,67,Y,N
HRG-00581,2025-01-24,CT3,Commercial,In-person,20,N,N
HRG-00582,2025-01-24,CT3,Civil,In-person,44,Y,N
HRG-00583,2025-01-24,CT3,Criminal,In-person,59,N,N
HRG-00584,2025-01-24,CT3,Commercial,In-person,39,Y,N
HRG-00585,2025-01-24,CT3,Criminal,In-person,57,N,N
HRG-00586,2025-01-24,CT3,Civil,In-person,34,N,N
HRG-00587,2025-01-24,CT3,Commercial,In-person,47,N,N
HRG-00588,2025-01-24,CT3,Civil,In-person,26,N,N
HRG-00589,2025-01-24,CT3,Civil,In-person,57,N,N
HRG-00590,2025-01-24,CT3,Criminal,In-person,61,N,N
HRG-00591,2025-01-24,CT3,Appeal,In-person,36,Y,N
HRG-00592,2025-01-27,CT1,Civil,In-person,46,N,N
HRG-00593,2025-01-27,CT1,Family,In-person,46,Y,N
HRG-00594,2025-01-27,CT1,Criminal,In-person,40,Y,N
HRG-00595,2025-01-27,CT1,Civil,In-person,69,Y,N
HRG-00596,2025-01-27,CT1,Civil,In-person,38,Y,N
HRG-00597,2025-01-27,CT1,Civil,In-person,52,N,N
HRG-00598,2025-01-27,CT1,Family,In-person,35,N,N
HRG-00599,2025-01-27,CT1,Commercial,In-person,40,N,N
HRG-00600,2025-01-27,CT1,Family,In-person,47,N,N
HRG-00601,2025-01-27,CT1,Civil,In-person,55,Y,N
HRG-00602,2025-01-27,CT1,Civil,In-person,39,N,N
HRG-00603,2025-01-27,CT1,Civil,In-person,37,N,N
HRG-00604,2025-01-27,CT1,Appeal,In-person,19,N,N
HRG-00605,2025-01-27,CT2,Criminal,In-person,34,Y,N
HRG-00606,2025-01-27,CT2,Criminal,In-person,66,N,N
HRG-00607,2025-01-27,CT2,Commercial,In-person,51,Y,N
HRG-00608,2025-01-27,CT2,Civil,In-person,38,N,N
HRG-00609,2025-01-27,CT2,Appeal,In-person,53,N,N
HRG-00610,2025-01-27,CT2,Commercial,In-person,48,N,N
HRG-00611,2025-01-27,CT2,Civil,In-person,62,N,N
HRG-00612,2025-01-27,CT2,Civil,In-person,10,Y,N
HRG-00613,2025-01-27,CT2,Civil,In-person,67,Y,N
HRG-00614,2025-01-27,CT2,Criminal,Hybrid,24,N,N
HRG-00615,2025-01-27,CT3,Commercial,In-person,44,Y,N
HRG-00616,2025-01-27,CT3,Family,In-person,47,N,N
HRG-00617,2025-01-27,CT3,Commercial,In-person,63,Y,N
HRG-00618,2025-01-27,CT3,Civil,In-person,52,Y,N
HRG-00619,2025-01-27,CT3,Appeal,In-person,53,N,N
HRG-00620,2025-01-27,CT3,Criminal,In-person,49,N,N
HRG-00621,2025-01-27,CT3,Civil,In-person,50,N,N
HRG-00622,2025-01-27,CT3,Appeal,In-person,49,N,N
HRG-00623,2025-01-27,CT3,Criminal,In-person,17,N,N
HRG-00624,2025-01-27,CT3,Civil,In-person,40,N,N
HRG-00625,2025-01-28,CT1,Criminal,In-person,30,N,N
HRG-00626,2025-01-28,CT1,Commercial,In-person,23,N,N
HRG-00627,2025-01-28,CT1,Civil,In-person,52,N,N
HRG-00628,2025-01-28,CT1,Commercial,In-person,46,N,N
HRG-00629,2025-01-28,CT1,Civil,In-person,29,N,N
HRG-00630,2025-01-28,CT1,Civil,In-person,52,N,N
HRG-00631,2025-01-28,CT1,Civil,In-person,36,N,N
HRG-00632,2025-01-28,CT1,Civil,In-person,48,N,N
HRG-00633,2025-01-28,CT1,Criminal,In-person,52,N,N
HRG-00634,2025-01-28,CT1,Appeal,In-person,60,N,N
HRG-00635,2025-01-28,CT1,Family,In-person,21,Y,N
HRG-00636,2025-01-28,CT1,Commercial,In-person,64,Y,N
HRG-00637,2025-01-28,CT1,Appeal,In-person,57,N,N
HRG-00638,2025-01-28,CT1,Civil,In-person,31,Y,N
HRG-00639,2025-01-28,CT2,Criminal,In-person,54,Y,N
HRG-00640,2025-01-28,CT2,Family,In-person,26,N,N
HRG-00641,2025-01-28,CT2,Civil,In-person,58,N,N
HRG-00642,2025-01-28,CT2,Criminal,In-person,30,N,N
HRG-00643,2025-01-28,CT2,Criminal,In-person,49,Y,N
HRG-00644,2025-01-28,CT2,Criminal,In-person,56,Y,N
HRG-00645,2025-01-28,CT2,Appeal,In-person,51,N,N
HRG-00646,2025-01-28,CT2,Criminal,In-person,37,N,N
HRG-00647,2025-01-28,CT2,Civil,In-person,37,N,N
HRG-00648,2025-01-28,CT2,Family,In-person,66,N,N
HRG-00649,2025-01-28,CT2,Criminal,In-person,40,N,N
HRG-00650,2025-01-28,CT3,Criminal,In-person,46,N,N
HRG-00651,2025-01-28,CT3,Criminal,In-person,72,N,N
HRG-00652,2025-01-28,CT3,Commercial,In-person,60,N,N
HRG-00653,2025-01-28,CT3,Appeal,In-person,65,Y,N
HRG-00654,2025-01-28,CT3,Appeal,In-person,72,N,N
HRG-00655,2025-01-28,CT3,Appeal,In-person,38,N,N
HRG-00656,2025-01-28,CT3,Civil,Virtual,52,Y,N
HRG-00657,2025-01-28,CT3,Family,In-person,29,N,N
HRG-00658,2025-01-28,CT3,Commercial,In-person,58,Y,N
HRG-00659,2025-01-28,CT3,Civil,In-person,83,N,N
HRG-00660,2025-01-28,CT3,Civil,In-person,29,N,N
HRG-00661,2025-01-28,CT3,Family,In-person,57,N,N
HRG-00662,2025-01-29,CT1,Criminal,In-person,34,N,N
HRG-00663,2025-01-29,CT1,Criminal,In-person,58,N,N
HRG-00664,2025-01-29,CT1,Criminal,In-person,57,N,N
HRG-00665,2025-01-29,CT1,Commercial,In-person,36,N,N
HRG-00666,2025-01-29,CT1,Civil,In-person,49,Y,N
HRG-00667,2025-01-29,CT1,Criminal,In-person,58,N,N
HRG-00668,2025-01-29,CT1,Family,In-person,46,N,N
HRG-00669,2025-01-29,CT1,Family,In-person,23,Y,N
HRG-00670,2025-01-29,CT1,Criminal,In-person,57,N,N
HRG-00671,2025-01-29,CT1,Civil,In-person,50,Y,N
HRG-00672,2025-01-29,CT1,Commercial,In-person,46,Y,N
HRG-00673,2025-01-29,CT2,Criminal,In-person,49,Y,N
HRG-00674,2025-01-29,CT2,Civil,In-person,50,N,N
HRG-00675,2025-01-29,CT2,Civil,In-person,67,N,N
HRG-00676,2025-01-29,CT2,Family,In-person,62,N,N
HRG-00677,2025-01-29,CT2,Family,In-person,17,N,N
HRG-00678,2025-01-29,CT2,Appeal,In-person,53,N,N
HRG-00679,2025-01-29,CT2,Civil,In-person,36,Y,N
HRG-00680,2025-01-29,CT3,Criminal,In-person,49,N,N
HRG-00681,2025-01-29,CT3,Commercial,In-person,70,N,N
HRG-00682,2025-01-29,CT3,Commercial,In-person,31,N,N
HRG-00683,2025-01-29,CT3,Family,In-person,23,N,N
HRG-00684,2025-01-29,CT3,Civil,In-person,78,N,N
HRG-00685,2025-01-29,CT3,Criminal,In-person,44,N,N
HRG-00686,2025-01-29,CT3,Civil,In-person,40,N,N
HRG-00687,2025-01-29,CT3,Criminal,In-person,43,N,N
HRG-00688,2025-01-29,CT3,Civil,In-person,42,N,N
HRG-00689,2025-01-30,CT1,Civil,In-person,37,N,N
HRG-00690,2025-01-30,CT1,Family,In-person,43,Y,N
HRG-00691,2025-01-30,CT1,Civil,In-person,10,N,N
HRG-00692,2025-01-30,CT1,Commercial,In-person,43,N,N
HRG-00693,2025-01-30,CT1,Criminal,In-person,64,N,N
HRG-00694,2025-01-30,CT1,Criminal,In-person,37,N,N
HRG-00695,2025-01-30,CT1,Criminal,In-person,43,N,N
HRG-00696,2025-01-30,CT1,Civil,In-person,38,N,N
HRG-00697,2025-01-30,CT1,Commercial,In-person,53,N,N
HRG-00698,2025-01-30,CT1,Criminal,In-person,54,N,N
HRG-00699,2025-01-30,CT1,Family,In-person,38,N,N
HRG-00700,2025-01-30,CT1,Appeal,In-person,45,N,N
HRG-00701,2025-01-30,CT1,Civil,In-person,20,N,N
HRG-00702,2025-01-30,CT1,Commercial,In-person,10,N,N
HRG-00703,2025-01-30,CT1,Commercial,In-person,64,N,N
HRG-00704,2025-01-30,CT2,Civil,In-person,78,Y,N
HRG-00705,2025-01-30,CT2,Family,In-person,52,N,N
HRG-00706,2025-01-30,CT2,Criminal,In-person,19,N,N
HRG-00707,2025-01-30,CT2,Civil,In-person,34,N,N
HRG-00708,2025-01-30,CT2,Family,In-person,45,N,N
HRG-00709,2025-01-30,CT2,Commercial,In-person,42,N,N
HRG-00710,2025-01-30,CT2,Criminal,In-person,34,N,N
HRG-00711,2025-01-30,CT2,Commercial,In-person,31,N,N
HRG-00712,2025-01-30,CT2,Civil,In-person,63,Y,N
HRG-00713,2025-01-30,CT2,Civil,In-person,35,N,N
HRG-00714,2025-01-30,CT2,Civil,In-person,40,Y,N
HRG-00715,2025-01-30,CT3,Commercial,In-person,50,N,N
HRG-00716,2025-01-30,CT3,Commercial,In-person,48,N,N
HRG-00717,2025-01-30,CT3,Family,In-person,38,N,N
HRG-00718,2025-01-30,CT3,Criminal,In-person,59,Y,N
HRG-00719,2025-01-30,CT3,Commercial,In-person,37,N,N
HRG-00720,2025-01-30,CT3,Criminal,In-person,52,Y,N
HRG-00721,2025-01-30,CT3,Criminal,In-person,67,Y,N
HRG-00722,2025-01-30,CT3,Appeal,In-person,32,N,N
HRG-00723,2025-01-30,CT3,Civil,In-person,18,N,N
HRG-00724,2025-01-30,CT3,Civil,In-person,66,Y,N
HRG-00725,2025-01-30,CT3,Criminal,In-person,68,Y,N
HRG-00726,2025-01-30,CT3,Criminal,In-person,35,N,N
HRG-00727,2025-01-31,CT1,Civil,In-person,68,N,N
HRG-00728,2025-01-31,CT1,Civil,In-person,48,N,N
HRG-00729,2025-01-31,CT1,Civil,In-person,48,N,N
HRG-00730,2025-01-31,CT1,Civil,In-person,74,N,N
HRG-00731,2025-01-31,CT1,Criminal,In-person,65,N,N
HRG-00732,2025-01-31,CT1,Criminal,In-person,40,N,N
HRG-00733,2025-01-31,CT1,Commercial,Virtual,52,N,N
HRG-00734,2025-01-31,CT1,Commercial,In-person,38,Y,N
HRG-00735,2025-01-31,CT1,Civil,In-person,66,Y,N
HRG-00736,2025-01-31,CT1,Civil,Hybrid,16,N,N
HRG-00737,2025-01-31,CT1,Criminal,In-person,63,N,N
HRG-00738,2025-01-31,CT1,Criminal,In-person,65,N,N
HRG-00739,2025-01-31,CT1,Civil,In-person,50,N,N
HRG-00740,2025-01-31,CT1,Commercial,In-person,60,N,N
HRG-00741,2025-01-31,CT2,Commercial,In-person,42,N,N
HRG-00742,2025-01-31,CT2,Family,In-person,45,N,N
HRG-00743,2025-01-31,CT2,Family,In-person,43,N,N
HRG-00744,2025-01-31,CT2,Commercial,In-person,37,Y,N
HRG-00745,2025-01-31,CT2,Criminal,In-person,50,N,N
HRG-00746,2025-01-31,CT2,Commercial,In-person,55,N,N
HRG-00747,2025-01-31,CT2,Civil,In-person,63,N,N
HRG-00748,2025-01-31,CT2,Criminal,In-person,64,N,N
HRG-00749,2025-01-31,CT2,Family,Virtual,54,N,N
HRG-00750,2025-01-31,CT2,Civil,Virtual,27,N,N
HRG-00751,2025-01-31,CT3,Family,In-person,56,N,N
HRG-00752,2025-01-31,CT3,Criminal,In-person,51,N,N
HRG-00753,2025-01-31,CT3,Family,In-person,43,Y,N
HRG-00754,2025-01-31,CT3,Criminal,In-person,51,N,N
HRG-00755,2025-01-31,CT3,Appeal,In-person,27,N,N
HRG-00756,2025-01-31,CT3,Civil,Hybrid,61,Y,N
HRG-00757,2025-01-31,CT3,Civil,In-person,46,Y,N
HRG-00758,2025-01-31,CT3,Criminal,In-person,34,N,N
HRG-00759,2025-01-31,CT3,Criminal,In-person,18,Y,N
HRG-00760,2025-02-03,CT1,Civil,In-person,48,N,N
HRG-00761,2025-02-03,CT1,Civil,In-person,31,N,N
HRG-00762,2025-02-03,CT1,Civil,Virtual,57,N,N
HRG-00763,2025-02-03,CT1,Civil,In-person,40,N,N
HRG-00764,2025-02-03,CT1,Civil,In-person,47,Y,N
HRG-00765,2025-02-03,CT1,Criminal,In-person,80,N,N
HRG-00766,2025-02-03,CT1,Civil,In-person,20,Y,N
HRG-00767,2025-02-03,CT1,Commercial,In-person,49,N,N
HRG-00768,2025-02-03,CT1,Family,In-person,22,N,N
HRG-00769,2025-02-03,CT1,Family,In-person,55,N,N
HRG-00770,2025-02-03,CT2,Criminal,In-person,63,N,N
HRG-00771,2025-02-03,CT2,Civil,In-person,38,Y,N
HRG-00772,2025-02-03,CT2,Civil,In-person,57,N,N
HRG-00773,2025-02-03,CT2,Civil,In-person,37,N,N
HRG-00774,2025-02-03,CT2,Civil,In-person,59,Y,N
HRG-00775,2025-02-03,CT2,Commercial,In-person,25,N,N
HRG-00776,2025-02-03,CT3,Commercial,In-person,48,N,N
HRG-00777,2025-02-03,CT3,Criminal,In-person,65,N,N
HRG-00778,2025-02-03,CT3,Criminal,In-person,74,N,N
HRG-00779,2025-02-03,CT3,Criminal,In-person,53,N,N
HRG-00780,2025-02-03,CT3,Criminal,In-person,38,N,N
HRG-00781,2025-02-03,CT3,Family,In-person,51,Y,N
HRG-00782,2025-02-03,CT3,Appeal,In-person,28,N,N
HRG-00783,2025-02-03,CT3,Commercial,In-person,45,N,N
HRG-00784,2025-02-03,CT3,Civil,In-person,46,N,N
HRG-00785,2025-02-04,CT1,Civil,In-person,69,N,N
HRG-00786,2025-02-04,CT1,Appeal,In-person,68,N,N
HRG-00787,2025-02-04,CT1,Civil,In-person,24,Y,N
HRG-00788,2025-02-04,CT1,Criminal,In-person,47,N,N
HRG-00789,2025-02-04,CT1,Criminal,In-person,39,N,N
HRG-00790,2025-02-04,CT1,Family,In-person,21,N,N
HRG-00791,2025-02-04,CT1,Criminal,In-person,53,N,N
HRG-00792,2025-02-04,CT1,Civil,In-person,28,N,N
HRG-00793,2025-02-04,CT1,Civil,Virtual,38,N,N
HRG-00794,2025-02-04,CT1,Family,In-person,37,N,N
HRG-00795,2025-02-04,CT1,Criminal,In-person,47,N,N
HRG-00796,2025-02-04,CT1,Commercial,In-person,55,N,N
HRG-00797,2025-02-04,CT1,Civil,In-person,48,N,N
HRG-00798,2025-02-04,CT1,Civil,In-person,36,N,N
HRG-00799,2025-02-04,CT2,Criminal,In-person,48,N,N
HRG-00800,2025-02-04,CT2,Family,In-person,33,Y,N
HRG-00801,2025-02-04,CT2,Commercial,In-person,73,Y,N
HRG-00802,2025-02-04,CT2,Criminal,In-person,70,N,N
HRG-00803,2025-02-04,CT2,Family,In-person,43,N,N
HRG-00804,2025-02-04,CT2,Family,In-person,28,N,N
HRG-00805,2025-02-04,CT2,Civil,Virtual,28,N,Y
HRG-00806,2025-02-04,CT3,Criminal,In-person,56,N,N
HRG-00807,2025-02-04,CT3,Criminal,In-person,65,Y,N
HRG-00808,2025-02-04,CT3,Civil,In-person,40,N,N
HRG-00809,2025-02-04,CT3,Appeal,In-person,45,Y,N
HRG-00810,2025-02-04,CT3,Family,In-person,59,N,N
HRG-00811,2025-02-04,CT3,Civil,In-person,52,Y,N
HRG-00812,2025-02-04,CT3,Criminal,In-person,56,N,N
HRG-00813,2025-02-04,CT3,Family,In-person,56,N,N
HRG-00814,2025-02-04,CT3,Criminal,In-person,21,N,N
HRG-00815,2025-02-04,CT3,Civil,In-person,21,N,N
HRG-00816,2025-02-04,CT3,Appeal,In-person,54,Y,N
HRG-00817,2025-02-04,CT3,Commercial,In-person,63,Y,N
HRG-00818,2025-02-04,CT3,Appeal,In-person,36,N,N
HRG-00819,2025-02-05,CT1,Criminal,In-person,24,N,N
HRG-00820,2025-02-05,CT1,Criminal,In-person,68,N,N
HRG-00821,2025-02-05,CT1,Appeal,In-person,59,N,N
HRG-00822,2025-02-05,CT1,Family,In-person,31,N,N
HRG-00823,2025-02-05,CT1,Criminal,In-person,54,Y,N
HRG-00824,2025-02-05,CT1,Criminal,In-person,39,Y,N
HRG-00825,2025-02-05,CT1,Criminal,Hybrid,37,N,Y
HRG-00826,2025-02-05,CT1,Commercial,In-person,23,N,N
HRG-00827,2025-02-05,CT1,Commercial,In-person,65,Y,N
HRG-00828,2025-02-05,CT1,Family,In-person,48,N,N
HRG-00829,2025-02-05,CT1,Civil,In-person,70,N,N
HRG-00830,2025-02-05,CT1,Family,In-person,40,N,N
HRG-00831,2025-02-05,CT1,Commercial,In-person,44,N,N
HRG-00832,2025-02-05,CT1,Criminal,In-person,39,N,N
HRG-00833,2025-02-05,CT1,Commercial,In-person,51,N,N
HRG-00834,2025-02-05,CT2,Criminal,In-person,49,N,N
HRG-00835,2025-02-05,CT2,Commercial,In-person,61,Y,N
HRG-00836,2025-02-05,CT2,Criminal,In-person,46,N,N
HRG-00837,2025-02-05,CT2,Civil,In-person,37,N,N
HRG-00838,2025-02-05,CT2,Commercial,In-person,47,Y,N
HRG-00839,2025-02-05,CT2,Commercial,In-person,68,N,N
HRG-00840,2025-02-05,CT3,Criminal,In-person,63,N,N
HRG-00841,2025-02-05,CT3,Civil,In-person,48,N,N
HRG-00842,2025-02-05,CT3,Criminal,In-person,25,N,N
HRG-00843,2025-02-05,CT3,Civil,In-person,31,Y,N
HRG-00844,2025-02-05,CT3,Criminal,In-person,46,N,N
HRG-00845,2025-02-05,CT3,Criminal,In-person,72,Y,N
HRG-00846,2025-02-05,CT3,Appeal,In-person,44,N,N
HRG-00847,2025-02-05,CT3,Criminal,In-person,61,Y,N
HRG-00848,2025-02-05,CT3,Criminal,In-person,49,N,N
HRG-00849,2025-02-06,CT1,Criminal,In-person,66,Y,N
HRG-00850,2025-02-06,CT1,Commercial,In-person,35,N,N
HRG-00851,2025-02-06,CT1,Criminal,In-person,79,Y,N
HRG-00852,2025-02-06,CT1,Civil,In-person,25,N,N
HRG-00853,2025-02-06,CT1,Family,In-person,44,N,N
HRG-00854,2025-02-06,CT1,Civil,In-person,50,N,N
HRG-00855,2025-02-06,CT1,Civil,In-person,24,N,N
HRG-00856,2025-02-06,CT1,Appeal,In-person,67,N,N
HRG-00857,2025-02-06,CT1,Criminal,In-person,42,N,N
HRG-00858,2025-02-06,CT1,Criminal,Hybrid,28,N,Y
HRG-00859,2025-02-06,CT1,Civil,In-person,19,N,N
HRG-00860,2025-02-06,CT1,Civil,In-person,57,Y,N
HRG-00861,2025-02-06,CT1,Commercial,In-person,52,N,N
HRG-00862,2025-02-06,CT1,Appeal,In-person,46,N,N
HRG-00863,2025-02-06,CT1,Commercial,In-person,49,N,N
HRG-00864,2025-02-06,CT2,Appeal,In-person,39,N,N
HRG-00865,2025-02-06,CT2,Commercial,In-person,62,Y,N
HRG-00866,2025-02-06,CT2,Commercial,In-person,41,N,N
HRG-00867,2025-02-06,CT2,Commercial,In-person,57,N,N
HRG-00868,2025-02-06,CT2,Civil,In-person,46,N,N
HRG-00869,2025-02-06,CT2,Criminal,In-person,38,N,N
HRG-00870,2025-02-06,CT2,Civil,In-person,53,N,N
HRG-00871,2025-02-06,CT3,Civil,In-person,68,N,N
HRG-00872,2025-02-06,CT3,Criminal,In-person,71,N,N
HRG-00873,2025-02-06,CT3,Civil,In-person,45,N,N
HRG-00874,2025-02-06,CT3,Civil,In-person,12,N,N
HRG-00875,2025-02-06,CT3,Commercial,In-person,56,N,N
HRG-00876,2025-02-06,CT3,Civil,In-person,45,N,N
HRG-00877,2025-02-06,CT3,Appeal,In-person,23,Y,N
HRG-00878,2025-02-06,CT3,Appeal,In-person,70,N,N
HRG-00879,2025-02-06,CT3,Commercial,In-person,78,Y,N
HRG-00880,2025-02-06,CT3,Appeal,In-person,45,N,N
HRG-00881,2025-02-06,CT3,Civil,In-person,33,Y,N
HRG-00882,2025-02-06,CT3,Appeal,In-person,72,N,N
HRG-00883,2025-02-07,CT1,Civil,In-person,24,N,N
HRG-00884,2025-02-07,CT1,Criminal,In-person,58,N,N
HRG-00885,2025-02-07,CT1,Criminal,In-person,57,N,N
HRG-00886,2025-02-07,CT1,Commercial,In-person,58,N,N
HRG-00887,2025-02-07,CT1,Family,In-person,44,N,N
HRG-00888,2025-02-07,CT1,Family,Virtual,32,Y,Y
HRG-00889,2025-02-07,CT1,Criminal,In-person,68,N,N
HRG-00890,2025-02-07,CT1,Family,In-person,28,N,N
HRG-00891,2025-02-07,CT1,Criminal,In-person,45,N,N
HRG-00892,2025-02-07,CT1,Appeal,In-person,60,N,N
HRG-00893,2025-02-07,CT1,Civil,In-person,58,N,N
HRG-00894,2025-02-07,CT1,Civil,Virtual,35,N,N
HRG-00895,2025-02-07,CT1,Civil,In-person,57,N,N
HRG-00896,2025-02-07,CT2,Criminal,In-person,59,Y,N
HRG-00897,2025-02-07,CT2,Criminal,In-person,61,N,N
HRG-00898,2025-02-07,CT2,Criminal,In-person,50,N,N
HRG-00899,2025-02-07,CT2,Family,In-person,43,N,N
HRG-00900,2025-02-07,CT2,Civil,In-person,44,N,N
HRG-00901,2025-02-07,CT2,Family,In-person,52,N,N
HRG-00902,2025-02-07,CT2,Civil,Virtual,36,N,N
HRG-00903,2025-02-07,CT2,Family,Virtual,25,N,N
HRG-00904,2025-02-07,CT2,Commercial,In-person,50,N,N
HRG-00905,2025-02-07,CT2,Civil,In-person,51,N,N
HRG-00906,2025-02-07,CT2,Criminal,In-person,69,N,N
HRG-00907,2025-02-07,CT2,Civil,In-person,71,Y,N
HRG-00908,2025-02-07,CT3,Family,In-person,31,N,N
HRG-00909,2025-02-07,CT3,Criminal,In-person,48,Y,N
HRG-00910,2025-02-07,CT3,Criminal,In-person,48,N,N
HRG-00911,2025-02-07,CT3,Civil,In-person,34,N,N
HRG-00912,2025-02-07,CT3,Criminal,In-person,24,N,N
HRG-00913,2025-02-07,CT3,Civil,In-person,54,N,N
HRG-00914,2025-02-07,CT3,Criminal,In-person,42,N,N
HRG-00915,2025-02-07,CT3,Criminal,In-person,40,N,N
HRG-00916,2025-02-07,CT3,Criminal,In-person,55,N,N
HRG-00917,2025-02-07,CT3,Civil,In-person,23,N,N
HRG-00918,2025-02-10,CT1,Family,In-person,42,N,N
HRG-00919,2025-02-10,CT1,Family,In-person,10,Y,N
HRG-00920,2025-02-10,CT1,Family,In-person,55,Y,N
HRG-00921,2025-02-10,CT1,Family,In-person,37,N,N
HRG-00922,2025-02-10,CT1,Criminal,In-person,50,N,N
HRG-00923,2025-02-10,CT1,Civil,In-person,57,Y,N
HRG-00924,2025-02-10,CT1,Civil,In-person,63,N,N
HRG-00925,2025-02-10,CT1,Family,In-person,38,Y,N
HRG-00926,2025-02-10,CT1,Civil,In-person,54,N,N
HRG-00927,2025-02-10,CT1,Criminal,In-person,49,Y,N
HRG-00928,2025-02-10,CT2,Family,In-person,90,Y,N
HRG-00929,2025-02-10,CT2,Civil,In-person,40,Y,N
HRG-00930,2025-02-10,CT2,Appeal,In-person,43,Y,N
HRG-00931,2025-02-10,CT2,Commercial,Virtual,18,N,Y
HRG-00932,2025-02-10,CT2,Criminal,In-person,27,N,N
HRG-00933,2025-02-10,CT2,Civil,In-person,67,N,N
HRG-00934,2025-02-10,CT2,Family,In-person,35,Y,N
HRG-00935,2025-02-10,CT2,Criminal,In-person,42,N,N
HRG-00936,2025-02-10,CT3,Appeal,In-person,44,N,N
HRG-00937,2025-02-10,CT3,Civil,In-person,34,Y,N
HRG-00938,2025-02-10,CT3,Criminal,In-person,39,N,N
HRG-00939,2025-02-10,CT3,Civil,In-person,30,N,N
HRG-00940,2025-02-10,CT3,Civil,Virtual,42,N,N
HRG-00941,2025-02-10,CT3,Criminal,In-person,32,Y,N
HRG-00942,2025-02-10,CT3,Criminal,In-person,84,Y,N
HRG-00943,2025-02-10,CT3,Civil,In-person,50,N,N
HRG-00944,2025-02-10,CT3,Family,In-person,72,N,N
HRG-00945,2025-02-10,CT3,Civil,In-person,81,N,N
HRG-00946,2025-02-10,CT3,Civil,In-person,44,N,N
HRG-00947,2025-02-10,CT3,Appeal,In-person,37,N,N
HRG-00948,2025-02-11,CT1,Criminal,Virtual,55,N,N
HRG-00949,2025-02-11,CT1,Civil,Hybrid,39,N,N
HRG-00950,2025-02-11,CT1,Criminal,In-person,67,N,N
HRG-00951,2025-02-11,CT1,Family,In-person,37,N,N
HRG-00952,2025-02-11,CT1,Commercial,In-person,40,N,N
HRG-00953,2025-02-11,CT1,Civil,Virtual,46,N,N
HRG-00954,2025-02-11,CT1,Family,In-person,50,N,N
HRG-00955,2025-02-11,CT1,Criminal,Virtual,37,N,N
HRG-00956,2025-02-11,CT1,Civil,In-person,53,N,N
HRG-00957,2025-02-11,CT1,Civil,In-person,52,Y,N
HRG-00958,2025-02-11,CT1,Commercial,In-person,66,N,N
HRG-00959,2025-02-11,CT1,Criminal,In-person,16,N,N
HRG-00960,2025-02-11,CT1,Criminal,In-person,31,Y,N
HRG-00961,2025-02-11,CT1,Civil,In-person,71,N,N
HRG-00962,2025-02-11,CT2,Civil,In-person,39,N,N
HRG-00963,2025-02-11,CT2,Civil,In-person,54,Y,N
HRG-00964,2025-02-11,CT2,Commercial,In-person,48,N,N
HRG-00965,2025-02-11,CT2,Criminal,In-person,52,N,N
HRG-00966,2025-02-11,CT2,Criminal,Virtual,16,N,N
HRG-00967,2025-02-11,CT2,Criminal,In-person,46,N,N
HRG-00968,2025-02-11,CT2,Civil,In-person,42,Y,N
HRG-00969,2025-02-11,CT2,Family,In-person,10,N,N
HRG-00970,2025-02-11,CT2,Commercial,In-person,51,N,N
HRG-00971,2025-02-11,CT3,Commercial,In-person,48,N,N
HRG-00972,2025-02-11,CT3,Civil,In-person,42,Y,N
HRG-00973,2025-02-11,CT3,Civil,In-person,35,N,N
HRG-00974,2025-02-11,CT3,Commercial,In-person,47,N,N
HRG-00975,2025-02-11,CT3,Appeal,In-person,28,N,N
HRG-00976,2025-02-11,CT3,Criminal,In-person,58,Y,N
HRG-00977,2025-02-11,CT3,Criminal,In-person,52,Y,N
HRG-00978,2025-02-11,CT3,Commercial,In-person,44,N,N
HRG-00979,2025-02-11,CT3,Civil,In-person,58,Y,N
HRG-00980,2025-02-11,CT3,Family,In-person,70,N,N
HRG-00981,2025-02-11,CT3,Commercial,In-person,56,Y,N
HRG-00982,2025-02-11,CT3,Civil,In-person,51,N,N
HRG-00983,2025-02-11,CT3,Family,In-person,40,Y,N
HRG-00984,2025-02-12,CT1,Family,In-person,22,N,N
HRG-00985,2025-02-12,CT1,Criminal,In-person,15,N,N
HRG-00986,2025-02-12,CT1,Commercial,In-person,67,N,N
HRG-00987,2025-02-12,CT1,Family,In-person,37,N,N
HRG-00988,2025-02-12,CT1,Criminal,In-person,39,N,N
HRG-00989,2025-02-12,CT1,Civil,In-person,37,Y,N
HRG-00990,2025-02-12,CT1,Appeal,In-person,51,N,N
HRG-00991,2025-02-12,CT1,Criminal,Hybrid,38,N,N
HRG-00992,2025-02-12,CT1,Commercial,In-person,24,Y,N
HRG-00993,2025-02-12,CT1,Civil,In-person,62,N,N
HRG-00994,2025-02-12,CT1,Civil,In-person,35,Y,N
HRG-00995,2025-02-12,CT2,Commercial,In-person,46,N,N
HRG-00996,2025-02-12,CT2,Commercial,In-person,46,Y,N
HRG-00997,2025-02-12,CT2,Family,In-person,45,N,N
HRG-00998,2025-02-12,CT2,Criminal,In-person,56,N,N
HRG-00999,2025-02-12,CT2,Criminal,In-person,53,N,N
HRG-01000,2025-02-12,CT2,Criminal,In-person,24,N,N
HRG-01001,2025-02-12,CT2,Commercial,In-person,54,N,N
HRG-01002,2025-02-12,CT2,Family,In-person,41,N,N
HRG-01003,2025-02-12,CT2,Civil,In-person,60,N,N
HRG-01004,2025-02-12,CT2,Family,In-person,57,N,N
HRG-01005,2025-02-12,CT3,Commercial,In-person,39,N,N
HRG-01006,2025-02-12,CT3,Criminal,In-person,32,N,N
HRG-01007,2025-02-12,CT3,Commercial,In-person,61,N,N
HRG-01008,2025-02-12,CT3,Criminal,In-person,40,N,N
HRG-01009,2025-02-12,CT3,Civil,In-person,47,N,N
HRG-01010,2025-02-12,CT3,Family,In-person,60,N,N
HRG-01011,2025-02-12,CT3,Criminal,In-person,60,N,N
HRG-01012,2025-02-12,CT3,Family,In-person,37,N,N
HRG-01013,2025-02-12,CT3,Criminal,In-person,32,N,N
HRG-01014,2025-02-12,CT3,Criminal,Hybrid,13,N,N
HRG-01015,2025-02-13,CT1,Civil,In-person,74,N,N
HRG-01016,2025-02-13,CT1,Civil,In-person,40,N,N
HRG-01017,2025-02-13,CT1,Criminal,In-person,71,Y,N
HRG-01018,2025-02-13,CT1,Criminal,In-person,37,Y,N
HRG-01019,2025-02-13,CT1,Commercial,Virtual,57,N,N
HRG-01020,2025-02-13,CT1,Civil,In-person,43,N,N
HRG-01021,2025-02-13,CT1,Criminal,In-person,10,Y,N
HRG-01022,2025-02-13,CT1,Criminal,In-person,64,N,N
HRG-01023,2025-02-13,CT1,Criminal,In-person,64,Y,N
HRG-01024,2025-02-13,CT1,Civil,In-person,46,Y,N
HRG-01025,2025-02-13,CT1,Civil,In-person,50,N,N
HRG-01026,2025-02-13,CT1,Civil,In-person,76,N,N
HRG-01027,2025-02-13,CT1,Civil,Hybrid,37,N,N
HRG-01028,2025-02-13,CT1,Appeal,In-person,61,N,N
HRG-01029,2025-02-13,CT1,Criminal,In-person,53,N,N
HRG-01030,2025-02-13,CT2,Criminal,In-person,84,N,N
HRG-01031,2025-02-13,CT2,Criminal,In-person,62,N,N
HRG-01032,2025-02-13,CT2,Criminal,In-person,61,N,N
HRG-01033,2025-02-13,CT2,Commercial,In-person,13,N,N
HRG-01034,2025-02-13,CT2,Appeal,In-person,58,Y,N
HRG-01035,2025-02-13,CT2,Criminal,In-person,51,Y,N
HRG-01036,2025-02-13,CT2,Family,In-person,55,N,N
HRG-01037,2025-02-13,CT2,Civil,Virtual,14,N,N
HRG-01038,2025-02-13,CT2,Civil,In-person,63,N,N
HRG-01039,2025-02-13,CT2,Civil,In-person,40,N,N
HRG-01040,2025-02-13,CT2,Commercial,In-person,54,N,N
HRG-01041,2025-02-13,CT3,Civil,In-person,44,N,N
HRG-01042,2025-02-13,CT3,Criminal,In-person,36,Y,N
HRG-01043,2025-02-13,CT3,Civil,In-person,36,N,N
HRG-01044,2025-02-13,CT3,Criminal,In-person,61,N,N
HRG-01045,2025-02-13,CT3,Appeal,In-person,45,N,N
HRG-01046,2025-02-13,CT3,Criminal,In-person,52,N,N
HRG-01047,2025-02-13,CT3,Family,In-person,32,N,N
HRG-01048,2025-02-13,CT3,Civil,In-person,47,N,N
HRG-01049,2025-02-13,CT3,Criminal,In-person,24,Y,N
HRG-01050,2025-02-13,CT3,Criminal,In-person,24,Y,N
HRG-01051,2025-02-13,CT3,Civil,In-person,51,N,N
HRG-01052,2025-02-13,CT3,Criminal,Virtual,31,N,N
HRG-01053,2025-02-13,CT3,Civil,In-person,56,N,N
HRG-01054,2025-02-13,CT3,Criminal,In-person,39,Y,N
HRG-01055,2025-02-14,CT1,Commercial,In-person,68,N,N
HRG-01056,2025-02-14,CT1,Commercial,In-person,53,Y,N
HRG-01057,2025-02-14,CT1,Family,In-person,36,N,N
HRG-01058,2025-02-14,CT1,Criminal,In-person,73,N,N
HRG-01059,2025-02-14,CT1,Civil,In-person,67,N,N
HRG-01060,2025-02-14,CT1,Commercial,In-person,31,Y,N
HRG-01061,2025-02-14,CT1,Civil,In-person,42,N,N
HRG-01062,2025-02-14,CT1,Civil,In-person,11,N,N
HRG-01063,2025-02-14,CT1,Appeal,In-person,32,N,N
HRG-01064,2025-02-14,CT1,Civil,In-person,60,Y,N
HRG-01065,2025-02-14,CT1,Appeal,In-person,44,Y,N
HRG-01066,2025-02-14,CT2,Criminal,In-person,39,N,N
HRG-01067,2025-02-14,CT2,Criminal,In-person,49,Y,N
HRG-01068,2025-02-14,CT2,Criminal,In-person,38,N,N
HRG-01069,2025-02-14,CT2,Appeal,In-person,50,N,N
HRG-01070,2025-02-14,CT2,Criminal,In-person,43,N,N
HRG-01071,2025-02-14,CT2,Appeal,In-person,33,Y,N
HRG-01072,2025-02-14,CT2,Criminal,In-person,55,N,N
HRG-01073,2025-02-14,CT2,Appeal,In-person,50,N,N
HRG-01074,2025-02-14,CT2,Criminal,In-person,38,Y,N
HRG-01075,2025-02-14,CT3,Criminal,In-person,47,N,N
HRG-01076,2025-02-14,CT3,Civil,In-person,28,N,N
HRG-01077,2025-02-14,CT3,Family,In-person,93,N,N
HRG-01078,2025-02-14,CT3,Commercial,In-person,30,N,N
HRG-01079,2025-02-14,CT3,Criminal,In-person,63,N,N
HRG-01080,2025-02-14,CT3,Criminal,In-person,45,N,N
HRG-01081,2025-02-14,CT3,Commercial,In-person,46,N,N
HRG-01082,2025-02-14,CT3,Criminal,In-person,56,N,N
HRG-01083,2025-02-14,CT3,Criminal,In-person,38,Y,N
HRG-01084,2025-02-14,CT3,Civil,In-person,42,Y,N
HRG-01085,2025-02-14,CT3,Appeal,In-person,63,N,N
HRG-01086,2025-02-14,CT3,Civil,In-person,41,Y,N
HRG-01087,2025-02-14,CT3,Family,In-person,36,N,N
HRG-01088,2025-02-17,CT1,Criminal,In-person,58,N,N
HRG-01089,2025-02-17,CT1,Civil,In-person,47,Y,N
HRG-01090,2025-02-17,CT1,Family,In-person,43,N,N
HRG-01091,2025-02-17,CT1,Civil,Virtual,51,N,N
HRG-01092,2025-02-17,CT1,Appeal,In-person,38,N,N
HRG-01093,2025-02-17,CT1,Civil,In-person,37,Y,N
HRG-01094,2025-02-17,CT1,Family,In-person,53,N,N
HRG-01095,2025-02-17,CT1,Civil,Virtual,46,N,N
HRG-01096,2025-02-17,CT1,Appeal,Virtual,10,N,N
HRG-01097,2025-02-17,CT1,Commercial,In-person,60,N,N
HRG-01098,2025-02-17,CT1,Appeal,In-person,71,N,N
HRG-01099,2025-02-17,CT1,Civil,In-person,38,N,N
HRG-01100,2025-02-17,CT1,Civil,In-person,47,N,N
HRG-01101,2025-02-17,CT1,Civil,In-person,51,N,N
HRG-01102,2025-02-17,CT1,Criminal,In-person,51,Y,N
HRG-01103,2025-02-17,CT2,Criminal,In-person,62,Y,N
HRG-01104,2025-02-17,CT2,Family,In-person,40,N,N
HRG-01105,2025-02-17,CT2,Criminal,In-person,71,N,N
HRG-01106,2025-02-17,CT2,Civil,In-person,48,N,N
HRG-01107,2025-02-17,CT2,Appeal,Hybrid,37,N,N
HRG-01108,2025-02-17,CT2,Civil,In-person,37,N,N
HRG-01109,2025-02-17,CT2,Criminal,In-person,59,N,N
HRG-01110,2025-02-17,CT3,Civil,In-person,44,N,N
HRG-01111,2025-02-17,CT3,Criminal,In-person,62,N,N
HRG-01112,2025-02-17,CT3,Civil,In-person,48,N,N
HRG-01113,2025-02-17,CT3,Commercial,In-person,44,N,N
HRG-01114,2025-02-17,CT3,Commercial,In-person,52,Y,N
HRG-01115,2025-02-17,CT3,Commercial,In-person,78,N,N
HRG-01116,2025-02-17,CT3,Appeal,In-person,65,N,N
HRG-01117,2025-02-17,CT3,Civil,Virtual,32,N,N
HRG-01118,2025-02-18,CT1,Appeal,In-person,42,N,N
HRG-01119,2025-02-18,CT1,Civil,In-person,75,N,N
HRG-01120,2025-02-18,CT1,Civil,In-person,24,N,N
HRG-01121,2025-02-18,CT1,Civil,In-person,64,Y,N
HRG-01122,2025-02-18,CT1,Appeal,In-person,49,N,N
HRG-01123,2025-02-18,CT1,Civil,In-person,71,N,N
HRG-01124,2025-02-18,CT1,Civil,In-person,46,N,N
HRG-01125,2025-02-18,CT1,Criminal,In-person,64,Y,N
HRG-01126,2025-02-18,CT1,Civil,In-person,32,Y,N
HRG-01127,2025-02-18,CT1,Appeal,In-person,22,N,N
HRG-01128,2025-02-18,CT1,Family,In-person,41,N,N
HRG-01129,2025-02-18,CT1,Criminal,In-person,23,Y,N
HRG-01130,2025-02-18,CT1,Civil,In-person,50,N,N
HRG-01131,2025-02-18,CT2,Civil,In-person,45,N,N
HRG-01132,2025-02-18,CT2,Criminal,In-person,17,Y,N
HRG-01133,2025-02-18,CT2,Family,In-person,22,N,N
HRG-01134,2025-02-18,CT2,Criminal,In-person,28,N,N
HRG-01135,2025-02-18,CT2,Criminal,In-person,45,N,N
HRG-01136,2025-02-18,CT2,Appeal,In-person,50,N,N
HRG-01137,2025-02-18,CT2,Civil,In-person,52,Y,N
HRG-01138,2025-02-18,CT2,Criminal,In-person,42,N,N
HRG-01139,2025-02-18,CT2,Commercial,In-person,48,N,N
HRG-01140,2025-02-18,CT2,Criminal,In-person,38,Y,N
HRG-01141,2025-02-18,CT3,Commercial,In-person,43,N,N
HRG-01142,2025-02-18,CT3,Criminal,In-person,27,N,N
HRG-01143,2025-02-18,CT3,Appeal,In-person,44,Y,N
HRG-01144,2025-02-18,CT3,Family,In-person,42,N,N
HRG-01145,2025-02-18,CT3,Criminal,In-person,32,N,N
HRG-01146,2025-02-18,CT3,Civil,In-person,30,N,N
HRG-01147,2025-02-18,CT3,Civil,In-person,39,N,N
HRG-01148,2025-02-18,CT3,Criminal,In-person,24,Y,N
HRG-01149,2025-02-18,CT3,Civil,In-person,43,N,N
HRG-01150,2025-02-18,CT3,Civil,In-person,81,N,N
HRG-01151,2025-02-18,CT3,Commercial,In-person,35,N,N
HRG-01152,2025-02-18,CT3,Criminal,In-person,40,N,N
HRG-01153,2025-02-19,CT1,Commercial,In-person,50,N,N
HRG-01154,2025-02-19,CT1,Commercial,In-person,47,N,N
HRG-01155,2025-02-19,CT1,Appeal,In-person,50,N,N
HRG-01156,2025-02-19,CT1,Commercial,In-person,48,N,N
HRG-01157,2025-02-19,CT1,Civil,In-person,52,N,N
HRG-01158,2025-02-19,CT1,Criminal,In-person,49,N,N
HRG-01159,2025-02-19,CT1,Commercial,In-person,69,Y,N
HRG-01160,2025-02-19,CT1,Commercial,In-person,38,N,N
HRG-01161,2025-02-19,CT1,Civil,Virtual,51,N,N
HRG-01162,2025-02-19,CT1,Civil,In-person,31,Y,N
HRG-01163,2025-02-19,CT1,Appeal,In-person,46,N,N
HRG-01164,2025-02-19,CT1,Commercial,In-person,56,N,N
HRG-01165,2025-02-19,CT1,Criminal,In-person,25,Y,N
HRG-01166,2025-02-19,CT1,Criminal,Hybrid,34,N,N
HRG-01167,2025-02-19,CT1,Criminal,In-person,36,N,N
HRG-01168,2025-02-19,CT2,Criminal,In-person,36,N,N
HRG-01169,2025-02-19,CT2,Civil,In-person,42,Y,N
HRG-01170,2025-02-19,CT2,Criminal,In-person,62,N,N
HRG-01171,2025-02-19,CT2,Civil,In-person,34,N,N
HRG-01172,2025-02-19,CT2,Criminal,In-person,64,Y,N
HRG-01173,2025-02-19,CT2,Appeal,In-person,67,N,N
HRG-01174,2025-02-19,CT2,Family,In-person,40,N,N
HRG-01175,2025-02-19,CT2,Civil,In-person,31,N,N
HRG-01176,2025-02-19,CT3,Civil,In-person,43,N,N
HRG-01177,2025-02-19,CT3,Civil,Virtual,35,N,N
HRG-01178,2025-02-19,CT3,Commercial,In-person,76,N,N
HRG-01179,2025-02-19,CT3,Civil,In-person,54,N,N
HRG-01180,2025-02-19,CT3,Criminal,In-person,41,Y,N
HRG-01181,2025-02-19,CT3,Civil,In-person,21,N,N
HRG-01182,2025-02-19,CT3,Criminal,In-person,37,N,N
HRG-01183,2025-02-19,CT3,Criminal,In-person,60,Y,N
HRG-01184,2025-02-19,CT3,Appeal,Hybrid,27,N,N
HRG-01185,2025-02-20,CT1,Civil,In-person,33,N,N
HRG-01186,2025-02-20,CT1,Commercial,In-person,30,N,N
HRG-01187,2025-02-20,CT1,Appeal,In-person,62,N,N
HRG-01188,2025-02-20,CT1,Civil,In-person,49,Y,N
HRG-01189,2025-02-20,CT1,Criminal,Virtual,13,N,N
HRG-01190,2025-02-20,CT1,Civil,In-person,52,N,N
HRG-01191,2025-02-20,CT1,Civil,Hybrid,21,N,N
HRG-01192,2025-02-20,CT1,Family,In-person,22,N,N
HRG-01193,2025-02-20,CT1,Civil,In-person,36,Y,N
HRG-01194,2025-02-20,CT1,Civil,In-person,49,N,N
HRG-01195,2025-02-20,CT1,Criminal,In-person,41,Y,N
HRG-01196,2025-02-20,CT1,Commercial,In-person,41,N,N
HRG-01197,2025-02-20,CT2,Criminal,In-person,54,Y,N
HRG-01198,2025-02-20,CT2,Civil,Hybrid,52,N,N
HRG-01199,2025-02-20,CT2,Civil,In-person,58,N,N
HRG-01200,2025-02-20,CT2,Criminal,In-person,60,N,N
HRG-01201,2025-02-20,CT2,Civil,In-person,62,N,N
HRG-01202,2025-02-20,CT2,Criminal,In-person,58,Y,N
HRG-01203,2025-02-20,CT2,Commercial,In-person,33,Y,N
HRG-01204,2025-02-20,CT2,Criminal,In-person,65,N,N
HRG-01205,2025-02-20,CT2,Criminal,In-person,65,N,N
HRG-01206,2025-02-20,CT3,Civil,In-person,64,N,N
HRG-01207,2025-02-20,CT3,Civil,In-person,54,N,N
HRG-01208,2025-02-20,CT3,Criminal,In-person,64,N,N
HRG-01209,2025-02-20,CT3,Commercial,In-person,53,N,N
HRG-01210,2025-02-20,CT3,Commercial,In-person,58,Y,N
HRG-01211,2025-02-20,CT3,Family,In-person,56,Y,N
HRG-01212,2025-02-20,CT3,Commercial,In-person,59,N,N
HRG-01213,2025-02-20,CT3,Civil,In-person,48,Y,N
HRG-01214,2025-02-20,CT3,Civil,In-person,10,N,N
HRG-01215,2025-02-20,CT3,Criminal,In-person,53,N,N
HRG-01216,2025-02-20,CT3,Commercial,In-person,68,N,N
HRG-01217,2025-02-20,CT3,Family,In-person,38,N,N
HRG-01218,2025-02-21,CT1,Civil,In-person,56,N,N
HRG-01219,2025-02-21,CT1,Family,Virtual,40,N,Y
HRG-01220,2025-02-21,CT1,Appeal,In-person,61,Y,N
HRG-01221,2025-02-21,CT1,Criminal,In-person,36,N,N
HRG-01222,2025-02-21,CT1,Criminal,In-person,53,N,N
HRG-01223,2025-02-21,CT1,Family,In-person,47,N,N
HRG-01224,2025-02-21,CT1,Criminal,In-person,43,N,N
HRG-01225,2025-02-21,CT1,Commercial,Hybrid,20,N,N
HRG-01226,2025-02-21,CT1,Family,In-person,46,N,N
HRG-01227,2025-02-21,CT1,Civil,In-person,55,N,N
HRG-01228,2025-02-21,CT1,Criminal,In-person,38,N,N
HRG-01229,2025-02-21,CT1,Criminal,In-person,26,Y,N
HRG-01230,2025-02-21,CT2,Commercial,In-person,32,N,N
HRG-01231,2025-02-21,CT2,Civil,In-person,63,N,N
HRG-01232,2025-02-21,CT2,Criminal,In-person,41,N,N
HRG-01233,2025-02-21,CT2,Civil,In-person,58,N,N
HRG-01234,2025-02-21,CT2,Criminal,In-person,36,Y,N
HRG-01235,2025-02-21,CT2,Criminal,In-person,32,N,N
HRG-01236,2025-02-21,CT2,Commercial,Virtual,39,N,N
HRG-01237,2025-02-21,CT2,Commercial,In-person,51,N,N
HRG-01238,2025-02-21,CT3,Criminal,In-person,44,Y,N
HRG-01239,2025-02-21,CT3,Criminal,In-person,13,N,N
HRG-01240,2025-02-21,CT3,Criminal,In-person,46,N,N
HRG-01241,2025-02-21,CT3,Criminal,In-person,59,Y,N
HRG-01242,2025-02-21,CT3,Civil,In-person,57,N,N
HRG-01243,2025-02-21,CT3,Criminal,In-person,59,N,N
HRG-01244,2025-02-21,CT3,Family,In-person,29,N,N
HRG-01245,2025-02-21,CT3,Commercial,In-person,41,N,N
HRG-01246,2025-02-21,CT3,Family,In-person,41,N,N
HRG-01247,2025-02-21,CT3,Family,In-person,75,N,N
HRG-01248,2025-02-21,CT3,Criminal,In-person,51,N,N
HRG-01249,2025-02-24,CT1,Criminal,In-person,23,N,N
HRG-01250,2025-02-24,CT1,Commercial,In-person,58,N,N
HRG-01251,2025-02-24,CT1,Civil,In-person,38,N,N
HRG-01252,2025-02-24,CT1,Family,In-person,66,N,N
HRG-01253,2025-02-24,CT1,Civil,Virtual,41,Y,N
HRG-01254,2025-02-24,CT1,Commercial,In-person,65,N,N
HRG-01255,2025-02-24,CT1,Family,In-person,53,Y,N
HRG-01256,2025-02-24,CT1,Commercial,In-person,63,N,N
HRG-01257,2025-02-24,CT1,Commercial,In-person,64,Y,N
HRG-01258,2025-02-24,CT1,Criminal,In-person,58,N,N
HRG-01259,2025-02-24,CT1,Appeal,In-person,53,Y,N
HRG-01260,2025-02-24,CT1,Family,In-person,28,N,N
HRG-01261,2025-02-24,CT1,Criminal,In-person,50,N,N
HRG-01262,2025-02-24,CT1,Appeal,In-person,53,N,N
HRG-01263,2025-02-24,CT1,Criminal,In-person,31,Y,N
HRG-01264,2025-02-24,CT2,Civil,In-person,58,N,N
HRG-01265,2025-02-24,CT2,Family,In-person,48,N,N
HRG-01266,2025-02-24,CT2,Commercial,In-person,60,N,N
HRG-01267,2025-02-24,CT2,Appeal,In-person,47,N,N
HRG-01268,2025-02-24,CT2,Civil,In-person,90,N,N
HRG-01269,2025-02-24,CT2,Civil,In-person,60,N,N
HRG-01270,2025-02-24,CT2,Criminal,In-person,57,N,N
HRG-01271,2025-02-24,CT2,Family,In-person,43,N,N
HRG-01272,2025-02-24,CT2,Civil,In-person,65,N,N
HRG-01273,2025-02-24,CT3,Civil,In-person,38,N,N
HRG-01274,2025-02-24,CT3,Civil,In-person,42,N,N
HRG-01275,2025-02-24,CT3,Family,In-person,39,N,N
HRG-01276,2025-02-24,CT3,Civil,In-person,26,N,N
HRG-01277,2025-02-24,CT3,Family,In-person,66,N,N
HRG-01278,2025-02-24,CT3,Commercial,In-person,29,N,N
HRG-01279,2025-02-24,CT3,Criminal,In-person,43,N,N
HRG-01280,2025-02-24,CT3,Criminal,In-person,20,N,N
HRG-01281,2025-02-24,CT3,Civil,In-person,26,N,N
HRG-01282,2025-02-24,CT3,Civil,In-person,46,N,N
HRG-01283,2025-02-24,CT3,Commercial,In-person,47,N,N
HRG-01284,2025-02-24,CT3,Appeal,In-person,61,N,N
HRG-01285,2025-02-24,CT3,Civil,In-person,37,N,N
HRG-01286,2025-02-25,CT1,Civil,In-person,88,N,N
HRG-01287,2025-02-25,CT1,Commercial,In-person,33,Y,N
HRG-01288,2025-02-25,CT1,Criminal,In-person,52,Y,N
HRG-01289,2025-02-25,CT1,Criminal,In-person,65,Y,N
HRG-01290,2025-02-25,CT1,Family,In-person,65,Y,N
HRG-01291,2025-02-25,CT1,Criminal,In-person,51,N,N
HRG-01292,2025-02-25,CT1,Civil,In-person,48,N,N
HRG-01293,2025-02-25,CT1,Appeal,Hybrid,49,Y,N
HRG-01294,2025-02-25,CT1,Civil,Virtual,49,N,N
HRG-01295,2025-02-25,CT1,Family,In-person,42,N,N
HRG-01296,2025-02-25,CT1,Criminal,In-person,87,N,N
HRG-01297,2025-02-25,CT1,Civil,In-person,55,N,N
HRG-01298,2025-02-25,CT1,Commercial,In-person,31,Y,N
HRG-01299,2025-02-25,CT2,Criminal,In-person,68,N,N
HRG-01300,2025-02-25,CT2,Commercial,In-person,74,N,N
HRG-01301,2025-02-25,CT2,Commercial,In-person,41,Y,N
HRG-01302,2025-02-25,CT2,Civil,In-person,49,N,N
HRG-01303,2025-02-25,CT2,Civil,In-person,64,N,N
HRG-01304,2025-02-25,CT2,Civil,In-person,28,N,N
HRG-01305,2025-02-25,CT2,Criminal,In-person,54,N,N
HRG-01306,2025-02-25,CT2,Civil,Virtual,22,Y,Y
HRG-01307,2025-02-25,CT2,Criminal,In-person,61,N,N
HRG-01308,2025-02-25,CT2,Commercial,In-person,44,Y,N
HRG-01309,2025-02-25,CT3,Civil,In-person,74,N,N
HRG-01310,2025-02-25,CT3,Criminal,In-person,46,N,N
HRG-01311,2025-02-25,CT3,Family,In-person,35,Y,N
HRG-01312,2025-02-25,CT3,Commercial,In-person,22,N,N
HRG-01313,2025-02-25,CT3,Family,In-person,36,N,N
HRG-01314,2025-02-25,CT3,Criminal,In-person,50,N,N
HRG-01315,2025-02-25,CT3,Family,In-person,34,N,N
HRG-01316,2025-02-25,CT3,Commercial,In-person,35,N,N
HRG-01317,2025-02-25,CT3,Commercial,In-person,51,N,N
HRG-01318,2025-02-25,CT3,Commercial,In-person,52,N,N
HRG-01319,2025-02-25,CT3,Appeal,In-person,48,N,N
HRG-01320,2025-02-25,CT3,Criminal,In-person,41,N,N
HRG-01321,2025-02-26,CT1,Criminal,In-person,26,N,N
HRG-01322,2025-02-26,CT1,Civil,In-person,33,Y,N
HRG-01323,2025-02-26,CT1,Criminal,In-person,79,N,N
HRG-01324,2025-02-26,CT1,Commercial,In-person,28,N,N
HRG-01325,2025-02-26,CT1,Civil,In-person,71,N,N
HRG-01326,2025-02-26,CT1,Family,In-person,47,N,N
HRG-01327,2025-02-26,CT1,Civil,In-person,49,Y,N
HRG-01328,2025-02-26,CT1,Criminal,Hybrid,48,N,N
HRG-01329,2025-02-26,CT1,Civil,In-person,28,N,N
HRG-01330,2025-02-26,CT1,Criminal,In-person,68,Y,N
HRG-01331,2025-02-26,CT1,Commercial,In-person,53,Y,N
HRG-01332,2025-02-26,CT2,Criminal,In-person,40,N,N
HRG-01333,2025-02-26,CT2,Commercial,In-person,31,Y,N
HRG-01334,2025-02-26,CT2,Family,In-person,51,N,N
HRG-01335,2025-02-26,CT2,Civil,In-person,52,N,N
HRG-01336,2025-02-26,CT2,Civil,In-person,64,N,N
HRG-01337,2025-02-26,CT2,Commercial,In-person,53,N,N
HRG-01338,2025-02-26,CT2,Civil,In-person,54,Y,N
HRG-01339,2025-02-26,CT2,Commercial,In-person,34,N,N
HRG-01340,2025-02-26,CT2,Criminal,In-person,15,Y,N
HRG-01341,2025-02-26,CT2,Civil,In-person,43,N,N
HRG-01342,2025-02-26,CT2,Commercial,In-person,60,N,N
HRG-01343,2025-02-26,CT3,Family,In-person,74,N,N
HRG-01344,2025-02-26,CT3,Commercial,In-person,60,N,N
HRG-01345,2025-02-26,CT3,Commercial,In-person,76,N,N
HRG-01346,2025-02-26,CT3,Family,In-person,56,N,N
HRG-01347,2025-02-26,CT3,Family,Virtual,43,N,N
HRG-01348,2025-02-26,CT3,Criminal,In-person,52,N,N
HRG-01349,2025-02-26,CT3,Commercial,In-person,51,Y,N
HRG-01350,2025-02-26,CT3,Family,In-person,43,N,N
HRG-01351,2025-02-26,CT3,Appeal,In-person,52,N,N
HRG-01352,2025-02-26,CT3,Criminal,In-person,51,N,N
HRG-01353,2025-02-26,CT3,Commercial,In-person,38,N,N
HRG-01354,2025-02-26,CT3,Appeal,In-person,52,Y,N
HRG-01355,2025-02-26,CT3,Commercial,In-person,53,Y,N
HRG-01356,2025-02-27,CT1,Criminal,In-person,30,Y,N
HRG-01357,2025-02-27,CT1,Criminal,In-person,65,Y,N
HRG-01358,2025-02-27,CT1,Criminal,In-person,54,N,N
HRG-01359,2025-02-27,CT1,Commercial,In-person,45,N,N
HRG-01360,2025-02-27,CT1,Civil,Virtual,38,N,N
HRG-01361,2025-02-27,CT1,Civil,In-person,67,Y,N
HRG-01362,2025-02-27,CT1,Criminal,In-person,59,N,N
HRG-01363,2025-02-27,CT1,Family,Virtual,34,N,N
HRG-01364,2025-02-27,CT1,Criminal,In-person,62,N,N
HRG-01365,2025-02-27,CT1,Commercial,Virtual,57,Y,N
HRG-01366,2025-02-27,CT1,Criminal,Virtual,48,N,N
HRG-01367,2025-02-27,CT1,Criminal,In-person,68,Y,N
HRG-01368,2025-02-27,CT1,Civil,In-person,22,N,N
HRG-01369,2025-02-27,CT1,Civil,Hybrid,31,N,N
HRG-01370,2025-02-27,CT2,Criminal,In-person,74,N,N
HRG-01371,2025-02-27,CT2,Commercial,In-person,40,N,N
HRG-01372,2025-02-27,CT2,Civil,In-person,54,N,N
HRG-01373,2025-02-27,CT2,Criminal,In-person,43,N,N
HRG-01374,2025-02-27,CT2,Criminal,In-person,49,N,N
HRG-01375,2025-02-27,CT2,Commercial,In-person,53,N,N
HRG-01376,2025-02-27,CT2,Criminal,In-person,42,N,N
HRG-01377,2025-02-27,CT2,Criminal,In-person,63,N,N
HRG-01378,2025-02-27,CT2,Civil,In-person,23,N,N
HRG-01379,2025-02-27,CT2,Criminal,In-person,60,N,N
HRG-01380,2025-02-27,CT2,Criminal,In-person,46,N,N
HRG-01381,2025-02-27,CT3,Civil,In-person,16,N,N
HRG-01382,2025-02-27,CT3,Family,In-person,45,Y,N
HRG-01383,2025-02-27,CT3,Commercial,In-person,34,Y,N
HRG-01384,2025-02-27,CT3,Civil,In-person,48,Y,N
HRG-01385,2025-02-27,CT3,Criminal,In-person,52,N,N
HRG-01386,2025-02-27,CT3,Appeal,In-person,21,N,N
HRG-01387,2025-02-27,CT3,Civil,In-person,80,N,N
HRG-01388,2025-02-27,CT3,Civil,In-person,54,N,N
HRG-01389,2025-02-27,CT3,Civil,In-person,48,N,N
HRG-01390,2025-02-27,CT3,Civil,In-person,72,N,N
HRG-01391,2025-02-28,CT1,Family,In-person,33,N,N
HRG-01392,2025-02-28,CT1,Family,In-person,44,N,N
HRG-01393,2025-02-28,CT1,Family,In-person,63,N,N
HRG-01394,2025-02-28,CT1,Commercial,In-person,41,N,N
HRG-01395,2025-02-28,CT1,Commercial,In-person,60,N,N
HRG-01396,2025-02-28,CT1,Civil,In-person,10,N,N
HRG-01397,2025-02-28,CT1,Commercial,In-person,52,Y,N
HRG-01398,2025-02-28,CT1,Civil,In-person,63,N,N
HRG-01399,2025-02-28,CT1,Civil,In-person,31,N,N
HRG-01400,2025-02-28,CT1,Criminal,In-person,44,N,N
HRG-01401,2025-02-28,CT1,Criminal,In-person,21,N,N
HRG-01402,2025-02-28,CT1,Criminal,Virtual,39,N,N
HRG-01403,2025-02-28,CT2,Commercial,Hybrid,23,N,N
HRG-01404,2025-02-28,CT2,Commercial,In-person,39,N,N
HRG-01405,2025-02-28,CT2,Criminal,In-person,56,N,N
HRG-01406,2025-02-28,CT2,Civil,In-person,39,N,N
HRG-01407,2025-02-28,CT2,Civil,In-person,35,N,N
HRG-01408,2025-02-28,CT2,Criminal,In-person,46,N,N
HRG-01409,2025-02-28,CT2,Civil,In-person,57,Y,N
HRG-01410,2025-02-28,CT3,Civil,In-person,33,N,N
HRG-01411,2025-02-28,CT3,Commercial,In-person,63,Y,N
HRG-01412,2025-02-28,CT3,Commercial,In-person,45,N,N
HRG-01413,2025-02-28,CT3,Civil,In-person,68,N,N
HRG-01414,2025-02-28,CT3,Civil,In-person,31,N,N
HRG-01415,2025-02-28,CT3,Civil,In-person,64,N,N
HRG-01416,2025-02-28,CT3,Civil,In-person,27,N,N
HRG-01417,2025-02-28,CT3,Criminal,In-person,30,Y,N
HRG-01418,2025-02-28,CT3,Criminal,In-person,30,Y,N
HRG-01419,2025-02-28,CT3,Criminal,In-person,52,N,N
HRG-01420,2025-02-28,CT3,Criminal,In-person,42,N,N
HRG-01421,2025-03-03,CT1,Appeal,Hybrid,36,N,N
HRG-01422,2025-03-03,CT1,Civil,In-person,58,N,N
HRG-01423,2025-03-03,CT1,Civil,In-person,26,N,N
HRG-01424,2025-03-03,CT1,Family,In-person,37,N,N
HRG-01425,2025-03-03,CT1,Appeal,In-person,71,Y,N
HRG-01426,2025-03-03,CT1,Criminal,In-person,40,N,N
HRG-01427,2025-03-03,CT1,Commercial,Virtual,42,N,N
HRG-01428,2025-03-03,CT1,Civil,In-person,72,N,N
HRG-01429,2025-03-03,CT1,Civil,In-person,38,N,N
HRG-01430,2025-03-03,CT1,Criminal,In-person,53,N,N
HRG-01431,2025-03-03,CT1,Civil,In-person,47,N,N
HRG-01432,2025-03-03,CT2,Civil,In-person,70,N,N
HRG-01433,2025-03-03,CT2,Civil,In-person,38,Y,N
HRG-01434,2025-03-03,CT2,Criminal,In-person,26,N,N
HRG-01435,2025-03-03,CT2,Family,In-person,72,N,N
HRG-01436,2025-03-03,CT2,Criminal,In-person,40,N,N
HRG-01437,2025-03-03,CT2,Criminal,In-person,46,Y,N
HRG-01438,2025-03-03,CT3,Criminal,In-person,34,Y,N
HRG-01439,2025-03-03,CT3,Civil,In-person,40,N,N
HRG-01440,2025-03-03,CT3,Civil,In-person,47,Y,N
HRG-01441,2025-03-03,CT3,Civil,In-person,58,Y,N
HRG-01442,2025-03-03,CT3,Criminal,In-person,43,N,N
HRG-01443,2025-03-03,CT3,Criminal,In-person,52,Y,N
HRG-01444,2025-03-03,CT3,Commercial,In-person,53,N,N
HRG-01445,2025-03-03,CT3,Commercial,In-person,37,Y,N
HRG-01446,2025-03-03,CT3,Civil,In-person,68,N,N
HRG-01447,2025-03-04,CT1,Criminal,In-person,53,N,N
HRG-01448,2025-03-04,CT1,Criminal,Virtual,10,N,N
HRG-01449,2025-03-04,CT1,Civil,Virtual,49,N,N
HRG-01450,2025-03-04,CT1,Criminal,In-person,23,N,N
HRG-01451,2025-03-04,CT1,Civil,In-person,46,N,N
HRG-01452,2025-03-04,CT1,Civil,In-person,37,Y,N
HRG-01453,2025-03-04,CT1,Commercial,In-person,18,N,N
HRG-01454,2025-03-04,CT1,Appeal,In-person,79,N,N
HRG-01455,2025-03-04,CT1,Civil,In-person,52,N,N
HRG-01456,2025-03-04,CT1,Appeal,In-person,30,N,N
HRG-01457,2025-03-04,CT1,Commercial,In-person,61,Y,N
HRG-01458,2025-03-04,CT1,Civil,In-person,73,N,N
HRG-01459,2025-03-04,CT2,Civil,In-person,37,N,N
HRG-01460,2025-03-04,CT2,Commercial,In-person,55,N,N
HRG-01461,2025-03-04,CT2,Family,In-person,63,Y,N
HRG-01462,2025-03-04,CT2,Civil,In-person,49,N,N
HRG-01463,2025-03-04,CT2,Criminal,In-person,25,Y,N
HRG-01464,2025-03-04,CT2,Commercial,In-person,59,Y,N
HRG-01465,2025-03-04,CT2,Commercial,In-person,52,N,N
HRG-01466,2025-03-04,CT2,Civil,In-person,77,Y,N
HRG-01467,2025-03-04,CT2,Civil,In-person,41,N,N
HRG-01468,2025-03-04,CT3,Criminal,In-person,56,Y,N
HRG-01469,2025-03-04,CT3,Criminal,In-person,33,Y,N
HRG-01470,2025-03-04,CT3,Civil,In-person,25,Y,N
HRG-01471,2025-03-04,CT3,Civil,In-person,42,N,N
HRG-01472,2025-03-04,CT3,Criminal,Virtual,36,N,N
HRG-01473,2025-03-04,CT3,Commercial,In-person,62,N,N
HRG-01474,2025-03-04,CT3,Criminal,In-person,37,N,N
HRG-01475,2025-03-04,CT3,Civil,In-person,64,Y,N
HRG-01476,2025-03-04,CT3,Civil,In-person,32,N,N
HRG-01477,2025-03-04,CT3,Criminal,In-person,42,N,N
HRG-01478,2025-03-04,CT3,Civil,In-person,40,N,N
HRG-01479,2025-03-04,CT3,Civil,In-person,32,Y,N
HRG-01480,2025-03-05,CT1,Civil,In-person,54,N,N
HRG-01481,2025-03-05,CT1,Civil,In-person,11,N,N
HRG-01482,2025-03-05,CT1,Appeal,In-person,60,N,N
HRG-01483,2025-03-05,CT1,Criminal,In-person,27,N,N
HRG-01484,2025-03-05,CT1,Appeal,In-person,45,Y,N
HRG-01485,2025-03-05,CT1,Criminal,In-person,76,N,N
HRG-01486,2025-03-05,CT1,Family,In-person,57,N,N
HRG-01487,2025-03-05,CT1,Commercial,In-person,42,N,N
HRG-01488,2025-03-05,CT1,Civil,In-person,69,N,N
HRG-01489,2025-03-05,CT1,Commercial,In-person,47,N,N
HRG-01490,2025-03-05,CT1,Family,Virtual,34,Y,N
HRG-01491,2025-03-05,CT1,Criminal,In-person,58,N,N
HRG-01492,2025-03-05,CT1,Criminal,In-person,40,N,N
HRG-01493,2025-03-05,CT1,Family,In-person,32,N,N
HRG-01494,2025-03-05,CT1,Civil,Virtual,39,N,N
HRG-01495,2025-03-05,CT1,Civil,In-person,58,N,N
HRG-01496,2025-03-05,CT2,Civil,In-person,48,N,N
HRG-01497,2025-03-05,CT2,Civil,Hybrid,59,N,N
HRG-01498,2025-03-05,CT2,Civil,In-person,48,N,N
HRG-01499,2025-03-05,CT2,Criminal,In-person,21,N,N
HRG-01500,2025-03-05,CT2,Appeal,In-person,68,N,N
HRG-01501,2025-03-05,CT2,Criminal,In-person,76,N,N
HRG-01502,2025-03-05,CT2,Civil,In-person,48,Y,N
HRG-01503,2025-03-05,CT2,Criminal,In-person,47,Y,N
HRG-01504,2025-03-05,CT2,Criminal,Virtual,29,N,N
HRG-01505,2025-03-05,CT2,Commercial,In-person,64,Y,N
HRG-01506,2025-03-05,CT2,Family,In-person,59,N,N
HRG-01507,2025-03-05,CT2,Family,In-person,69,N,N
HRG-01508,2025-03-05,CT2,Criminal,In-person,54,N,N
HRG-01509,2025-03-05,CT3,Criminal,In-person,40,N,N
HRG-01510,2025-03-05,CT3,Family,In-person,67,N,N
HRG-01511,2025-03-05,CT3,Civil,In-person,31,N,N
HRG-01512,2025-03-05,CT3,Criminal,In-person,28,N,N
HRG-01513,2025-03-05,CT3,Civil,In-person,47,N,N
HRG-01514,2025-03-05,CT3,Family,In-person,36,N,N
HRG-01515,2025-03-05,CT3,Civil,In-person,41,N,N
HRG-01516,2025-03-05,CT3,Civil,In-person,68,N,N
HRG-01517,2025-03-05,CT3,Commercial,In-person,48,N,N
HRG-01518,2025-03-05,CT3,Civil,In-person,50,N,N
HRG-01519,2025-03-05,CT3,Criminal,In-person,33,Y,N
HRG-01520,2025-03-05,CT3,Commercial,In-person,58,N,N
HRG-01521,2025-03-06,CT1,Commercial,Hybrid,54,N,N
HRG-01522,2025-03-06,CT1,Appeal,In-person,48,N,N
HRG-01523,2025-03-06,CT1,Civil,In-person,35,Y,N
HRG-01524,2025-03-06,CT1,Civil,In-person,44,N,N
HRG-01525,2025-03-06,CT1,Commercial,In-person,75,N,N
HRG-01526,2025-03-06,CT1,Civil,In-person,25,N,N
HRG-01527,2025-03-06,CT1,Civil,In-person,56,N,N
HRG-01528,2025-03-06,CT1,Civil,Virtual,47,N,Y
HRG-01529,2025-03-06,CT1,Civil,In-person,44,N,N
HRG-01530,2025-03-06,CT1,Civil,Virtual,22,Y,Y
HRG-01531,2025-03-06,CT1,Civil,In-person,57,N,N
HRG-01532,2025-03-06,CT1,Appeal,In-person,31,N,N
HRG-01533,2025-03-06,CT1,Criminal,In-person,62,N,N
HRG-01534,2025-03-06,CT1,Criminal,In-person,80,N,N
HRG-01535,2025-03-06,CT2,Civil,In-person,39,Y,N
HRG-01536,2025-03-06,CT2,Appeal,In-person,53,N,N
HRG-01537,2025-03-06,CT2,Civil,In-person,42,N,N
HRG-01538,2025-03-06,CT2,Criminal,In-person,54,N,N
HRG-01539,2025-03-06,CT2,Criminal,In-person,40,N,N
HRG-01540,2025-03-06,CT2,Civil,In-person,54,N,N
HRG-01541,2025-03-06,CT2,Appeal,In-person,34,Y,N
HRG-01542,2025-03-06,CT2,Commercial,In-person,55,N,N
HRG-01543,2025-03-06,CT2,Criminal,In-person,78,N,N
HRG-01544,2025-03-06,CT3,Civil,In-person,42,N,N
HRG-01545,2025-03-06,CT3,Criminal,In-person,10,N,N
HRG-01546,2025-03-06,CT3,Criminal,In-person,68,N,N
HRG-01547,2025-03-06,CT3,Family,In-person,42,N,N
HRG-01548,2025-03-06,CT3,Criminal,Virtual,23,N,N
HRG-01549,2025-03-06,CT3,Family,In-person,59,N,N
HRG-01550,2025-03-06,CT3,Criminal,In-person,46,Y,N
HRG-01551,2025-03-06,CT3,Criminal,In-person,36,Y,N
HRG-01552,2025-03-06,CT3,Civil,In-person,38,N,N
HRG-01553,2025-03-06,CT3,Criminal,In-person,65,Y,N
HRG-01554,2025-03-06,CT3,Commercial,In-person,71,N,N
HRG-01555,2025-03-06,CT3,Criminal,In-person,10,N,N
HRG-01556,2025-03-07,CT1,Civil,In-person,34,Y,N
HRG-01557,2025-03-07,CT1,Family,In-person,33,N,N
HRG-01558,2025-03-07,CT1,Commercial,In-person,34,N,N
HRG-01559,2025-03-07,CT1,Commercial,In-person,28,N,N
HRG-01560,2025-03-07,CT1,Civil,In-person,58,N,N
HRG-01561,2025-03-07,CT1,Appeal,In-person,40,N,N
HRG-01562,2025-03-07,CT1,Criminal,In-person,38,N,N
HRG-01563,2025-03-07,CT1,Family,In-person,67,N,N
HRG-01564,2025-03-07,CT1,Criminal,In-person,46,N,N
HRG-01565,2025-03-07,CT1,Civil,In-person,60,N,N
HRG-01566,2025-03-07,CT1,Family,In-person,52,N,N
HRG-01567,2025-03-07,CT1,Criminal,In-person,51,N,N
HRG-01568,2025-03-07,CT1,Criminal,In-person,25,Y,N
HRG-01569,2025-03-07,CT2,Criminal,In-person,55,N,N
HRG-01570,2025-03-07,CT2,Civil,In-person,39,Y,N
HRG-01571,2025-03-07,CT2,Criminal,Virtual,25,N,Y
HRG-01572,2025-03-07,CT2,Criminal,Virtual,31,N,N
HRG-01573,2025-03-07,CT2,Civil,In-person,47,N,N
HRG-01574,2025-03-07,CT2,Family,In-person,66,N,N
HRG-01575,2025-03-07,CT2,Appeal,In-person,61,N,N
HRG-01576,2025-03-07,CT2,Civil,In-person,31,N,N
HRG-01577,2025-03-07,CT3,Civil,In-person,79,N,N
HRG-01578,2025-03-07,CT3,Commercial,In-person,43,Y,N
HRG-01579,2025-03-07,CT3,Appeal,In-person,43,N,N
HRG-01580,2025-03-07,CT3,Family,Virtual,57,N,N
HRG-01581,2025-03-07,CT3,Civil,In-person,21,Y,N
HRG-01582,2025-03-07,CT3,Civil,In-person,45,N,N
HRG-01583,2025-03-07,CT3,Commercial,In-person,51,N,N
HRG-01584,2025-03-07,CT3,Commercial,In-person,43,N,N
HRG-01585,2025-03-07,CT3,Family,In-person,38,N,N
HRG-01586,2025-03-07,CT3,Criminal,In-person,45,Y,N
HRG-01587,2025-03-07,CT3,Civil,In-person,45,N,N
HRG-01588,2025-03-10,CT1,Civil,In-person,50,Y,N
HRG-01589,2025-03-10,CT1,Civil,In-person,60,Y,N
HRG-01590,2025-03-10,CT1,Appeal,In-person,23,N,N
HRG-01591,2025-03-10,CT1,Family,In-person,59,N,N
HRG-01592,2025-03-10,CT1,Civil,Hybrid,41,N,N
HRG-01593,2025-03-10,CT1,Civil,In-person,62,N,N
HRG-01594,2025-03-10,CT1,Criminal,Virtual,27,N,N
HRG-01595,2025-03-10,CT1,Commercial,In-person,55,Y,N
HRG-01596,2025-03-10,CT1,Civil,In-person,20,N,N
HRG-01597,2025-03-10,CT1,Civil,In-person,48,N,N
HRG-01598,2025-03-10,CT1,Family,In-person,71,N,N
HRG-01599,2025-03-10,CT1,Civil,In-person,38,Y,N
HRG-01600,2025-03-10,CT1,Commercial,In-person,37,N,N
HRG-01601,2025-03-10,CT1,Civil,Hybrid,45,N,N
HRG-01602,2025-03-10,CT2,Criminal,In-person,45,Y,N
HRG-01603,2025-03-10,CT2,Criminal,In-person,40,Y,N
HRG-01604,2025-03-10,CT2,Civil,In-person,55,N,N
HRG-01605,2025-03-10,CT2,Commercial,In-person,45,Y,N
HRG-01606,2025-03-10,CT2,Family,In-person,52,N,N
HRG-01607,2025-03-10,CT2,Civil,In-person,90,N,N
HRG-01608,2025-03-10,CT2,Commercial,In-person,30,N,N
HRG-01609,2025-03-10,CT3,Appeal,In-person,38,Y,N
HRG-01610,2025-03-10,CT3,Civil,In-person,69,N,N
HRG-01611,2025-03-10,CT3,Criminal,In-person,36,N,N
HRG-01612,2025-03-10,CT3,Criminal,In-person,44,N,N
HRG-01613,2025-03-10,CT3,Criminal,In-person,49,N,N
HRG-01614,2025-03-10,CT3,Criminal,In-person,38,Y,N
HRG-01615,2025-03-10,CT3,Commercial,In-person,26,N,N
HRG-01616,2025-03-10,CT3,Civil,In-person,34,N,N
HRG-01617,2025-03-10,CT3,Criminal,In-person,66,N,N
HRG-01618,2025-03-10,CT3,Appeal,In-person,40,N,N
HRG-01619,2025-03-10,CT3,Civil,In-person,39,N,N
HRG-01620,2025-03-10,CT3,Criminal,In-person,17,Y,N
HRG-01621,2025-03-10,CT3,Commercial,In-person,64,N,N
HRG-01622,2025-03-11,CT1,Commercial,In-person,50,N,N
HRG-01623,2025-03-11,CT1,Criminal,Virtual,52,N,Y
HRG-01624,2025-03-11,CT1,Civil,In-person,31,Y,N
HRG-01625,2025-03-11,CT1,Civil,In-person,62,N,N
HRG-01626,2025-03-11,CT1,Criminal,In-person,29,N,N
HRG-01627,2025-03-11,CT1,Criminal,Virtual,10,N,N
HRG-01628,2025-03-11,CT1,Criminal,In-person,63,N,N
HRG-01629,2025-03-11,CT1,Commercial,In-person,59,N,N
HRG-01630,2025-03-11,CT1,Civil,In-person,48,N,N
HRG-01631,2025-03-11,CT1,Civil,In-person,31,N,N
HRG-01632,2025-03-11,CT1,Appeal,In-person,43,N,N
HRG-01633,2025-03-11,CT1,Criminal,In-person,53,N,N
HRG-01634,2025-03-11,CT1,Civil,In-person,58,N,N
HRG-01635,2025-03-11,CT1,Civil,In-person,57,Y,N
HRG-01636,2025-03-11,CT1,Family,In-person,39,N,N
HRG-01637,2025-03-11,CT2,Family,In-person,70,N,N
HRG-01638,2025-03-11,CT2,Criminal,In-person,33,N,N
HRG-01639,2025-03-11,CT2,Criminal,In-person,63,N,N
HRG-01640,2025-03-11,CT2,Criminal,In-person,45,N,N
HRG-01641,2025-03-11,CT2,Civil,In-person,31,Y,N
HRG-01642,2025-03-11,CT2,Civil,In-person,56,N,N
HRG-01643,2025-03-11,CT2,Civil,In-person,50,N,N
HRG-01644,2025-03-11,CT2,Criminal,In-person,55,N,N
HRG-01645,2025-03-11,CT3,Family,In-person,40,N,N
HRG-01646,2025-03-11,CT3,Criminal,In-person,59,N,N
HRG-01647,2025-03-11,CT3,Criminal,In-person,57,Y,N
HRG-01648,2025-03-11,CT3,Civil,In-person,30,N,N
HRG-01649,2025-03-11,CT3,Civil,In-person,66,N,N
HRG-01650,2025-03-11,CT3,Criminal,In-person,58,N,N
HRG-01651,2025-03-11,CT3,Commercial,In-person,48,N,N
HRG-01652,2025-03-11,CT3,Family,In-person,69,Y,N
HRG-01653,2025-03-11,CT3,Criminal,In-person,49,N,N
HRG-01654,2025-03-12,CT1,Civil,In-person,62,N,N
HRG-01655,2025-03-12,CT1,Criminal,Hybrid,31,N,N
HRG-01656,2025-03-12,CT1,Criminal,In-person,47,N,N
HRG-01657,2025-03-12,CT1,Criminal,In-person,39,N,N
HRG-01658,2025-03-12,CT1,Criminal,In-person,36,N,N
HRG-01659,2025-03-12,CT1,Civil,In-person,63,N,N
HRG-01660,2025-03-12,CT1,Family,In-person,29,N,N
HRG-01661,2025-03-12,CT1,Appeal,In-person,52,N,N
HRG-01662,2025-03-12,CT1,Civil,In-person,17,Y,N
HRG-01663,2025-03-12,CT1,Commercial,In-person,58,N,N
HRG-01664,2025-03-12,CT1,Civil,In-person,35,N,N
HRG-01665,2025-03-12,CT1,Criminal,Virtual,69,N,N
HRG-01666,2025-03-12,CT2,Civil,In-person,91,N,N
HRG-01667,2025-03-12,CT2,Family,In-person,63,N,N
HRG-01668,2025-03-12,CT2,Civil,In-person,36,N,N
HRG-01669,2025-03-12,CT2,Criminal,In-person,75,N,N
HRG-01670,2025-03-12,CT2,Civil,In-person,41,N,N
HRG-01671,2025-03-12,CT2,Commercial,In-person,78,Y,N
HRG-01672,2025-03-12,CT2,Criminal,In-person,48,N,N
HRG-01673,2025-03-12,CT2,Commercial,In-person,30,Y,N
HRG-01674,2025-03-12,CT2,Criminal,In-person,31,N,N
HRG-01675,2025-03-12,CT3,Criminal,Hybrid,10,N,N
HRG-01676,2025-03-12,CT3,Civil,In-person,71,Y,N
HRG-01677,2025-03-12,CT3,Commercial,In-person,67,N,N
HRG-01678,2025-03-12,CT3,Family,In-person,59,N,N
HRG-01679,2025-03-12,CT3,Civil,In-person,48,N,N
HRG-01680,2025-03-12,CT3,Criminal,In-person,28,Y,N
HRG-01681,2025-03-12,CT3,Civil,In-person,55,N,N
HRG-01682,2025-03-12,CT3,Commercial,In-person,38,N,N
HRG-01683,2025-03-12,CT3,Criminal,In-person,48,Y,N
HRG-01684,2025-03-13,CT1,Civil,Hybrid,29,Y,Y
HRG-01685,2025-03-13,CT1,Appeal,Virtual,43,Y,N
HRG-01686,2025-03-13,CT1,Civil,In-person,56,N,N
HRG-01687,2025-03-13,CT1,Civil,In-person,61,N,N
HRG-01688,2025-03-13,CT1,Family,In-person,76,Y,N
HRG-01689,2025-03-13,CT1,Civil,Hybrid,57,N,N
HRG-01690,2025-03-13,CT1,Criminal,Hybrid,38,N,Y
HRG-01691,2025-03-13,CT1,Civil,In-person,55,Y,N
HRG-01692,2025-03-13,CT1,Family,In-person,44,N,N
HRG-01693,2025-03-13,CT1,Commercial,In-person,53,Y,N
HRG-01694,2025-03-13,CT1,Criminal,In-person,72,N,N
HRG-01695,2025-03-13,CT1,Commercial,In-person,26,Y,N
HRG-01696,2025-03-13,CT1,Civil,In-person,54,Y,N
HRG-01697,2025-03-13,CT2,Family,In-person,37,Y,N
HRG-01698,2025-03-13,CT2,Criminal,In-person,42,N,N
HRG-01699,2025-03-13,CT2,Civil,In-person,65,N,N
HRG-01700,2025-03-13,CT2,Civil,In-person,48,N,N
HRG-01701,2025-03-13,CT2,Appeal,Virtual,22,N,N
HRG-01702,2025-03-13,CT2,Commercial,In-person,67,N,N
HRG-01703,2025-03-13,CT2,Appeal,In-person,50,N,N
HRG-01704,2025-03-13,CT2,Commercial,In-person,57,N,N
HRG-01705,2025-03-13,CT2,Civil,In-person,37,N,N
HRG-01706,2025-03-13,CT2,Commercial,In-person,64,N,N
HRG-01707,2025-03-13,CT3,Criminal,In-person,43,N,N
HRG-01708,2025-03-13,CT3,Criminal,In-person,39,N,N
HRG-01709,2025-03-13,CT3,Commercial,In-person,44,N,N
HRG-01710,2025-03-13,CT3,Commercial,In-person,28,N,N
HRG-01711,2025-03-13,CT3,Criminal,In-person,44,Y,N
HRG-01712,2025-03-13,CT3,Criminal,In-person,33,N,N
HRG-01713,2025-03-13,CT3,Commercial,In-person,41,N,N
HRG-01714,2025-03-13,CT3,Criminal,In-person,51,N,N
HRG-01715,2025-03-13,CT3,Civil,In-person,40,Y,N
HRG-01716,2025-03-13,CT3,Family,In-person,41,N,N
HRG-01717,2025-03-14,CT1,Appeal,In-person,41,N,N
HRG-01718,2025-03-14,CT1,Criminal,In-person,51,Y,N
HRG-01719,2025-03-14,CT1,Criminal,In-person,42,Y,N
HRG-01720,2025-03-14,CT1,Civil,In-person,55,N,N
HRG-01721,2025-03-14,CT1,Criminal,In-person,52,N,N
HRG-01722,2025-03-14,CT1,Commercial,In-person,49,N,N
HRG-01723,2025-03-14,CT1,Civil,In-person,58,N,N
HRG-01724,2025-03-14,CT1,Criminal,Hybrid,38,N,N
HRG-01725,2025-03-14,CT1,Criminal,In-person,16,N,N
HRG-01726,2025-03-14,CT1,Commercial,In-person,54,N,N
HRG-01727,2025-03-14,CT1,Family,In-person,62,N,N
HRG-01728,2025-03-14,CT1,Civil,Virtual,70,N,Y
HRG-01729,2025-03-14,CT1,Civil,Hybrid,37,Y,N
HRG-01730,2025-03-14,CT2,Criminal,In-person,31,N,N
HRG-01731,2025-03-14,CT2,Civil,In-person,38,N,N
HRG-01732,2025-03-14,CT2,Criminal,In-person,34,N,N
HRG-01733,2025-03-14,CT2,Family,In-person,57,Y,N
HRG-01734,2025-03-14,CT2,Civil,In-person,57,Y,N
HRG-01735,2025-03-14,CT2,Civil,In-person,71,Y,N
HRG-01736,2025-03-14,CT2,Criminal,In-person,30,N,N
HRG-01737,2025-03-14,CT2,Civil,In-person,59,N,N
HRG-01738,2025-03-14,CT2,Civil,In-person,64,N,N
HRG-01739,2025-03-14,CT2,Commercial,In-person,30,N,N
HRG-01740,2025-03-14,CT2,Criminal,In-person,58,N,N
HRG-01741,2025-03-14,CT2,Appeal,In-person,54,N,N
HRG-01742,2025-03-14,CT3,Civil,In-person,37,N,N
HRG-01743,2025-03-14,CT3,Appeal,In-person,46,Y,N
HRG-01744,2025-03-14,CT3,Appeal,In-person,49,N,N
HRG-01745,2025-03-14,CT3,Civil,In-person,57,N,N
HRG-01746,2025-03-14,CT3,Civil,In-person,18,N,N
HRG-01747,2025-03-14,CT3,Criminal,In-person,49,N,N
HRG-01748,2025-03-14,CT3,Commercial,In-person,51,N,N
HRG-01749,2025-03-14,CT3,Appeal,In-person,30,N,N
HRG-01750,2025-03-14,CT3,Family,In-person,63,Y,N
HRG-01751,2025-03-14,CT3,Commercial,In-person,65,N,N
HRG-01752,2025-03-17,CT1,Criminal,In-person,41,N,N
HRG-01753,2025-03-17,CT1,Criminal,In-person,29,N,N
HRG-01754,2025-03-17,CT1,Civil,Virtual,26,N,N
HRG-01755,2025-03-17,CT1,Criminal,In-person,36,N,N
HRG-01756,2025-03-17,CT1,Commercial,In-person,31,N,N
HRG-01757,2025-03-17,CT1,Civil,In-person,52,Y,N
HRG-01758,2025-03-17,CT1,Appeal,In-person,55,N,N
HRG-01759,2025-03-17,CT1,Family,In-person,57,N,N
HRG-01760,2025-03-17,CT1,Commercial,Hybrid,59,N,N
HRG-01761,2025-03-17,CT1,Criminal,Virtual,36,Y,N
HRG-01762,2025-03-17,CT1,Commercial,In-person,47,Y,N
HRG-01763,2025-03-17,CT1,Civil,Hybrid,49,N,N
HRG-01764,2025-03-17,CT1,Civil,Hybrid,47,N,N
HRG-01765,2025-03-17,CT1,Family,In-person,39,N,N
HRG-01766,2025-03-17,CT1,Family,In-person,62,N,N
HRG-01767,2025-03-17,CT2,Civil,In-person,53,N,N
HRG-01768,2025-03-17,CT2,Commercial,In-person,45,N,N
HRG-01769,2025-03-17,CT2,Civil,In-person,55,N,N
HRG-01770,2025-03-17,CT2,Commercial,In-person,39,N,N
HRG-01771,2025-03-17,CT2,Family,In-person,62,Y,N
HRG-01772,2025-03-17,CT2,Commercial,In-person,15,N,N
HRG-01773,2025-03-17,CT2,Civil,In-person,10,Y,N
HRG-01774,2025-03-17,CT2,Family,Virtual,22,N,N
HRG-01775,2025-03-17,CT2,Civil,In-person,60,Y,N
HRG-01776,2025-03-17,CT2,Civil,In-person,64,Y,N
HRG-01777,2025-03-17,CT2,Civil,In-person,36,N,N
HRG-01778,2025-03-17,CT3,Criminal,In-person,35,N,N
HRG-01779,2025-03-17,CT3,Appeal,In-person,82,N,N
HRG-01780,2025-03-17,CT3,Civil,In-person,55,N,N
HRG-01781,2025-03-17,CT3,Commercial,In-person,50,N,N
HRG-01782,2025-03-17,CT3,Civil,In-person,53,N,N
HRG-01783,2025-03-17,CT3,Civil,In-person,51,N,N
HRG-01784,2025-03-17,CT3,Criminal,In-person,32,N,N
HRG-01785,2025-03-17,CT3,Criminal,In-person,55,N,N
HRG-01786,2025-03-17,CT3,Civil,In-person,53,N,N
HRG-01787,2025-03-17,CT3,Civil,In-person,37,N,N
HRG-01788,2025-03-17,CT3,Criminal,In-person,47,N,N
HRG-01789,2025-03-18,CT1,Civil,In-person,36,N,N
HRG-01790,2025-03-18,CT1,Family,In-person,37,N,N
HRG-01791,2025-03-18,CT1,Commercial,In-person,47,N,N
HRG-01792,2025-03-18,CT1,Commercial,Virtual,62,N,N
HRG-01793,2025-03-18,CT1,Civil,Virtual,11,N,N
HRG-01794,2025-03-18,CT1,Commercial,Virtual,76,N,N
HRG-01795,2025-03-18,CT1,Family,Virtual,20,N,Y
HRG-01796,2025-03-18,CT1,Civil,In-person,40,N,N
HRG-01797,2025-03-18,CT1,Civil,In-person,48,N,N
HRG-01798,2025-03-18,CT1,Criminal,Virtual,42,N,N
HRG-01799,2025-03-18,CT1,Criminal,In-person,38,N,N
HRG-01800,2025-03-18,CT1,Appeal,In-person,74,Y,N
HRG-01801,2025-03-18,CT1,Family,In-person,46,N,N
HRG-01802,2025-03-18,CT1,Commercial,In-person,69,N,N
HRG-01803,2025-03-18,CT2,Commercial,In-person,46,N,N
HRG-01804,2025-03-18,CT2,Civil,In-person,41,Y,N
HRG-01805,2025-03-18,CT2,Criminal,In-person,60,N,N
HRG-01806,2025-03-18,CT2,Family,In-person,65,Y,N
HRG-01807,2025-03-18,CT2,Civil,In-person,11,N,N
HRG-01808,2025-03-18,CT2,Civil,Virtual,53,N,N
HRG-01809,2025-03-18,CT2,Appeal,In-person,51,N,N
HRG-01810,2025-03-18,CT2,Civil,In-person,38,N,N
HRG-01811,2025-03-18,CT2,Family,In-person,61,N,N
HRG-01812,2025-03-18,CT2,Civil,In-person,74,N,N
HRG-01813,2025-03-18,CT3,Criminal,In-person,69,N,N
HRG-01814,2025-03-18,CT3,Commercial,In-person,15,N,N
HRG-01815,2025-03-18,CT3,Family,In-person,46,N,N
HRG-01816,2025-03-18,CT3,Civil,In-person,39,N,N
HRG-01817,2025-03-18,CT3,Civil,In-person,72,Y,N
HRG-01818,2025-03-18,CT3,Civil,In-person,47,N,N
HRG-01819,2025-03-18,CT3,Civil,In-person,55,Y,N
HRG-01820,2025-03-18,CT3,Civil,In-person,62,N,N
HRG-01821,2025-03-18,CT3,Criminal,In-person,30,N,N
HRG-01822,2025-03-18,CT3,Commercial,In-person,45,N,N
HRG-01823,2025-03-19,CT1,Family,Virtual,40,N,N
HRG-01824,2025-03-19,CT1,Civil,In-person,42,N,N
HRG-01825,2025-03-19,CT1,Commercial,In-person,57,N,N
HRG-01826,2025-03-19,CT1,Civil,Virtual,41,N,N
HRG-01827,2025-03-19,CT1,Civil,In-person,30,N,N
HRG-01828,2025-03-19,CT1,Appeal,Hybrid,41,N,N
HRG-01829,2025-03-19,CT1,Criminal,In-person,48,N,N
HRG-01830,2025-03-19,CT1,Commercial,In-person,42,Y,N
HRG-01831,2025-03-19,CT1,Criminal,In-person,34,Y,N
HRG-01832,2025-03-19,CT1,Civil,Hybrid,27,N,N
HRG-01833,2025-03-19,CT1,Civil,Hybrid,40,N,Y
HRG-01834,2025-03-19,CT1,Appeal,In-person,58,Y,N
HRG-01835,2025-03-19,CT1,Civil,Virtual,21,N,N
HRG-01836,2025-03-19,CT1,Commercial,In-person,32,N,N
HRG-01837,2025-03-19,CT1,Criminal,In-person,56,N,N
HRG-01838,2025-03-19,CT2,Civil,In-person,65,N,N
HRG-01839,2025-03-19,CT2,Civil,In-person,42,N,N
HRG-01840,2025-03-19,CT2,Civil,In-person,50,N,N
HRG-01841,2025-03-19,CT2,Civil,In-person,44,Y,N
HRG-01842,2025-03-19,CT2,Commercial,In-person,58,N,N
HRG-01843,2025-03-19,CT2,Family,In-person,17,N,N
HRG-01844,2025-03-19,CT2,Commercial,In-person,57,N,N
HRG-01845,2025-03-19,CT2,Commercial,In-person,59,N,N
HRG-01846,2025-03-19,CT2,Family,In-person,32,N,N
HRG-01847,2025-03-19,CT2,Civil,In-person,28,Y,N
HRG-01848,2025-03-19,CT2,Family,In-person,66,N,N
HRG-01849,2025-03-19,CT3,Civil,In-person,32,N,N
HRG-01850,2025-03-19,CT3,Commercial,In-person,57,N,N
HRG-01851,2025-03-19,CT3,Civil,In-person,31,N,N
HRG-01852,2025-03-19,CT3,Family,In-person,50,N,N
HRG-01853,2025-03-19,CT3,Commercial,In-person,49,N,N
HRG-01854,2025-03-19,CT3,Appeal,In-person,24,N,N
HRG-01855,2025-03-19,CT3,Appeal,In-person,35,Y,N
HRG-01856,2025-03-19,CT3,Commercial,In-person,22,Y,N
HRG-01857,2025-03-19,CT3,Commercial,In-person,34,N,N
HRG-01858,2025-03-19,CT3,Civil,In-person,72,N,N
HRG-01859,2025-03-19,CT3,Appeal,In-person,75,N,N
HRG-01860,2025-03-20,CT1,Civil,In-person,25,Y,N
HRG-01861,2025-03-20,CT1,Civil,In-person,45,N,N
HRG-01862,2025-03-20,CT1,Commercial,In-person,47,N,N
HRG-01863,2025-03-20,CT1,Family,In-person,60,N,N
HRG-01864,2025-03-20,CT1,Family,Hybrid,45,Y,N
HRG-01865,2025-03-20,CT1,Criminal,In-person,72,N,N
HRG-01866,2025-03-20,CT1,Civil,In-person,27,N,N
HRG-01867,2025-03-20,CT1,Civil,Virtual,47,N,N
HRG-01868,2025-03-20,CT1,Appeal,In-person,57,N,N
HRG-01869,2025-03-20,CT1,Civil,In-person,26,Y,N
HRG-01870,2025-03-20,CT1,Commercial,In-person,52,N,N
HRG-01871,2025-03-20,CT1,Commercial,In-person,21,N,N
HRG-01872,2025-03-20,CT1,Civil,Virtual,35,N,N
HRG-01873,2025-03-20,CT2,Appeal,In-person,32,Y,N
HRG-01874,2025-03-20,CT2,Commercial,In-person,70,N,N
HRG-01875,2025-03-20,CT2,Criminal,Virtual,52,Y,N
HRG-01876,2025-03-20,CT2,Family,In-person,54,Y,N
HRG-01877,2025-03-20,CT2,Criminal,In-person,33,N,N
HRG-01878,2025-03-20,CT2,Family,In-person,24,N,N
HRG-01879,2025-03-20,CT2,Criminal,In-person,46,Y,N
HRG-01880,2025-03-20,CT2,Civil,In-person,43,N,N
HRG-01881,2025-03-20,CT3,Criminal,In-person,45,N,N
HRG-01882,2025-03-20,CT3,Commercial,In-person,75,N,N
HRG-01883,2025-03-20,CT3,Criminal,In-person,57,Y,N
HRG-01884,2025-03-20,CT3,Civil,In-person,56,N,N
HRG-01885,2025-03-20,CT3,Appeal,In-person,70,N,N
HRG-01886,2025-03-20,CT3,Appeal,In-person,26,N,N
HRG-01887,2025-03-20,CT3,Family,In-person,60,Y,N
HRG-01888,2025-03-20,CT3,Civil,In-person,32,N,N
HRG-01889,2025-03-20,CT3,Civil,In-person,42,N,N
HRG-01890,2025-03-20,CT3,Civil,In-person,35,N,N
HRG-01891,2025-03-20,CT3,Appeal,In-person,55,N,N
HRG-01892,2025-03-20,CT3,Criminal,In-person,12,N,N
HRG-01893,2025-03-20,CT3,Criminal,In-person,58,N,N
HRG-01894,2025-03-20,CT3,Civil,In-person,40,N,N
HRG-01895,2025-03-20,CT3,Criminal,In-person,45,Y,N
HRG-01896,2025-03-21,CT1,Criminal,Virtual,18,Y,N
HRG-01897,2025-03-21,CT1,Commercial,Virtual,62,Y,N
HRG-01898,2025-03-21,CT1,Civil,In-person,37,Y,N
HRG-01899,2025-03-21,CT1,Criminal,In-person,21,N,N
HRG-01900,2025-03-21,CT1,Family,In-person,49,N,N
HRG-01901,2025-03-21,CT1,Commercial,In-person,47,Y,N
HRG-01902,2025-03-21,CT1,Criminal,In-person,65,N,N
HRG-01903,2025-03-21,CT1,Commercial,In-person,49,N,N
HRG-01904,2025-03-21,CT1,Commercial,In-person,45,N,N
HRG-01905,2025-03-21,CT1,Criminal,Hybrid,41,N,N
HRG-01906,2025-03-21,CT1,Civil,In-person,104,N,N
HRG-01907,2025-03-21,CT1,Family,Hybrid,49,N,N
HRG-01908,2025-03-21,CT1,Civil,Virtual,50,Y,Y
HRG-01909,2025-03-21,CT1,Civil,In-person,52,N,N
HRG-01910,2025-03-21,CT1,Civil,In-person,55,N,N
HRG-01911,2025-03-21,CT2,Criminal,In-person,45,N,N
HRG-01912,2025-03-21,CT2,Criminal,In-person,55,Y,N
HRG-01913,2025-03-21,CT2,Commercial,Virtual,38,N,N
HRG-01914,2025-03-21,CT2,Criminal,In-person,22,Y,N
HRG-01915,2025-03-21,CT2,Civil,In-person,71,N,N
HRG-01916,2025-03-21,CT2,Commercial,In-person,55,N,N
HRG-01917,2025-03-21,CT3,Civil,In-person,33,N,N
HRG-01918,2025-03-21,CT3,Civil,In-person,27,N,N
HRG-01919,2025-03-21,CT3,Appeal,In-person,20,N,N
HRG-01920,2025-03-21,CT3,Appeal,In-person,54,N,N
HRG-01921,2025-03-21,CT3,Civil,In-person,61,N,N
HRG-01922,2025-03-21,CT3,Commercial,In-person,42,N,N
HRG-01923,2025-03-21,CT3,Civil,In-person,58,N,N
HRG-01924,2025-03-21,CT3,Family,In-person,56,N,N
HRG-01925,2025-03-21,CT3,Civil,In-person,36,Y,N
HRG-01926,2025-03-21,CT3,Civil,In-person,32,Y,N
HRG-01927,2025-03-21,CT3,Commercial,In-person,55,Y,N
HRG-01928,2025-03-24,CT1,Civil,In-person,53,Y,N
HRG-01929,2025-03-24,CT1,Criminal,In-person,43,N,N
HRG-01930,2025-03-24,CT1,Civil,In-person,35,N,N
HRG-01931,2025-03-24,CT1,Family,In-person,34,Y,N
HRG-01932,2025-03-24,CT1,Criminal,In-person,58,Y,N
HRG-01933,2025-03-24,CT1,Commercial,In-person,41,N,N
HRG-01934,2025-03-24,CT1,Civil,Virtual,16,Y,N
HRG-01935,2025-03-24,CT1,Family,In-person,30,N,N
HRG-01936,2025-03-24,CT1,Family,In-person,51,Y,N
HRG-01937,2025-03-24,CT1,Criminal,Hybrid,42,N,N
HRG-01938,2025-03-24,CT1,Civil,Hybrid,56,N,N
HRG-01939,2025-03-24,CT1,Commercial,In-person,58,N,N
HRG-01940,2025-03-24,CT1,Criminal,In-person,53,N,N
HRG-01941,2025-03-24,CT1,Commercial,In-person,63,N,N
HRG-01942,2025-03-24,CT2,Criminal,In-person,27,N,N
HRG-01943,2025-03-24,CT2,Criminal,In-person,30,N,N
HRG-01944,2025-03-24,CT2,Commercial,In-person,33,N,N
HRG-01945,2025-03-24,CT2,Civil,In-person,28,Y,N
HRG-01946,2025-03-24,CT2,Appeal,In-person,67,N,N
HRG-01947,2025-03-24,CT2,Commercial,In-person,47,Y,N
HRG-01948,2025-03-24,CT2,Civil,In-person,65,Y,N
HRG-01949,2025-03-24,CT2,Criminal,In-person,67,N,N
HRG-01950,2025-03-24,CT2,Criminal,In-person,27,Y,N
HRG-01951,2025-03-24,CT2,Commercial,In-person,39,N,N
HRG-01952,2025-03-24,CT2,Family,In-person,64,Y,N
HRG-01953,2025-03-24,CT2,Civil,In-person,51,N,N
HRG-01954,2025-03-24,CT2,Civil,In-person,39,N,N
HRG-01955,2025-03-24,CT2,Criminal,In-person,51,N,N
HRG-01956,2025-03-24,CT3,Civil,In-person,48,N,N
HRG-01957,2025-03-24,CT3,Criminal,In-person,47,Y,N
HRG-01958,2025-03-24,CT3,Commercial,In-person,40,N,N
HRG-01959,2025-03-24,CT3,Criminal,In-person,41,N,N
HRG-01960,2025-03-24,CT3,Criminal,In-person,78,N,N
HRG-01961,2025-03-24,CT3,Civil,In-person,15,N,N
HRG-01962,2025-03-24,CT3,Criminal,In-person,66,N,N
HRG-01963,2025-03-24,CT3,Family,In-person,60,N,N
HRG-01964,2025-03-25,CT1,Criminal,In-person,33,N,N
HRG-01965,2025-03-25,CT1,Civil,In-person,80,N,N
HRG-01966,2025-03-25,CT1,Civil,Hybrid,53,N,N
HRG-01967,2025-03-25,CT1,Civil,In-person,53,N,N
HRG-01968,2025-03-25,CT1,Family,In-person,52,Y,N
HRG-01969,2025-03-25,CT1,Family,In-person,59,N,N
HRG-01970,2025-03-25,CT1,Civil,In-person,51,Y,N
HRG-01971,2025-03-25,CT1,Appeal,In-person,57,Y,N
HRG-01972,2025-03-25,CT1,Appeal,In-person,41,Y,N
HRG-01973,2025-03-25,CT2,Criminal,In-person,43,Y,N
HRG-01974,2025-03-25,CT2,Appeal,In-person,44,N,N
HRG-01975,2025-03-25,CT2,Appeal,In-person,41,N,N
HRG-01976,2025-03-25,CT2,Criminal,Virtual,39,N,N
HRG-01977,2025-03-25,CT2,Civil,In-person,21,N,N
HRG-01978,2025-03-25,CT2,Civil,In-person,51,N,N
HRG-01979,2025-03-25,CT2,Commercial,In-person,59,N,N
HRG-01980,2025-03-25,CT2,Criminal,In-person,69,N,N
HRG-01981,2025-03-25,CT2,Civil,In-person,54,N,N
HRG-01982,2025-03-25,CT2,Civil,In-person,54,N,N
HRG-01983,2025-03-25,CT3,Civil,In-person,23,N,N
HRG-01984,2025-03-25,CT3,Criminal,In-person,61,N,N
HRG-01985,2025-03-25,CT3,Civil,In-person,71,N,N
HRG-01986,2025-03-25,CT3,Criminal,In-person,22,N,N
HRG-01987,2025-03-25,CT3,Commercial,In-person,54,Y,N
HRG-01988,2025-03-25,CT3,Civil,In-person,81,N,N
HRG-01989,2025-03-25,CT3,Family,In-person,35,N,N
HRG-01990,2025-03-25,CT3,Civil,In-person,94,N,N
HRG-01991,2025-03-26,CT1,Criminal,Virtual,35,N,N
HRG-01992,2025-03-26,CT1,Criminal,In-person,61,N,N
HRG-01993,2025-03-26,CT1,Criminal,In-person,43,N,N
HRG-01994,2025-03-26,CT1,Criminal,In-person,42,N,N
HRG-01995,2025-03-26,CT1,Civil,In-person,35,N,N
HRG-01996,2025-03-26,CT1,Civil,In-person,45,N,N
HRG-01997,2025-03-26,CT1,Civil,In-person,39,N,N
HRG-01998,2025-03-26,CT1,Criminal,In-person,37,N,N
HRG-01999,2025-03-26,CT1,Civil,In-person,40,Y,N
HRG-02000,2025-03-26,CT2,Family,In-person,30,N,N
HRG-02001,2025-03-26,CT2,Commercial,In-person,57,N,N
HRG-02002,2025-03-26,CT2,Criminal,In-person,14,N,N
HRG-02003,2025-03-26,CT2,Criminal,In-person,59,N,N
HRG-02004,2025-03-26,CT2,Criminal,In-person,54,N,N
HRG-02005,2025-03-26,CT3,Commercial,In-person,69,Y,N
HRG-02006,2025-03-26,CT3,Civil,In-person,72,N,N
HRG-02007,2025-03-26,CT3,Civil,In-person,55,N,N
HRG-02008,2025-03-26,CT3,Commercial,In-person,32,N,N
HRG-02009,2025-03-26,CT3,Criminal,Virtual,58,N,N
HRG-02010,2025-03-26,CT3,Criminal,In-person,53,N,N
HRG-02011,2025-03-26,CT3,Criminal,In-person,60,N,N
HRG-02012,2025-03-26,CT3,Civil,In-person,72,N,N
HRG-02013,2025-03-26,CT3,Appeal,In-person,43,N,N
HRG-02014,2025-03-26,CT3,Commercial,In-person,56,N,N
HRG-02015,2025-03-26,CT3,Civil,In-person,48,Y,N
HRG-02016,2025-03-27,CT1,Civil,In-person,33,Y,N
HRG-02017,2025-03-27,CT1,Criminal,Hybrid,60,N,N
HRG-02018,2025-03-27,CT1,Appeal,In-person,53,N,N
HRG-02019,2025-03-27,CT1,Criminal,In-person,28,N,N
HRG-02020,2025-03-27,CT1,Criminal,In-person,45,N,N
HRG-02021,2025-03-27,CT1,Civil,In-person,78,N,N
HRG-02022,2025-03-27,CT1,Appeal,In-person,39,N,N
HRG-02023,2025-03-27,CT1,Criminal,In-person,45,N,N
HRG-02024,2025-03-27,CT1,Civil,In-person,61,N,N
HRG-02025,2025-03-27,CT1,Civil,Virtual,40,N,N
HRG-02026,2025-03-27,CT1,Family,In-person,63,N,N
HRG-02027,2025-03-27,CT2,Appeal,In-person,50,N,N
HRG-02028,2025-03-27,CT2,Appeal,In-person,34,Y,N
HRG-02029,2025-03-27,CT2,Appeal,In-person,54,N,N
HRG-02030,2025-03-27,CT2,Civil,In-person,52,N,N
HRG-02031,2025-03-27,CT2,Commercial,In-person,54,N,N
HRG-02032,2025-03-27,CT2,Criminal,In-person,57,N,N
HRG-02033,2025-03-27,CT2,Family,In-person,68,N,N
HRG-02034,2025-03-27,CT2,Commercial,In-person,45,N,N
HRG-02035,2025-03-27,CT2,Criminal,In-person,55,N,N
HRG-02036,2025-03-27,CT2,Criminal,In-person,35,Y,N
HRG-02037,2025-03-27,CT2,Criminal,In-person,43,Y,N
HRG-02038,2025-03-27,CT3,Criminal,In-person,48,N,N
HRG-02039,2025-03-27,CT3,Criminal,In-person,48,Y,N
HRG-02040,2025-03-27,CT3,Appeal,In-person,34,N,N
HRG-02041,2025-03-27,CT3,Criminal,In-person,49,N,N
HRG-02042,2025-03-27,CT3,Family,In-person,49,Y,N
HRG-02043,2025-03-27,CT3,Civil,In-person,60,N,N
HRG-02044,2025-03-27,CT3,Civil,In-person,63,N,N
HRG-02045,2025-03-27,CT3,Commercial,In-person,19,Y,N
HRG-02046,2025-03-27,CT3,Civil,In-person,10,Y,N
HRG-02047,2025-03-27,CT3,Criminal,Virtual,41,N,Y
HRG-02048,2025-03-28,CT1,Commercial,In-person,50,N,N
HRG-02049,2025-03-28,CT1,Family,In-person,43,Y,N
HRG-02050,2025-03-28,CT1,Family,Virtual,57,N,N
HRG-02051,2025-03-28,CT1,Criminal,In-person,70,N,N
HRG-02052,2025-03-28,CT1,Civil,In-person,33,N,N
HRG-02053,2025-03-28,CT1,Civil,In-person,74,N,N
HRG-02054,2025-03-28,CT1,Civil,In-person,64,N,N
HRG-02055,2025-03-28,CT1,Criminal,Virtual,10,N,N
HRG-02056,2025-03-28,CT1,Civil,In-person,50,N,N
HRG-02057,2025-03-28,CT1,Civil,In-person,70,N,N
HRG-02058,2025-03-28,CT1,Commercial,In-person,53,N,N
HRG-02059,2025-03-28,CT1,Appeal,In-person,46,N,N
HRG-02060,2025-03-28,CT1,Civil,In-person,72,N,N
HRG-02061,2025-03-28,CT1,Criminal,In-person,44,N,N
HRG-02062,2025-03-28,CT1,Family,In-person,76,N,N
HRG-02063,2025-03-28,CT1,Civil,In-person,69,N,N
HRG-02064,2025-03-28,CT2,Criminal,In-person,41,N,N
HRG-02065,2025-03-28,CT2,Civil,In-person,67,Y,N
HRG-02066,2025-03-28,CT2,Commercial,In-person,58,N,N
HRG-02067,2025-03-28,CT2,Civil,In-person,16,N,N
HRG-02068,2025-03-28,CT2,Criminal,In-person,46,N,N
HRG-02069,2025-03-28,CT2,Commercial,In-person,28,Y,N
HRG-02070,2025-03-28,CT2,Family,In-person,45,N,N
HRG-02071,2025-03-28,CT2,Criminal,In-person,57,Y,N
HRG-02072,2025-03-28,CT2,Civil,In-person,49,Y,N
HRG-02073,2025-03-28,CT2,Appeal,In-person,43,Y,N
HRG-02074,2025-03-28,CT2,Civil,In-person,45,N,N
HRG-02075,2025-03-28,CT2,Civil,In-person,59,N,N
HRG-02076,2025-03-28,CT3,Family,In-person,53,N,N
HRG-02077,2025-03-28,CT3,Civil,In-person,67,N,N
HRG-02078,2025-03-28,CT3,Commercial,In-person,81,N,N
HRG-02079,2025-03-28,CT3,Criminal,In-person,24,Y,N
HRG-02080,2025-03-28,CT3,Commercial,In-person,78,N,N
HRG-02081,2025-03-28,CT3,Criminal,In-person,48,Y,N
HRG-02082,2025-03-28,CT3,Civil,In-person,79,N,N
HRG-02083,2025-03-28,CT3,Commercial,In-person,49,Y,N
HRG-02084,2025-03-28,CT3,Appeal,Virtual,18,N,N
HRG-02085,2025-03-28,CT3,Appeal,In-person,57,Y,N
HRG-02086,2025-03-28,CT3,Civil,In-person,49,N,N
HRG-02087,2025-03-28,CT3,Criminal,In-person,43,Y,N
HRG-02088,2025-03-28,CT3,Civil,In-person,47,N,N
HRG-02089,2025-03-31,CT1,Commercial,In-person,60,N,N
HRG-02090,2025-03-31,CT1,Criminal,In-person,38,N,N
HRG-02091,2025-03-31,CT1,Criminal,Virtual,48,N,N
HRG-02092,2025-03-31,CT1,Criminal,In-person,42,Y,N
HRG-02093,2025-03-31,CT1,Civil,Virtual,37,Y,N
HRG-02094,2025-03-31,CT1,Civil,In-person,31,N,N
HRG-02095,2025-03-31,CT1,Criminal,Virtual,43,Y,Y
HRG-02096,2025-03-31,CT1,Appeal,In-person,33,N,N
HRG-02097,2025-03-31,CT1,Criminal,In-person,24,N,N
HRG-02098,2025-03-31,CT1,Civil,Hybrid,50,Y,N
HRG-02099,2025-03-31,CT1,Civil,In-person,31,N,N
HRG-02100,2025-03-31,CT1,Civil,In-person,63,Y,N
HRG-02101,2025-03-31,CT2,Criminal,In-person,40,N,N
HRG-02102,2025-03-31,CT2,Civil,In-person,40,N,N
HRG-02103,2025-03-31,CT2,Civil,In-person,39,N,N
HRG-02104,2025-03-31,CT2,Civil,In-person,45,N,N
HRG-02105,2025-03-31,CT2,Civil,In-person,70,N,N
HRG-02106,2025-03-31,CT2,Civil,In-person,52,Y,N
HRG-02107,2025-03-31,CT2,Criminal,In-person,38,N,N
HRG-02108,2025-03-31,CT2,Family,In-person,14,N,N
HRG-02109,2025-03-31,CT3,Criminal,In-person,63,N,N
HRG-02110,2025-03-31,CT3,Commercial,In-person,36,N,N
HRG-02111,2025-03-31,CT3,Commercial,In-person,58,N,N
HRG-02112,2025-03-31,CT3,Criminal,In-person,50,N,N
HRG-02113,2025-03-31,CT3,Criminal,In-person,70,N,N
HRG-02114,2025-03-31,CT3,Family,In-person,67,N,N
HRG-02115,2025-03-31,CT3,Commercial,In-person,50,N,N
HRG-02116,2025-03-31,CT3,Civil,In-person,23,N,N
HRG-02117,2025-03-31,CT3,Appeal,In-person,55,N,N
HRG-02118,2025-03-31,CT3,Commercial,In-person,38,N,N
HRG-02119,2025-03-31,CT3,Civil,In-person,40,N,N
HRG-02120,2025-04-01,CT1,Civil,Virtual,44,Y,N
HRG-02121,2025-04-01,CT1,Criminal,In-person,42,Y,N
HRG-02122,2025-04-01,CT1,Civil,In-person,43,N,N
HRG-02123,2025-04-01,CT1,Civil,In-person,60,N,N
HRG-02124,2025-04-01,CT1,Appeal,In-person,42,Y,N
HRG-02125,2025-04-01,CT1,Civil,In-person,67,N,N
HRG-02126,2025-04-01,CT1,Civil,In-person,49,N,N
HRG-02127,2025-04-01,CT1,Family,In-person,27,N,N
HRG-02128,2025-04-01,CT1,Appeal,In-person,56,Y,N
HRG-02129,2025-04-01,CT1,Family,In-person,50,Y,N
HRG-02130,2025-04-01,CT1,Civil,Hybrid,30,Y,N
HRG-02131,2025-04-01,CT1,Family,In-person,45,Y,N
HRG-02132,2025-04-01,CT1,Family,In-person,51,N,N
HRG-02133,2025-04-01,CT2,Civil,In-person,42,Y,N
HRG-02134,2025-04-01,CT2,Commercial,In-person,35,N,N
HRG-02135,2025-04-01,CT2,Civil,In-person,72,N,N
HRG-02136,2025-04-01,CT2,Criminal,In-person,61,Y,N
HRG-02137,2025-04-01,CT2,Criminal,In-person,44,N,N
HRG-02138,2025-04-01,CT2,Civil,In-person,51,N,N
HRG-02139,2025-04-01,CT3,Appeal,In-person,54,N,N
HRG-02140,2025-04-01,CT3,Civil,In-person,74,Y,N
HRG-02141,2025-04-01,CT3,Civil,In-person,41,Y,N
HRG-02142,2025-04-01,CT3,Civil,In-person,45,N,N
HRG-02143,2025-04-01,CT3,Family,In-person,37,N,N
HRG-02144,2025-04-01,CT3,Criminal,In-person,44,Y,N
HRG-02145,2025-04-01,CT3,Civil,In-person,35,N,N
HRG-02146,2025-04-01,CT3,Family,In-person,82,N,N
HRG-02147,2025-04-01,CT3,Criminal,In-person,59,N,N
HRG-02148,2025-04-01,CT3,Civil,In-person,60,Y,N
HRG-02149,2025-04-01,CT3,Family,In-person,48,N,N
HRG-02150,2025-04-02,CT1,Criminal,In-person,63,N,N
HRG-02151,2025-04-02,CT1,Civil,Virtual,39,N,Y
HRG-02152,2025-04-02,CT1,Civil,In-person,75,N,N
HRG-02153,2025-04-02,CT1,Family,In-person,58,N,N
HRG-02154,2025-04-02,CT1,Commercial,In-person,56,N,N
HRG-02155,2025-04-02,CT1,Civil,In-person,22,N,N
HRG-02156,2025-04-02,CT1,Criminal,Virtual,27,N,N
HRG-02157,2025-04-02,CT1,Family,In-person,51,Y,N
HRG-02158,2025-04-02,CT1,Criminal,In-person,36,N,N
HRG-02159,2025-04-02,CT1,Appeal,In-person,43,N,N
HRG-02160,2025-04-02,CT1,Commercial,In-person,10,N,N
HRG-02161,2025-04-02,CT1,Criminal,In-person,28,N,N
HRG-02162,2025-04-02,CT2,Civil,In-person,41,Y,N
HRG-02163,2025-04-02,CT2,Civil,In-person,39,Y,N
HRG-02164,2025-04-02,CT2,Commercial,Virtual,45,N,Y
HRG-02165,2025-04-02,CT2,Civil,In-person,35,N,N
HRG-02166,2025-04-02,CT2,Family,In-person,38,Y,N
HRG-02167,2025-04-02,CT2,Civil,In-person,33,Y,N
HRG-02168,2025-04-02,CT2,Appeal,In-person,13,N,N
HRG-02169,2025-04-02,CT2,Commercial,In-person,39,Y,N
HRG-02170,2025-04-02,CT3,Civil,In-person,63,Y,N
HRG-02171,2025-04-02,CT3,Criminal,Hybrid,52,N,N
HRG-02172,2025-04-02,CT3,Commercial,In-person,25,N,N
HRG-02173,2025-04-02,CT3,Civil,In-person,56,N,N
HRG-02174,2025-04-02,CT3,Appeal,In-person,49,N,N
HRG-02175,2025-04-02,CT3,Civil,In-person,54,N,N
HRG-02176,2025-04-02,CT3,Family,In-person,73,N,N
HRG-02177,2025-04-02,CT3,Family,In-person,24,N,N
HRG-02178,2025-04-02,CT3,Commercial,In-person,51,N,N
HRG-02179,2025-04-02,CT3,Commercial,In-person,13,N,N
HRG-02180,2025-04-02,CT3,Family,In-person,28,N,N
HRG-02181,2025-04-02,CT3,Civil,In-person,44,N,N
HRG-02182,2025-04-03,CT1,Commercial,In-person,51,N,N
HRG-02183,2025-04-03,CT1,Family,In-person,29,N,N
HRG-02184,2025-04-03,CT1,Civil,In-person,60,Y,N
HRG-02185,2025-04-03,CT1,Criminal,In-person,43,N,N
HRG-02186,2025-04-03,CT1,Civil,In-person,53,N,N
HRG-02187,2025-04-03,CT1,Criminal,In-person,51,Y,N
HRG-02188,2025-04-03,CT1,Civil,In-person,43,Y,N
HRG-02189,2025-04-03,CT1,Family,In-person,53,N,N
HRG-02190,2025-04-03,CT1,Commercial,Hybrid,14,N,N
HRG-02191,2025-04-03,CT1,Appeal,In-person,48,N,N
HRG-02192,2025-04-03,CT1,Civil,In-person,74,N,N
HRG-02193,2025-04-03,CT1,Criminal,Virtual,46,N,Y
HRG-02194,2025-04-03,CT1,Civil,In-person,28,N,N
HRG-02195,2025-04-03,CT2,Appeal,In-person,42,N,N
HRG-02196,2025-04-03,CT2,Criminal,In-person,46,N,N
HRG-02197,2025-04-03,CT2,Commercial,In-person,17,N,N
HRG-02198,2025-04-03,CT2,Appeal,In-person,66,N,N
HRG-02199,2025-04-03,CT2,Civil,In-person,41,N,N
HRG-02200,2025-04-03,CT2,Criminal,In-person,31,N,N
HRG-02201,2025-04-03,CT2,Criminal,In-person,42,Y,N
HRG-02202,2025-04-03,CT2,Civil,In-person,28,N,N
HRG-02203,2025-04-03,CT2,Criminal,In-person,67,N,N
HRG-02204,2025-04-03,CT2,Commercial,In-person,59,N,N
HRG-02205,2025-04-03,CT3,Criminal,In-person,47,Y,N
HRG-02206,2025-04-03,CT3,Civil,In-person,67,N,N
HRG-02207,2025-04-03,CT3,Family,In-person,35,N,N
HRG-02208,2025-04-03,CT3,Commercial,In-person,41,Y,N
HRG-02209,2025-04-03,CT3,Civil,In-person,20,N,N
HRG-02210,2025-04-03,CT3,Criminal,In-person,62,N,N
HRG-02211,2025-04-03,CT3,Criminal,In-person,51,N,N
HRG-02212,2025-04-03,CT3,Civil,In-person,43,N,N
HRG-02213,2025-04-03,CT3,Civil,In-person,72,N,N
HRG-02214,2025-04-03,CT3,Civil,In-person,62,N,N
HRG-02215,2025-04-03,CT3,Family,In-person,44,N,N
HRG-02216,2025-04-03,CT3,Criminal,In-person,51,N,N
HRG-02217,2025-04-04,CT1,Appeal,In-person,53,N,N
HRG-02218,2025-04-04,CT1,Family,Virtual,31,N,N
HRG-02219,2025-04-04,CT1,Family,In-person,59,N,N
HRG-02220,2025-04-04,CT1,Commercial,In-person,52,Y,N
HRG-02221,2025-04-04,CT1,Civil,In-person,32,Y,N
HRG-02222,2025-04-04,CT1,Criminal,In-person,54,N,N
HRG-02223,2025-04-04,CT1,Criminal,Virtual,25,N,N
HRG-02224,2025-04-04,CT1,Civil,In-person,19,N,N
HRG-02225,2025-04-04,CT1,Family,In-person,16,N,N
HRG-02226,2025-04-04,CT1,Commercial,In-person,61,N,N
HRG-02227,2025-04-04,CT1,Commercial,In-person,18,N,N
HRG-02228,2025-04-04,CT2,Appeal,In-person,28,Y,N
HRG-02229,2025-04-04,CT2,Criminal,In-person,67,N,N
HRG-02230,2025-04-04,CT2,Criminal,In-person,57,N,N
HRG-02231,2025-04-04,CT2,Civil,In-person,33,N,N
HRG-02232,2025-04-04,CT2,Family,In-person,27,Y,N
HRG-02233,2025-04-04,CT3,Criminal,In-person,30,Y,N
HRG-02234,2025-04-04,CT3,Commercial,In-person,34,N,N
HRG-02235,2025-04-04,CT3,Commercial,In-person,34,N,N
HRG-02236,2025-04-04,CT3,Criminal,In-person,32,N,N
HRG-02237,2025-04-04,CT3,Civil,In-person,31,N,N
HRG-02238,2025-04-04,CT3,Criminal,In-person,39,Y,N
HRG-02239,2025-04-04,CT3,Appeal,In-person,73,N,N
HRG-02240,2025-04-04,CT3,Commercial,In-person,40,N,N
HRG-02241,2025-04-04,CT3,Criminal,In-person,55,N,N
HRG-02242,2025-04-04,CT3,Civil,In-person,46,N,N
HRG-02243,2025-04-04,CT3,Appeal,Virtual,36,N,N
HRG-02244,2025-04-04,CT3,Family,In-person,54,N,N
HRG-02245,2025-04-07,CT1,Appeal,In-person,68,N,N
HRG-02246,2025-04-07,CT1,Commercial,In-person,58,N,N
HRG-02247,2025-04-07,CT1,Civil,In-person,34,N,N
HRG-02248,2025-04-07,CT1,Civil,Hybrid,52,Y,Y
HRG-02249,2025-04-07,CT1,Civil,Virtual,54,Y,Y
HRG-02250,2025-04-07,CT1,Criminal,In-person,62,N,N
HRG-02251,2025-04-07,CT1,Criminal,In-person,38,Y,N
HRG-02252,2025-04-07,CT1,Civil,In-person,49,N,N
HRG-02253,2025-04-07,CT1,Civil,In-person,56,N,N
HRG-02254,2025-04-07,CT1,Commercial,In-person,54,N,N
HRG-02255,2025-04-07,CT1,Criminal,Virtual,53,Y,N
HRG-02256,2025-04-07,CT1,Commercial,In-person,63,N,N
HRG-02257,2025-04-07,CT1,Commercial,In-person,46,N,N
HRG-02258,2025-04-07,CT1,Civil,In-person,42,N,N
HRG-02259,2025-04-07,CT1,Civil,In-person,31,Y,N
HRG-02260,2025-04-07,CT1,Appeal,In-person,38,N,N
HRG-02261,2025-04-07,CT1,Civil,In-person,57,N,N
HRG-02262,2025-04-07,CT2,Commercial,In-person,70,Y,N
HRG-02263,2025-04-07,CT2,Commercial,In-person,58,N,N
HRG-02264,2025-04-07,CT2,Appeal,In-person,37,N,N
HRG-02265,2025-04-07,CT2,Criminal,Virtual,40,N,N
HRG-02266,2025-04-07,CT2,Family,Hybrid,23,Y,Y
HRG-02267,2025-04-07,CT2,Commercial,In-person,51,N,N
HRG-02268,2025-04-07,CT2,Civil,In-person,57,Y,N
HRG-02269,2025-04-07,CT2,Family,Hybrid,42,Y,Y
HRG-02270,2025-04-07,CT2,Civil,In-person,52,Y,N
HRG-02271,2025-04-07,CT2,Criminal,Hybrid,56,N,N
HRG-02272,2025-04-07,CT3,Commercial,In-person,58,N,N
HRG-02273,2025-04-07,CT3,Criminal,In-person,47,Y,N
HRG-02274,2025-04-07,CT3,Civil,In-person,56,N,N
HRG-02275,2025-04-07,CT3,Criminal,In-person,54,Y,N
HRG-02276,2025-04-07,CT3,Appeal,In-person,44,Y,N
HRG-02277,2025-04-07,CT3,Civil,In-person,59,N,N
HRG-02278,2025-04-07,CT3,Appeal,In-person,55,N,N
HRG-02279,2025-04-08,CT1,Criminal,In-person,50,N,N
HRG-02280,2025-04-08,CT1,Family,In-person,56,N,N
HRG-02281,2025-04-08,CT1,Criminal,In-person,42,N,N
HRG-02282,2025-04-08,CT1,Commercial,In-person,48,N,N
HRG-02283,2025-04-08,CT1,Civil,In-person,57,Y,N
HRG-02284,2025-04-08,CT1,Civil,In-person,43,N,N
HRG-02285,2025-04-08,CT1,Family,In-person,37,N,N
HRG-02286,2025-04-08,CT1,Family,In-person,48,N,N
HRG-02287,2025-04-08,CT1,Civil,Virtual,47,N,N
HRG-02288,2025-04-08,CT1,Criminal,Virtual,52,N,N
HRG-02289,2025-04-08,CT1,Civil,Virtual,30,N,N
HRG-02290,2025-04-08,CT1,Commercial,In-person,29,Y,N
HRG-02291,2025-04-08,CT1,Civil,In-person,63,Y,N
HRG-02292,2025-04-08,CT1,Civil,In-person,29,N,N
HRG-02293,2025-04-08,CT2,Criminal,In-person,29,Y,N
HRG-02294,2025-04-08,CT2,Civil,In-person,34,N,N
HRG-02295,2025-04-08,CT2,Civil,In-person,81,N,N
HRG-02296,2025-04-08,CT2,Commercial,In-person,62,N,N
HRG-02297,2025-04-08,CT2,Civil,In-person,73,N,N
HRG-02298,2025-04-08,CT2,Criminal,In-person,30,N,N
HRG-02299,2025-04-08,CT3,Civil,In-person,72,Y,N
HRG-02300,2025-04-08,CT3,Civil,In-person,50,Y,N
HRG-02301,2025-04-08,CT3,Appeal,In-person,55,N,N
HRG-02302,2025-04-08,CT3,Appeal,In-person,32,N,N
HRG-02303,2025-04-08,CT3,Civil,In-person,54,N,N
HRG-02304,2025-04-08,CT3,Criminal,In-person,51,Y,N
HRG-02305,2025-04-08,CT3,Criminal,In-person,37,Y,N
HRG-02306,2025-04-08,CT3,Civil,In-person,58,N,N
HRG-02307,2025-04-08,CT3,Civil,In-person,36,N,N
HRG-02308,2025-04-08,CT3,Family,In-person,36,N,N
HRG-02309,2025-04-08,CT3,Criminal,In-person,57,N,N
HRG-02310,2025-04-08,CT3,Criminal,In-person,21,N,N
HRG-02311,2025-04-08,CT3,Civil,In-person,54,N,N
HRG-02312,2025-04-09,CT1,Commercial,In-person,52,Y,N
HRG-02313,2025-04-09,CT1,Criminal,In-person,52,N,N
HRG-02314,2025-04-09,CT1,Criminal,In-person,20,N,N
HRG-02315,2025-04-09,CT1,Family,Virtual,40,Y,N
HRG-02316,2025-04-09,CT1,Commercial,Virtual,47,N,N
HRG-02317,2025-04-09,CT1,Appeal,In-person,44,N,N
HRG-02318,2025-04-09,CT1,Civil,Virtual,17,Y,Y
HRG-02319,2025-04-09,CT1,Civil,In-person,36,N,N
HRG-02320,2025-04-09,CT1,Family,Virtual,16,N,N
HRG-02321,2025-04-09,CT1,Civil,Virtual,66,N,Y
HRG-02322,2025-04-09,CT1,Civil,In-person,54,N,N
HRG-02323,2025-04-09,CT1,Commercial,Virtual,30,N,N
HRG-02324,2025-04-09,CT1,Commercial,In-person,45,N,N
HRG-02325,2025-04-09,CT1,Family,In-person,59,N,N
HRG-02326,2025-04-09,CT1,Criminal,In-person,30,N,N
HRG-02327,2025-04-09,CT1,Civil,In-person,48,Y,N
HRG-02328,2025-04-09,CT2,Civil,In-person,37,N,N
HRG-02329,2025-04-09,CT2,Criminal,Virtual,40,N,N
HRG-02330,2025-04-09,CT2,Civil,In-person,48,Y,N
HRG-02331,2025-04-09,CT2,Civil,Virtual,31,Y,N
HRG-02332,2025-04-09,CT2,Criminal,In-person,33,N,N
HRG-02333,2025-04-09,CT2,Civil,In-person,42,N,N
HRG-02334,2025-04-09,CT2,Family,In-person,45,N,N
HRG-02335,2025-04-09,CT2,Family,In-person,21,N,N
HRG-02336,2025-04-09,CT2,Criminal,In-person,58,N,N
HRG-02337,2025-04-09,CT3,Civil,In-person,54,Y,N
HRG-02338,2025-04-09,CT3,Criminal,In-person,43,Y,N
HRG-02339,2025-04-09,CT3,Civil,In-person,44,N,N
HRG-02340,2025-04-09,CT3,Appeal,In-person,18,N,N
HRG-02341,2025-04-09,CT3,Family,In-person,59,N,N
HRG-02342,2025-04-09,CT3,Appeal,In-person,67,N,N
HRG-02343,2025-04-09,CT3,Civil,In-person,45,N,N
HRG-02344,2025-04-09,CT3,Family,In-person,55,N,N
HRG-02345,2025-04-09,CT3,Criminal,In-person,54,N,N
HRG-02346,2025-04-10,CT1,Civil,In-person,76,N,N
HRG-02347,2025-04-10,CT1,Civil,Virtual,16,N,N
HRG-02348,2025-04-10,CT1,Civil,In-person,51,N,N
HRG-02349,2025-04-10,CT1,Civil,In-person,60,N,N
HRG-02350,2025-04-10,CT1,Civil,Virtual,50,N,N
HRG-02351,2025-04-10,CT1,Commercial,Virtual,44,N,N
HRG-02352,2025-04-10,CT1,Criminal,In-person,67,N,N
HRG-02353,2025-04-10,CT1,Appeal,In-person,81,N,N
HRG-02354,2025-04-10,CT1,Commercial,In-person,45,N,N
HRG-02355,2025-04-10,CT1,Criminal,In-person,40,N,N
HRG-02356,2025-04-10,CT1,Criminal,Virtual,10,Y,N
HRG-02357,2025-04-10,CT1,Civil,In-person,37,N,N
HRG-02358,2025-04-10,CT1,Criminal,In-person,76,Y,N
HRG-02359,2025-04-10,CT1,Commercial,In-person,37,N,N
HRG-02360,2025-04-10,CT1,Commercial,In-person,27,N,N
HRG-02361,2025-04-10,CT2,Civil,In-person,52,N,N
HRG-02362,2025-04-10,CT2,Civil,In-person,55,N,N
HRG-02363,2025-04-10,CT2,Commercial,In-person,42,Y,N
HRG-02364,2025-04-10,CT2,Civil,In-person,56,N,N
HRG-02365,2025-04-10,CT2,Family,In-person,89,N,N
HRG-02366,2025-04-10,CT2,Commercial,In-person,64,Y,N
HRG-02367,2025-04-10,CT3,Criminal,In-person,59,N,N
HRG-02368,2025-04-10,CT3,Family,In-person,68,N,N
HRG-02369,2025-04-10,CT3,Civil,In-person,19,N,N
HRG-02370,2025-04-10,CT3,Criminal,In-person,48,N,N
HRG-02371,2025-04-10,CT3,Civil,In-person,31,Y,N
HRG-02372,2025-04-10,CT3,Civil,In-person,33,Y,N
HRG-02373,2025-04-10,CT3,Civil,In-person,53,N,N
HRG-02374,2025-04-10,CT3,Commercial,In-person,47,N,N
HRG-02375,2025-04-10,CT3,Civil,In-person,49,Y,N
HRG-02376,2025-04-10,CT3,Appeal,In-person,38,N,N
HRG-02377,2025-04-10,CT3,Appeal,In-person,44,N,N
HRG-02378,2025-04-11,CT1,Civil,Virtual,25,N,N
HRG-02379,2025-04-11,CT1,Civil,Hybrid,42,Y,Y
HRG-02380,2025-04-11,CT1,Appeal,In-person,42,N,N
HRG-02381,2025-04-11,CT1,Criminal,In-person,34,N,N
HRG-02382,2025-04-11,CT1,Civil,Hybrid,45,N,Y
HRG-02383,2025-04-11,CT1,Civil,In-person,66,N,N
HRG-02384,2025-04-11,CT1,Commercial,Virtual,40,Y,N
HRG-02385,2025-04-11,CT1,Civil,In-person,45,N,N
HRG-02386,2025-04-11,CT1,Civil,In-person,72,Y,N
HRG-02387,2025-04-11,CT1,Civil,Virtual,29,Y,N
HRG-02388,2025-04-11,CT1,Criminal,In-person,55,N,N
HRG-02389,2025-04-11,CT1,Criminal,Virtual,19,N,N
HRG-02390,2025-04-11,CT1,Criminal,In-person,50,N,N
HRG-02391,2025-04-11,CT1,Civil,In-person,38,Y,N
HRG-02392,2025-04-11,CT1,Commercial,Hybrid,10,N,Y
HRG-02393,2025-04-11,CT1,Family,In-person,36,Y,N
HRG-02394,2025-04-11,CT1,Civil,In-person,56,N,N
HRG-02395,2025-04-11,CT2,Commercial,In-person,59,N,N
HRG-02396,2025-04-11,CT2,Commercial,In-person,10,N,N
HRG-02397,2025-04-11,CT2,Criminal,In-person,51,N,N
HRG-02398,2025-04-11,CT2,Commercial,In-person,52,Y,N
HRG-02399,2025-04-11,CT2,Criminal,In-person,47,Y,N
HRG-02400,2025-04-11,CT2,Family,In-person,71,Y,N
HRG-02401,2025-04-11,CT2,Criminal,In-person,51,Y,N
HRG-02402,2025-04-11,CT3,Civil,In-person,49,Y,N
HRG-02403,2025-04-11,CT3,Commercial,In-person,58,N,N
HRG-02404,2025-04-11,CT3,Civil,In-person,34,N,N
HRG-02405,2025-04-11,CT3,Civil,In-person,30,N,N
HRG-02406,2025-04-11,CT3,Commercial,In-person,73,N,N
HRG-02407,2025-04-11,CT3,Appeal,In-person,57,N,N
HRG-02408,2025-04-11,CT3,Civil,In-person,64,Y,N
HRG-02409,2025-04-11,CT3,Appeal,In-person,55,N,N
HRG-02410,2025-04-11,CT3,Civil,In-person,70,N,N
HRG-02411,2025-04-11,CT3,Civil,In-person,25,N,N
HRG-02412,2025-04-11,CT3,Criminal,In-person,72,Y,N
HRG-02413,2025-04-11,CT3,Criminal,In-person,56,N,N
HRG-02414,2025-04-14,CT1,Civil,In-person,51,Y,N
HRG-02415,2025-04-14,CT1,Civil,In-person,54,Y,N
HRG-02416,2025-04-14,CT1,Criminal,In-person,28,N,N
HRG-02417,2025-04-14,CT1,Criminal,Hybrid,10,Y,N
HRG-02418,2025-04-14,CT1,Civil,In-person,35,N,N
HRG-02419,2025-04-14,CT1,Appeal,In-person,65,N,N
HRG-02420,2025-04-14,CT1,Criminal,In-person,22,N,N
HRG-02421,2025-04-14,CT1,Civil,In-person,56,N,N
HRG-02422,2025-04-14,CT1,Criminal,In-person,30,N,N
HRG-02423,2025-04-14,CT1,Appeal,In-person,37,N,N
HRG-02424,2025-04-14,CT1,Criminal,In-person,32,N,N
HRG-02425,2025-04-14,CT1,Criminal,Virtual,44,N,Y
HRG-02426,2025-04-14,CT1,Commercial,In-person,75,Y,N
HRG-02427,2025-04-14,CT1,Family,In-person,43,N,N
HRG-02428,2025-04-14,CT1,Civil,In-person,50,Y,N
HRG-02429,2025-04-14,CT1,Commercial,Hybrid,37,N,N
HRG-02430,2025-04-14,CT2,Civil,In-person,47,Y,N
HRG-02431,2025-04-14,CT2,Civil,In-person,36,N,N
HRG-02432,2025-04-14,CT2,Civil,In-person,78,Y,N
HRG-02433,2025-04-14,CT2,Family,In-person,20,N,N
HRG-02434,2025-04-14,CT2,Civil,In-person,71,Y,N
HRG-02435,2025-04-14,CT2,Commercial,In-person,40,N,N
HRG-02436,2025-04-14,CT2,Civil,In-person,51,N,N
HRG-02437,2025-04-14,CT3,Civil,In-person,49,N,N
HRG-02438,2025-04-14,CT3,Appeal,In-person,32,N,N
HRG-02439,2025-04-14,CT3,Civil,In-person,65,N,N
HRG-02440,2025-04-14,CT3,Appeal,In-person,38,Y,N
HRG-02441,2025-04-14,CT3,Civil,In-person,33,N,N
HRG-02442,2025-04-14,CT3,Civil,In-person,39,N,N
HRG-02443,2025-04-14,CT3,Civil,In-person,69,N,N
HRG-02444,2025-04-15,CT1,Family,Hybrid,50,N,N
HRG-02445,2025-04-15,CT1,Civil,In-person,64,N,N
HRG-02446,2025-04-15,CT1,Criminal,In-person,57,N,N
HRG-02447,2025-04-15,CT1,Commercial,In-person,37,Y,N
HRG-02448,2025-04-15,CT1,Civil,In-person,10,Y,N
HRG-02449,2025-04-15,CT1,Appeal,In-person,75,N,N
HRG-02450,2025-04-15,CT1,Family,In-person,43,N,N
HRG-02451,2025-04-15,CT1,Civil,In-person,55,N,N
HRG-02452,2025-04-15,CT1,Appeal,In-person,45,Y,N
HRG-02453,2025-04-15,CT1,Civil,In-person,33,Y,N
HRG-02454,2025-04-15,CT2,Civil,In-person,40,N,N
HRG-02455,2025-04-15,CT2,Commercial,Virtual,59,Y,Y
HRG-02456,2025-04-15,CT2,Civil,In-person,58,N,N
HRG-02457,2025-04-15,CT2,Commercial,Virtual,38,N,N
HRG-02458,2025-04-15,CT2,Criminal,In-person,54,N,N
HRG-02459,2025-04-15,CT2,Criminal,Virtual,59,N,N
HRG-02460,2025-04-15,CT2,Civil,In-person,66,N,N
HRG-02461,2025-04-15,CT2,Criminal,In-person,64,N,N
HRG-02462,2025-04-15,CT3,Civil,In-person,22,N,N
HRG-02463,2025-04-15,CT3,Civil,In-person,49,N,N
HRG-02464,2025-04-15,CT3,Civil,In-person,41,Y,N
HRG-02465,2025-04-15,CT3,Appeal,In-person,43,N,N
HRG-02466,2025-04-15,CT3,Criminal,In-person,30,N,N
HRG-02467,2025-04-15,CT3,Family,In-person,63,Y,N
HRG-02468,2025-04-15,CT3,Family,In-person,38,N,N
HRG-02469,2025-04-15,CT3,Criminal,In-person,82,N,N
HRG-02470,2025-04-15,CT3,Civil,In-person,30,N,N
HRG-02471,2025-04-15,CT3,Civil,In-person,45,N,N
HRG-02472,2025-04-15,CT3,Civil,In-person,31,N,N
HRG-02473,2025-04-15,CT3,Appeal,In-person,62,N,N
HRG-02474,2025-04-15,CT3,Family,In-person,54,Y,N
HRG-02475,2025-04-15,CT3,Civil,In-person,66,N,N
HRG-02476,2025-04-15,CT3,Commercial,In-person,35,N,N
HRG-02477,2025-04-16,CT1,Civil,In-person,73,N,N
HRG-02478,2025-04-16,CT1,Criminal,In-person,42,Y,N
HRG-02479,2025-04-16,CT1,Appeal,In-person,57,Y,N
HRG-02480,2025-04-16,CT1,Civil,In-person,64,Y,N
HRG-02481,2025-04-16,CT1,Commercial,In-person,88,N,N
HRG-02482,2025-04-16,CT1,Criminal,In-person,60,N,N
HRG-02483,2025-04-16,CT1,Criminal,In-person,66,Y,N
HRG-02484,2025-04-16,CT1,Commercial,In-person,71,N,N
HRG-02485,2025-04-16,CT1,Criminal,Hybrid,36,N,N
HRG-02486,2025-04-16,CT1,Family,In-person,68,Y,N
HRG-02487,2025-04-16,CT1,Commercial,In-person,15,N,N
HRG-02488,2025-04-16,CT1,Appeal,Virtual,12,N,N
HRG-02489,2025-04-16,CT1,Civil,In-person,26,N,N
HRG-02490,2025-04-16,CT2,Commercial,In-person,49,Y,N
HRG-02491,2025-04-16,CT2,Commercial,Virtual,19,N,N
HRG-02492,2025-04-16,CT2,Civil,In-person,42,N,N
HRG-02493,2025-04-16,CT2,Commercial,In-person,39,N,N
HRG-02494,2025-04-16,CT2,Civil,In-person,60,N,N
HRG-02495,2025-04-16,CT2,Family,Virtual,27,N,N
HRG-02496,2025-04-16,CT2,Commercial,In-person,53,N,N
HRG-02497,2025-04-16,CT3,Commercial,In-person,58,Y,N
HRG-02498,2025-04-16,CT3,Civil,In-person,45,N,N
HRG-02499,2025-04-16,CT3,Civil,In-person,38,N,N
HRG-02500,2025-04-16,CT3,Civil,In-person,47,N,N
HRG-02501,2025-04-16,CT3,Family,In-person,45,N,N
HRG-02502,2025-04-16,CT3,Civil,In-person,51,N,N
HRG-02503,2025-04-16,CT3,Family,In-person,56,N,N
HRG-02504,2025-04-16,CT3,Criminal,In-person,20,Y,N
HRG-02505,2025-04-16,CT3,Criminal,In-person,45,N,N
HRG-02506,2025-04-16,CT3,Criminal,In-person,37,N,N
HRG-02507,2025-04-16,CT3,Commercial,In-person,26,N,N
HRG-02508,2025-04-16,CT3,Criminal,In-person,24,N,N
HRG-02509,2025-04-17,CT1,Commercial,In-person,69,Y,N
HRG-02510,2025-04-17,CT1,Civil,In-person,66,Y,N
HRG-02511,2025-04-17,CT1,Criminal,In-person,62,N,N
HRG-02512,2025-04-17,CT1,Commercial,In-person,89,N,N
HRG-02513,2025-04-17,CT1,Civil,Hybrid,21,Y,N
HRG-02514,2025-04-17,CT1,Commercial,In-person,72,N,N
HRG-02515,2025-04-17,CT1,Criminal,Hybrid,43,N,N
HRG-02516,2025-04-17,CT1,Family,Virtual,31,N,N
HRG-02517,2025-04-17,CT1,Commercial,In-person,42,N,N
HRG-02518,2025-04-17,CT1,Criminal,In-person,46,N,N
HRG-02519,2025-04-17,CT1,Commercial,In-person,43,N,N
HRG-02520,2025-04-17,CT1,Criminal,Virtual,29,N,N
HRG-02521,2025-04-17,CT1,Civil,In-person,55,Y,N
HRG-02522,2025-04-17,CT1,Commercial,Virtual,10,Y,N
HRG-02523,2025-04-17,CT1,Civil,In-person,65,Y,N
HRG-02524,2025-04-17,CT1,Appeal,In-person,32,N,N
HRG-02525,2025-04-17,CT2,Commercial,In-person,45,Y,N
HRG-02526,2025-04-17,CT2,Civil,In-person,42,N,N
HRG-02527,2025-04-17,CT2,Family,In-person,56,Y,N
HRG-02528,2025-04-17,CT2,Family,In-person,72,N,N
HRG-02529,2025-04-17,CT2,Commercial,In-person,59,Y,N
HRG-02530,2025-04-17,CT2,Civil,In-person,45,N,N
HRG-02531,2025-04-17,CT2,Family,In-person,76,N,N
HRG-02532,2025-04-17,CT2,Family,In-person,63,N,N
HRG-02533,2025-04-17,CT2,Civil,In-person,67,Y,N
HRG-02534,2025-04-17,CT3,Family,In-person,38,N,N
HRG-02535,2025-04-17,CT3,Civil,In-person,44,N,N
HRG-02536,2025-04-17,CT3,Family,In-person,60,N,N
HRG-02537,2025-04-17,CT3,Family,In-person,43,N,N
HRG-02538,2025-04-17,CT3,Civil,In-person,48,N,N
HRG-02539,2025-04-17,CT3,Commercial,In-person,44,N,N
HRG-02540,2025-04-17,CT3,Commercial,In-person,71,Y,N
HRG-02541,2025-04-17,CT3,Criminal,In-person,46,Y,N
HRG-02542,2025-04-17,CT3,Civil,In-person,64,N,N
HRG-02543,2025-04-17,CT3,Civil,In-person,61,Y,N
HRG-02544,2025-04-17,CT3,Civil,In-person,49,N,N
HRG-02545,2025-04-17,CT3,Commercial,In-person,56,Y,N
HRG-02546,2025-04-18,CT1,Family,Virtual,20,N,N
HRG-02547,2025-04-18,CT1,Criminal,In-person,56,N,N
HRG-02548,2025-04-18,CT1,Criminal,In-person,42,Y,N
HRG-02549,2025-04-18,CT1,Civil,In-person,33,N,N
HRG-02550,2025-04-18,CT1,Civil,Virtual,46,N,N
HRG-02551,2025-04-18,CT1,Commercial,In-person,47,N,N
HRG-02552,2025-04-18,CT1,Civil,Virtual,47,Y,N
HRG-02553,2025-04-18,CT1,Civil,In-person,28,N,N
HRG-02554,2025-04-18,CT1,Civil,In-person,67,N,N
HRG-02555,2025-04-18,CT1,Appeal,Virtual,49,Y,N
HRG-02556,2025-04-18,CT1,Civil,In-person,48,Y,N
HRG-02557,2025-04-18,CT1,Civil,In-person,54,N,N
HRG-02558,2025-04-18,CT1,Family,In-person,31,N,N
HRG-02559,2025-04-18,CT2,Civil,In-person,43,N,N
HRG-02560,2025-04-18,CT2,Family,In-person,24,N,N
HRG-02561,2025-04-18,CT2,Civil,In-person,56,N,N
HRG-02562,2025-04-18,CT2,Criminal,In-person,69,N,N
HRG-02563,2025-04-18,CT2,Commercial,In-person,70,Y,N
HRG-02564,2025-04-18,CT2,Civil,In-person,51,Y,N
HRG-02565,2025-04-18,CT2,Civil,In-person,58,N,N
HRG-02566,2025-04-18,CT2,Civil,In-person,42,Y,N
HRG-02567,2025-04-18,CT3,Commercial,In-person,65,Y,N
HRG-02568,2025-04-18,CT3,Criminal,In-person,42,N,N
HRG-02569,2025-04-18,CT3,Criminal,In-person,75,N,N
HRG-02570,2025-04-18,CT3,Family,In-person,49,N,N
HRG-02571,2025-04-18,CT3,Criminal,In-person,38,N,N
HRG-02572,2025-04-18,CT3,Commercial,In-person,38,N,N
HRG-02573,2025-04-18,CT3,Criminal,In-person,43,N,N
HRG-02574,2025-04-18,CT3,Family,In-person,62,N,N
HRG-02575,2025-04-18,CT3,Civil,In-person,64,Y,N
HRG-02576,2025-04-18,CT3,Criminal,In-person,52,N,N
HRG-02577,2025-04-18,CT3,Criminal,Virtual,25,N,Y
HRG-02578,2025-04-18,CT3,Criminal,In-person,32,N,N
HRG-02579,2025-04-21,CT1,Family,In-person,25,N,N
HRG-02580,2025-04-21,CT1,Commercial,In-person,51,N,N
HRG-02581,2025-04-21,CT1,Family,Virtual,37,N,N
HRG-02582,2025-04-21,CT1,Civil,Virtual,26,N,N
HRG-02583,2025-04-21,CT1,Civil,In-person,50,N,N
HRG-02584,2025-04-21,CT1,Civil,In-person,42,N,N
HRG-02585,2025-04-21,CT1,Commercial,In-person,57,Y,N
HRG-02586,2025-04-21,CT1,Criminal,In-person,46,N,N
HRG-02587,2025-04-21,CT1,Appeal,In-person,57,N,N
HRG-02588,2025-04-21,CT1,Civil,Virtual,53,N,N
HRG-02589,2025-04-21,CT1,Appeal,Virtual,40,N,N
HRG-02590,2025-04-21,CT1,Civil,In-person,43,N,N
HRG-02591,2025-04-21,CT1,Civil,In-person,44,Y,N
HRG-02592,2025-04-21,CT2,Civil,In-person,60,N,N
HRG-02593,2025-04-21,CT2,Commercial,In-person,24,Y,N
HRG-02594,2025-04-21,CT2,Civil,In-person,44,N,N
HRG-02595,2025-04-21,CT2,Appeal,In-person,34,N,N
HRG-02596,2025-04-21,CT2,Criminal,In-person,32,N,N
HRG-02597,2025-04-21,CT2,Appeal,In-person,53,N,N
HRG-02598,2025-04-21,CT2,Civil,In-person,21,N,N
HRG-02599,2025-04-21,CT2,Commercial,In-person,38,N,N
HRG-02600,2025-04-21,CT2,Family,In-person,29,N,N
HRG-02601,2025-04-21,CT3,Criminal,In-person,62,N,N
HRG-02602,2025-04-21,CT3,Civil,In-person,42,N,N
HRG-02603,2025-04-21,CT3,Family,In-person,46,Y,N
HRG-02604,2025-04-21,CT3,Commercial,In-person,46,N,N
HRG-02605,2025-04-21,CT3,Civil,In-person,42,N,N
HRG-02606,2025-04-21,CT3,Criminal,In-person,76,N,N
HRG-02607,2025-04-21,CT3,Appeal,In-person,63,N,N
HRG-02608,2025-04-22,CT1,Criminal,In-person,42,N,N
HRG-02609,2025-04-22,CT1,Appeal,In-person,46,N,N
HRG-02610,2025-04-22,CT1,Civil,In-person,48,N,N
HRG-02611,2025-04-22,CT1,Civil,In-person,40,N,N
HRG-02612,2025-04-22,CT1,Commercial,In-person,38,N,N
HRG-02613,2025-04-22,CT1,Criminal,In-person,49,Y,N
HRG-02614,2025-04-22,CT1,Civil,In-person,56,N,N
HRG-02615,2025-04-22,CT1,Appeal,In-person,50,N,N
HRG-02616,2025-04-22,CT1,Commercial,In-person,27,N,N
HRG-02617,2025-04-22,CT1,Civil,Virtual,29,N,N
HRG-02618,2025-04-22,CT1,Appeal,In-person,62,N,N
HRG-02619,2025-04-22,CT1,Appeal,Virtual,39,N,Y
HRG-02620,2025-04-22,CT1,Civil,In-person,43,N,N
HRG-02621,2025-04-22,CT2,Criminal,In-person,51,Y,N
HRG-02622,2025-04-22,CT2,Commercial,In-person,47,N,N
HRG-02623,2025-04-22,CT2,Family,In-person,17,N,N
HRG-02624,2025-04-22,CT2,Criminal,In-person,43,N,N
HRG-02625,2025-04-22,CT2,Civil,In-person,64,N,N
HRG-02626,2025-04-22,CT2,Civil,Virtual,51,Y,N
HRG-02627,2025-04-22,CT2,Civil,In-person,28,N,N
HRG-02628,2025-04-22,CT2,Criminal,In-person,51,N,N
HRG-02629,2025-04-22,CT3,Family,In-person,29,N,N
HRG-02630,2025-04-22,CT3,Criminal,In-person,40,Y,N
HRG-02631,2025-04-22,CT3,Family,In-person,54,N,N
HRG-02632,2025-04-22,CT3,Criminal,In-person,30,N,N
HRG-02633,2025-04-22,CT3,Civil,In-person,37,N,N
HRG-02634,2025-04-22,CT3,Criminal,In-person,53,Y,N
HRG-02635,2025-04-22,CT3,Commercial,In-person,54,Y,N
HRG-02636,2025-04-22,CT3,Criminal,In-person,47,N,N
HRG-02637,2025-04-22,CT3,Family,In-person,75,N,N
HRG-02638,2025-04-22,CT3,Civil,In-person,55,Y,N
HRG-02639,2025-04-22,CT3,Criminal,In-person,43,Y,N
HRG-02640,2025-04-22,CT3,Criminal,In-person,101,N,N
HRG-02641,2025-04-22,CT3,Civil,In-person,51,N,N
HRG-02642,2025-04-22,CT3,Appeal,In-person,53,Y,N
HRG-02643,2025-04-23,CT1,Family,In-person,77,N,N
HRG-02644,2025-04-23,CT1,Civil,In-person,48,N,N
HRG-02645,2025-04-23,CT1,Criminal,In-person,53,Y,N
HRG-02646,2025-04-23,CT1,Civil,Virtual,18,N,N
HRG-02647,2025-04-23,CT1,Civil,Virtual,50,N,N
HRG-02648,2025-04-23,CT1,Commercial,In-person,87,N,N
HRG-02649,2025-04-23,CT1,Commercial,In-person,36,N,N
HRG-02650,2025-04-23,CT1,Family,In-person,49,N,N
HRG-02651,2025-04-23,CT1,Family,In-person,48,N,N
HRG-02652,2025-04-23,CT1,Criminal,In-person,37,N,N
HRG-02653,2025-04-23,CT1,Commercial,In-person,49,N,N
HRG-02654,2025-04-23,CT1,Civil,In-person,43,N,N
HRG-02655,2025-04-23,CT1,Civil,In-person,42,Y,N
HRG-02656,2025-04-23,CT2,Appeal,In-person,58,N,N
HRG-02657,2025-04-23,CT2,Family,In-person,35,Y,N
HRG-02658,2025-04-23,CT2,Civil,In-person,56,N,N
HRG-02659,2025-04-23,CT2,Commercial,In-person,34,Y,N
HRG-02660,2025-04-23,CT2,Criminal,In-person,16,Y,N
HRG-02661,2025-04-23,CT2,Family,In-person,33,N,N
HRG-02662,2025-04-23,CT2,Family,In-person,49,Y,N
HRG-02663,2025-04-23,CT2,Appeal,Virtual,46,Y,Y
HRG-02664,2025-04-23,CT2,Criminal,In-person,41,Y,N
HRG-02665,2025-04-23,CT2,Commercial,In-person,43,Y,N
HRG-02666,2025-04-23,CT3,Commercial,In-person,50,N,N
HRG-02667,2025-04-23,CT3,Civil,In-person,31,Y,N
HRG-02668,2025-04-23,CT3,Commercial,In-person,34,N,N
HRG-02669,2025-04-23,CT3,Civil,In-person,54,N,N
HRG-02670,2025-04-23,CT3,Criminal,In-person,49,N,N
HRG-02671,2025-04-23,CT3,Commercial,In-person,36,N,N
HRG-02672,2025-04-23,CT3,Commercial,In-person,42,N,N
HRG-02673,2025-04-23,CT3,Commercial,In-person,18,N,N
HRG-02674,2025-04-23,CT3,Civil,In-person,36,N,N
HRG-02675,2025-04-23,CT3,Civil,In-person,22,N,N
HRG-02676,2025-04-23,CT3,Criminal,In-person,53,N,N
HRG-02677,2025-04-24,CT1,Civil,In-person,29,Y,N
HRG-02678,2025-04-24,CT1,Appeal,In-person,43,N,N
HRG-02679,2025-04-24,CT1,Civil,In-person,57,N,N
HRG-02680,2025-04-24,CT1,Civil,In-person,56,N,N
HRG-02681,2025-04-24,CT1,Family,In-person,60,N,N
HRG-02682,2025-04-24,CT1,Civil,In-person,37,Y,N
HRG-02683,2025-04-24,CT1,Criminal,In-person,49,N,N
HRG-02684,2025-04-24,CT1,Appeal,In-person,46,N,N
HRG-02685,2025-04-24,CT1,Criminal,Hybrid,54,N,N
HRG-02686,2025-04-24,CT1,Commercial,In-person,59,N,N
HRG-02687,2025-04-24,CT1,Commercial,In-person,39,N,N
HRG-02688,2025-04-24,CT1,Civil,In-person,32,N,N
HRG-02689,2025-04-24,CT1,Family,In-person,66,Y,N
HRG-02690,2025-04-24,CT1,Appeal,In-person,53,Y,N
HRG-02691,2025-04-24,CT1,Criminal,In-person,51,N,N
HRG-02692,2025-04-24,CT1,Commercial,In-person,46,N,N
HRG-02693,2025-04-24,CT1,Family,In-person,61,N,N
HRG-02694,2025-04-24,CT1,Civil,Virtual,49,N,N
HRG-02695,2025-04-24,CT2,Commercial,In-person,32,N,N
HRG-02696,2025-04-24,CT2,Appeal,In-person,38,N,N
HRG-02697,2025-04-24,CT2,Civil,In-person,21,N,N
HRG-02698,2025-04-24,CT2,Civil,Virtual,43,N,N
HRG-02699,2025-04-24,CT2,Civil,In-person,57,Y,N
HRG-02700,2025-04-24,CT2,Civil,In-person,73,N,N
HRG-02701,2025-04-24,CT2,Civil,Virtual,65,N,N
HRG-02702,2025-04-24,CT2,Civil,In-person,52,Y,N
HRG-02703,2025-04-24,CT3,Criminal,In-person,70,N,N
HRG-02704,2025-04-24,CT3,Criminal,In-person,33,Y,N
HRG-02705,2025-04-24,CT3,Commercial,In-person,56,N,N
HRG-02706,2025-04-24,CT3,Criminal,In-person,35,Y,N
HRG-02707,2025-04-24,CT3,Civil,In-person,52,N,N
HRG-02708,2025-04-24,CT3,Civil,In-person,38,Y,N
HRG-02709,2025-04-24,CT3,Family,In-person,15,N,N
HRG-02710,2025-04-24,CT3,Civil,In-person,80,N,N
HRG-02711,2025-04-24,CT3,Commercial,In-person,57,N,N
HRG-02712,2025-04-24,CT3,Civil,In-person,16,N,N
HRG-02713,2025-04-24,CT3,Civil,In-person,53,N,N
HRG-02714,2025-04-25,CT1,Civil,In-person,71,N,N
HRG-02715,2025-04-25,CT1,Civil,In-person,50,Y,N
HRG-02716,2025-04-25,CT1,Family,In-person,42,N,N
HRG-02717,2025-04-25,CT1,Criminal,In-person,45,N,N
HRG-02718,2025-04-25,CT1,Criminal,In-person,21,N,N
HRG-02719,2025-04-25,CT1,Civil,In-person,52,N,N
HRG-02720,2025-04-25,CT1,Criminal,In-person,70,N,N
HRG-02721,2025-04-25,CT1,Civil,In-person,68,N,N
HRG-02722,2025-04-25,CT1,Civil,Virtual,46,Y,N
HRG-02723,2025-04-25,CT1,Civil,In-person,51,N,N
HRG-02724,2025-04-25,CT1,Family,In-person,39,N,N
HRG-02725,2025-04-25,CT1,Civil,In-person,50,N,N
HRG-02726,2025-04-25,CT1,Civil,In-person,53,Y,N
HRG-02727,2025-04-25,CT2,Criminal,In-person,51,N,N
HRG-02728,2025-04-25,CT2,Criminal,In-person,36,N,N
HRG-02729,2025-04-25,CT2,Commercial,In-person,50,N,N
HRG-02730,2025-04-25,CT2,Criminal,In-person,51,N,N
HRG-02731,2025-04-25,CT2,Criminal,Virtual,38,N,N
HRG-02732,2025-04-25,CT2,Commercial,Virtual,40,N,N
HRG-02733,2025-04-25,CT2,Civil,In-person,56,Y,N
HRG-02734,2025-04-25,CT2,Family,In-person,54,N,N
HRG-02735,2025-04-25,CT2,Criminal,In-person,33,N,N
HRG-02736,2025-04-25,CT2,Civil,Hybrid,59,N,N
HRG-02737,2025-04-25,CT3,Criminal,In-person,60,N,N
HRG-02738,2025-04-25,CT3,Civil,In-person,26,N,N
HRG-02739,2025-04-25,CT3,Criminal,In-person,69,N,N
HRG-02740,2025-04-25,CT3,Appeal,In-person,60,N,N
HRG-02741,2025-04-25,CT3,Civil,In-person,33,N,N
HRG-02742,2025-04-25,CT3,Civil,In-person,43,N,N
HRG-02743,2025-04-25,CT3,Appeal,In-person,47,N,N
HRG-02744,2025-04-25,CT3,Family,In-person,42,N,N
HRG-02745,2025-04-25,CT3,Criminal,In-person,61,N,N
HRG-02746,2025-04-25,CT3,Family,In-person,41,N,N
HRG-02747,2025-04-25,CT3,Criminal,In-person,43,N,N
HRG-02748,2025-04-25,CT3,Civil,In-person,32,Y,N
HRG-02749,2025-04-28,CT1,Civil,In-person,24,N,N
HRG-02750,2025-04-28,CT1,Civil,In-person,47,N,N
HRG-02751,2025-04-28,CT1,Criminal,In-person,44,N,N
HRG-02752,2025-04-28,CT1,Commercial,In-person,43,N,N
HRG-02753,2025-04-28,CT1,Civil,In-person,67,N,N
HRG-02754,2025-04-28,CT1,Commercial,In-person,39,Y,N
HRG-02755,2025-04-28,CT1,Criminal,Virtual,56,N,N
HRG-02756,2025-04-28,CT1,Family,In-person,70,N,N
HRG-02757,2025-04-28,CT1,Commercial,Hybrid,56,N,Y
HRG-02758,2025-04-28,CT1,Civil,In-person,30,N,N
HRG-02759,2025-04-28,CT1,Civil,Hybrid,49,N,N
HRG-02760,2025-04-28,CT1,Appeal,In-person,59,Y,N
HRG-02761,2025-04-28,CT1,Family,Virtual,13,N,Y
HRG-02762,2025-04-28,CT1,Commercial,In-person,64,N,N
HRG-02763,2025-04-28,CT1,Family,In-person,51,N,N
HRG-02764,2025-04-28,CT2,Family,Hybrid,27,N,N
HRG-02765,2025-04-28,CT2,Commercial,In-person,55,Y,N
HRG-02766,2025-04-28,CT2,Civil,In-person,48,Y,N
HRG-02767,2025-04-28,CT2,Civil,In-person,52,Y,N
HRG-02768,2025-04-28,CT2,Criminal,In-person,55,N,N
HRG-02769,2025-04-28,CT2,Criminal,In-person,43,N,N
HRG-02770,2025-04-28,CT2,Commercial,Virtual,53,N,N
HRG-02771,2025-04-28,CT2,Criminal,Hybrid,56,N,N
HRG-02772,2025-04-28,CT3,Commercial,In-person,66,N,N
HRG-02773,2025-04-28,CT3,Commercial,In-person,49,N,N
HRG-02774,2025-04-28,CT3,Civil,In-person,51,N,N
HRG-02775,2025-04-28,CT3,Criminal,In-person,61,Y,N
HRG-02776,2025-04-28,CT3,Family,In-person,30,Y,N
HRG-02777,2025-04-28,CT3,Commercial,In-person,36,N,N
HRG-02778,2025-04-28,CT3,Criminal,In-person,21,N,N
HRG-02779,2025-04-28,CT3,Criminal,In-person,62,N,N
HRG-02780,2025-04-28,CT3,Civil,In-person,49,N,N
HRG-02781,2025-04-28,CT3,Family,In-person,35,N,N
HRG-02782,2025-04-28,CT3,Commercial,In-person,22,N,N
HRG-02783,2025-04-29,CT1,Commercial,Hybrid,53,Y,Y
HRG-02784,2025-04-29,CT1,Family,In-person,48,N,N
HRG-02785,2025-04-29,CT1,Appeal,In-person,64,N,N
HRG-02786,2025-04-29,CT1,Appeal,In-person,20,N,N
HRG-02787,2025-04-29,CT1,Civil,In-person,50,N,N
HRG-02788,2025-04-29,CT1,Criminal,In-person,46,Y,N
HRG-02789,2025-04-29,CT1,Appeal,In-person,36,N,N
HRG-02790,2025-04-29,CT1,Civil,In-person,67,N,N
HRG-02791,2025-04-29,CT1,Civil,Hybrid,42,Y,N
HRG-02792,2025-04-29,CT1,Civil,In-person,70,Y,N
HRG-02793,2025-04-29,CT1,Family,Hybrid,35,N,N
HRG-02794,2025-04-29,CT1,Civil,In-person,30,N,N
HRG-02795,2025-04-29,CT1,Commercial,In-person,49,N,N
HRG-02796,2025-04-29,CT2,Commercial,In-person,51,N,N
HRG-02797,2025-04-29,CT2,Civil,In-person,46,N,N
HRG-02798,2025-04-29,CT2,Civil,In-person,43,N,N
HRG-02799,2025-04-29,CT2,Civil,In-person,45,Y,N
HRG-02800,2025-04-29,CT2,Family,In-person,35,N,N
HRG-02801,2025-04-29,CT2,Civil,Virtual,16,Y,Y
HRG-02802,2025-04-29,CT2,Civil,In-person,42,Y,N
HRG-02803,2025-04-29,CT2,Criminal,In-person,55,Y,N
HRG-02804,2025-04-29,CT2,Commercial,Virtual,48,N,N
HRG-02805,2025-04-29,CT2,Criminal,Virtual,48,N,N
HRG-02806,2025-04-29,CT2,Appeal,In-person,51,N,N
HRG-02807,2025-04-29,CT3,Appeal,In-person,44,N,N
HRG-02808,2025-04-29,CT3,Commercial,In-person,40,Y,N
HRG-02809,2025-04-29,CT3,Criminal,In-person,70,N,N
HRG-02810,2025-04-29,CT3,Criminal,In-person,25,N,N
HRG-02811,2025-04-29,CT3,Civil,In-person,27,N,N
HRG-02812,2025-04-29,CT3,Commercial,In-person,50,N,N
HRG-02813,2025-04-29,CT3,Family,In-person,41,N,N
HRG-02814,2025-04-29,CT3,Criminal,In-person,67,Y,N
HRG-02815,2025-04-29,CT3,Criminal,In-person,68,N,N
HRG-02816,2025-04-29,CT3,Criminal,In-person,45,N,N
HRG-02817,2025-04-29,CT3,Criminal,In-person,59,Y,N
HRG-02818,2025-04-29,CT3,Criminal,In-person,52,N,N
HRG-02819,2025-04-29,CT3,Criminal,In-person,30,Y,N
HRG-02820,2025-04-29,CT3,Civil,In-person,56,N,N
HRG-02821,2025-04-30,CT1,Criminal,In-person,25,N,N
HRG-02822,2025-04-30,CT1,Civil,In-person,35,N,N
HRG-02823,2025-04-30,CT1,Criminal,In-person,59,N,N
HRG-02824,2025-04-30,CT1,Civil,Virtual,32,Y,N
HRG-02825,2025-04-30,CT1,Criminal,In-person,58,N,N
HRG-02826,2025-04-30,CT1,Family,In-person,45,Y,N
HRG-02827,2025-04-30,CT1,Commercial,In-person,44,N,N
HRG-02828,2025-04-30,CT1,Criminal,In-person,35,Y,N
HRG-02829,2025-04-30,CT1,Commercial,In-person,46,N,N
HRG-02830,2025-04-30,CT1,Civil,Virtual,58,N,N
HRG-02831,2025-04-30,CT2,Civil,Virtual,48,N,N
HRG-02832,2025-04-30,CT2,Civil,In-person,10,N,N
HRG-02833,2025-04-30,CT2,Civil,In-person,14,N,N
HRG-02834,2025-04-30,CT2,Civil,In-person,38,N,N
HRG-02835,2025-04-30,CT2,Criminal,In-person,59,Y,N
HRG-02836,2025-04-30,CT2,Civil,In-person,52,N,N
HRG-02837,2025-04-30,CT2,Civil,In-person,47,N,N
HRG-02838,2025-04-30,CT2,Family,In-person,51,N,N
HRG-02839,2025-04-30,CT2,Civil,Virtual,62,Y,N
HRG-02840,2025-04-30,CT2,Commercial,In-person,35,N,N
HRG-02841,2025-04-30,CT2,Civil,In-person,67,Y,N
HRG-02842,2025-04-30,CT2,Criminal,In-person,44,N,N
HRG-02843,2025-04-30,CT3,Civil,In-person,53,Y,N
HRG-02844,2025-04-30,CT3,Family,In-person,44,Y,N
HRG-02845,2025-04-30,CT3,Civil,In-person,52,N,N
HRG-02846,2025-04-30,CT3,Civil,In-person,44,N,N
HRG-02847,2025-04-30,CT3,Appeal,In-person,45,N,N
HRG-02848,2025-04-30,CT3,Family,In-person,64,N,N
HRG-02849,2025-04-30,CT3,Commercial,In-person,72,N,N
HRG-02850,2025-04-30,CT3,Criminal,In-person,57,N,N
HRG-02851,2025-04-30,CT3,Commercial,In-person,62,N,N
HRG-02852,2025-04-30,CT3,Family,In-person,29,Y,N
HRG-02853,2025-04-30,CT3,Family,In-person,68,Y,N
HRG-02854,2025-04-30,CT3,Criminal,In-person,48,N,N
HRG-02855,2025-05-01,CT1,Civil,In-person,26,N,N
HRG-02856,2025-05-01,CT1,Criminal,Hybrid,22,Y,N
HRG-02857,2025-05-01,CT1,Criminal,In-person,64,Y,N
HRG-02858,2025-05-01,CT1,Family,In-person,49,N,N
HRG-02859,2025-05-01,CT1,Criminal,In-person,39,N,N
HRG-02860,2025-05-01,CT1,Family,In-person,34,N,N
HRG-02861,2025-05-01,CT1,Criminal,In-person,40,N,N
HRG-02862,2025-05-01,CT1,Family,In-person,75,Y,N
HRG-02863,2025-05-01,CT1,Family,In-person,32,N,N
HRG-02864,2025-05-01,CT1,Appeal,Virtual,44,N,N
HRG-02865,2025-05-01,CT1,Family,In-person,43,N,N
HRG-02866,2025-05-01,CT1,Appeal,In-person,62,N,N
HRG-02867,2025-05-01,CT1,Civil,In-person,36,Y,N
HRG-02868,2025-05-01,CT1,Criminal,In-person,76,N,N
HRG-02869,2025-05-01,CT1,Commercial,In-person,45,N,N
HRG-02870,2025-05-01,CT1,Criminal,In-person,59,N,N
HRG-02871,2025-05-01,CT2,Appeal,In-person,20,N,N
HRG-02872,2025-05-01,CT2,Commercial,In-person,55,N,N
HRG-02873,2025-05-01,CT2,Civil,In-person,88,N,N
HRG-02874,2025-05-01,CT2,Commercial,In-person,47,N,N
HRG-02875,2025-05-01,CT2,Appeal,In-person,68,N,N
HRG-02876,2025-05-01,CT2,Appeal,In-person,26,N,N
HRG-02877,2025-05-01,CT2,Family,Virtual,36,N,N
HRG-02878,2025-05-01,CT2,Civil,In-person,44,N,N
HRG-02879,2025-05-01,CT2,Civil,In-person,47,Y,N
HRG-02880,2025-05-01,CT2,Commercial,In-person,43,Y,N
HRG-02881,2025-05-01,CT3,Appeal,In-person,74,Y,N
HRG-02882,2025-05-01,CT3,Civil,In-person,50,Y,N
HRG-02883,2025-05-01,CT3,Civil,In-person,47,N,N
HRG-02884,2025-05-01,CT3,Family,In-person,47,Y,N
HRG-02885,2025-05-01,CT3,Commercial,In-person,60,N,N
HRG-02886,2025-05-01,CT3,Commercial,In-person,55,Y,N
HRG-02887,2025-05-01,CT3,Civil,In-person,75,N,N
HRG-02888,2025-05-01,CT3,Civil,In-person,60,N,N
HRG-02889,2025-05-01,CT3,Civil,In-person,51,N,N
HRG-02890,2025-05-01,CT3,Appeal,In-person,37,Y,N
HRG-02891,2025-05-02,CT1,Family,In-person,68,Y,N
HRG-02892,2025-05-02,CT1,Criminal,In-person,31,N,N
HRG-02893,2025-05-02,CT1,Civil,In-person,64,N,N
HRG-02894,2025-05-02,CT1,Criminal,In-person,47,N,N
HRG-02895,2025-05-02,CT1,Family,In-person,63,Y,N
HRG-02896,2025-05-02,CT1,Commercial,In-person,63,N,N
HRG-02897,2025-05-02,CT1,Civil,In-person,28,Y,N
HRG-02898,2025-05-02,CT1,Commercial,In-person,54,N,N
HRG-02899,2025-05-02,CT1,Appeal,In-person,31,N,N
HRG-02900,2025-05-02,CT1,Criminal,In-person,46,N,N
HRG-02901,2025-05-02,CT1,Commercial,In-person,43,N,N
HRG-02902,2025-05-02,CT1,Family,In-person,53,N,N
HRG-02903,2025-05-02,CT1,Commercial,In-person,40,N,N
HRG-02904,2025-05-02,CT2,Criminal,In-person,34,Y,N
HRG-02905,2025-05-02,CT2,Criminal,In-person,68,N,N
HRG-02906,2025-05-02,CT2,Commercial,In-person,47,Y,N
HRG-02907,2025-05-02,CT2,Commercial,In-person,32,N,N
HRG-02908,2025-05-02,CT2,Civil,In-person,24,N,N
HRG-02909,2025-05-02,CT2,Civil,In-person,49,N,N
HRG-02910,2025-05-02,CT2,Family,In-person,41,N,N
HRG-02911,2025-05-02,CT2,Civil,In-person,61,N,N
HRG-02912,2025-05-02,CT3,Appeal,In-person,53,N,N
HRG-02913,2025-05-02,CT3,Family,In-person,49,Y,N
HRG-02914,2025-05-02,CT3,Appeal,In-person,48,N,N
HRG-02915,2025-05-02,CT3,Family,In-person,43,N,N
HRG-02916,2025-05-02,CT3,Criminal,In-person,33,N,N
HRG-02917,2025-05-02,CT3,Commercial,In-person,48,N,N
HRG-02918,2025-05-02,CT3,Civil,In-person,62,N,N
HRG-02919,2025-05-02,CT3,Civil,In-person,47,N,N
HRG-02920,2025-05-02,CT3,Commercial,In-person,68,N,N
HRG-02921,2025-05-02,CT3,Civil,In-person,59,Y,N
HRG-02922,2025-05-02,CT3,Criminal,Virtual,35,N,N
HRG-02923,2025-05-02,CT3,Civil,In-person,53,N,N
HRG-02924,2025-05-02,CT3,Criminal,In-person,83,Y,N
HRG-02925,2025-05-05,CT1,Commercial,In-person,50,Y,N
HRG-02926,2025-05-05,CT1,Appeal,Hybrid,23,N,N
HRG-02927,2025-05-05,CT1,Criminal,In-person,56,N,N
HRG-02928,2025-05-05,CT1,Family,Virtual,47,N,N
HRG-02929,2025-05-05,CT1,Criminal,In-person,47,N,N
HRG-02930,2025-05-05,CT1,Family,In-person,65,Y,N
HRG-02931,2025-05-05,CT1,Civil,In-person,46,Y,N
HRG-02932,2025-05-05,CT1,Criminal,In-person,30,N,N
HRG-02933,2025-05-05,CT1,Civil,In-person,46,N,N
HRG-02934,2025-05-05,CT1,Appeal,In-person,41,N,N
HRG-02935,2025-05-05,CT1,Civil,In-person,34,N,N
HRG-02936,2025-05-05,CT1,Criminal,In-person,52,N,N
HRG-02937,2025-05-05,CT1,Civil,In-person,39,Y,N
HRG-02938,2025-05-05,CT1,Commercial,In-person,54,N,N
HRG-02939,2025-05-05,CT2,Civil,In-person,53,Y,N
HRG-02940,2025-05-05,CT2,Civil,In-person,65,N,N
HRG-02941,2025-05-05,CT2,Civil,In-person,53,N,N
HRG-02942,2025-05-05,CT2,Appeal,In-person,47,N,N
HRG-02943,2025-05-05,CT2,Appeal,In-person,25,N,N
HRG-02944,2025-05-05,CT2,Criminal,In-person,16,Y,N
HRG-02945,2025-05-05,CT3,Criminal,In-person,64,N,N
HRG-02946,2025-05-05,CT3,Civil,In-person,69,N,N
HRG-02947,2025-05-05,CT3,Criminal,In-person,68,N,N
HRG-02948,2025-05-05,CT3,Civil,In-person,33,N,N
HRG-02949,2025-05-05,CT3,Family,In-person,41,N,N
HRG-02950,2025-05-05,CT3,Family,In-person,50,N,N
HRG-02951,2025-05-05,CT3,Commercial,In-person,58,N,N
HRG-02952,2025-05-05,CT3,Family,In-person,50,Y,N
HRG-02953,2025-05-05,CT3,Criminal,In-person,28,N,N
HRG-02954,2025-05-05,CT3,Criminal,In-person,58,N,N
HRG-02955,2025-05-06,CT1,Criminal,Hybrid,18,N,N
HRG-02956,2025-05-06,CT1,Family,In-person,34,N,N
HRG-02957,2025-05-06,CT1,Civil,In-person,58,N,N
HRG-02958,2025-05-06,CT1,Commercial,In-person,49,N,N
HRG-02959,2025-05-06,CT1,Civil,Hybrid,12,N,N
HRG-02960,2025-05-06,CT1,Civil,In-person,65,N,N
HRG-02961,2025-05-06,CT1,Commercial,Virtual,29,N,Y
HRG-02962,2025-05-06,CT1,Civil,Virtual,10,N,N
HRG-02963,2025-05-06,CT1,Commercial,In-person,37,Y,N
HRG-02964,2025-05-06,CT1,Criminal,Virtual,35,N,N
HRG-02965,2025-05-06,CT2,Commercial,Virtual,29,N,N
HRG-02966,2025-05-06,CT2,Civil,In-person,33,N,N
HRG-02967,2025-05-06,CT2,Civil,In-person,47,Y,N
HRG-02968,2025-05-06,CT2,Criminal,In-person,69,Y,N
HRG-02969,2025-05-06,CT2,Commercial,In-person,48,N,N
HRG-02970,2025-05-06,CT2,Criminal,In-person,41,N,N
HRG-02971,2025-05-06,CT2,Appeal,In-person,26,N,N
HRG-02972,2025-05-06,CT2,Civil,In-person,59,Y,N
HRG-02973,2025-05-06,CT3,Civil,In-person,62,N,N
HRG-02974,2025-05-06,CT3,Commercial,In-person,89,Y,N
HRG-02975,2025-05-06,CT3,Criminal,In-person,11,N,N
HRG-02976,2025-05-06,CT3,Civil,In-person,68,N,N
HRG-02977,2025-05-06,CT3,Criminal,In-person,33,N,N
HRG-02978,2025-05-06,CT3,Appeal,In-person,55,N,N
HRG-02979,2025-05-06,CT3,Criminal,In-person,32,N,N
HRG-02980,2025-05-06,CT3,Civil,In-person,51,N,N
HRG-02981,2025-05-06,CT3,Commercial,In-person,67,N,N
HRG-02982,2025-05-06,CT3,Criminal,In-person,29,N,N
HRG-02983,2025-05-07,CT1,Family,In-person,25,N,N
HRG-02984,2025-05-07,CT1,Appeal,In-person,51,Y,N
HRG-02985,2025-05-07,CT1,Criminal,In-person,48,Y,N
HRG-02986,2025-05-07,CT1,Commercial,In-person,50,N,N
HRG-02987,2025-05-07,CT1,Family,In-person,62,N,N
HRG-02988,2025-05-07,CT1,Criminal,In-person,54,Y,N
HRG-02989,2025-05-07,CT1,Appeal,In-person,35,N,N
HRG-02990,2025-05-07,CT1,Commercial,In-person,34,Y,N
HRG-02991,2025-05-07,CT1,Appeal,In-person,56,N,N
HRG-02992,2025-05-07,CT1,Criminal,In-person,63,Y,N
HRG-02993,2025-05-07,CT1,Criminal,Hybrid,19,N,N
HRG-02994,2025-05-07,CT1,Criminal,In-person,39,Y,N
HRG-02995,2025-05-07,CT1,Commercial,In-person,54,N,N
HRG-02996,2025-05-07,CT1,Civil,In-person,44,Y,N
HRG-02997,2025-05-07,CT1,Criminal,Virtual,47,N,N
HRG-02998,2025-05-07,CT1,Criminal,Hybrid,23,N,N
HRG-02999,2025-05-07,CT2,Family,In-person,38,N,N
HRG-03000,2025-05-07,CT2,Family,Virtual,24,N,N
HRG-03001,2025-05-07,CT2,Criminal,In-person,40,Y,N
HRG-03002,2025-05-07,CT2,Commercial,In-person,49,N,N
HRG-03003,2025-05-07,CT2,Criminal,In-person,39,N,N
HRG-03004,2025-05-07,CT2,Commercial,In-person,43,Y,N
HRG-03005,2025-05-07,CT2,Commercial,In-person,29,N,N
HRG-03006,2025-05-07,CT2,Civil,In-person,53,N,N
HRG-03007,2025-05-07,CT2,Commercial,In-person,10,N,N
HRG-03008,2025-05-07,CT3,Civil,In-person,12,Y,N
HRG-03009,2025-05-07,CT3,Civil,In-person,55,N,N
HRG-03010,2025-05-07,CT3,Civil,In-person,45,N,N
HRG-03011,2025-05-07,CT3,Criminal,Virtual,37,N,N
HRG-03012,2025-05-07,CT3,Appeal,In-person,58,N,N
HRG-03013,2025-05-07,CT3,Commercial,In-person,89,N,N
HRG-03014,2025-05-07,CT3,Civil,In-person,35,Y,N
HRG-03015,2025-05-07,CT3,Family,In-person,65,N,N
HRG-03016,2025-05-07,CT3,Civil,In-person,41,N,N
HRG-03017,2025-05-07,CT3,Commercial,In-person,61,N,N
HRG-03018,2025-05-07,CT3,Civil,In-person,22,N,N
HRG-03019,2025-05-07,CT3,Criminal,In-person,46,Y,N
HRG-03020,2025-05-08,CT1,Appeal,In-person,69,Y,N
HRG-03021,2025-05-08,CT1,Civil,In-person,60,Y,N
HRG-03022,2025-05-08,CT1,Appeal,In-person,58,Y,N
HRG-03023,2025-05-08,CT1,Commercial,Virtual,34,N,N
HRG-03024,2025-05-08,CT1,Appeal,In-person,38,N,N
HRG-03025,2025-05-08,CT1,Civil,In-person,46,N,N
HRG-03026,2025-05-08,CT1,Criminal,In-person,64,Y,N
HRG-03027,2025-05-08,CT1,Criminal,Virtual,34,N,N
HRG-03028,2025-05-08,CT1,Civil,In-person,54,N,N
HRG-03029,2025-05-08,CT1,Criminal,In-person,66,Y,N
HRG-03030,2025-05-08,CT1,Family,In-person,59,N,N
HRG-03031,2025-05-08,CT1,Commercial,In-person,43,N,N
HRG-03032,2025-05-08,CT1,Criminal,In-person,34,Y,N
HRG-03033,2025-05-08,CT1,Civil,In-person,49,N,N
HRG-03034,2025-05-08,CT1,Family,In-person,40,Y,N
HRG-03035,2025-05-08,CT2,Commercial,In-person,23,Y,N
HRG-03036,2025-05-08,CT2,Criminal,In-person,28,N,N
HRG-03037,2025-05-08,CT2,Family,In-person,51,N,N
HRG-03038,2025-05-08,CT2,Commercial,Virtual,37,N,N
HRG-03039,2025-05-08,CT2,Criminal,Hybrid,56,N,N
HRG-03040,2025-05-08,CT3,Family,In-person,73,N,N
HRG-03041,2025-05-08,CT3,Family,In-person,37,N,N
HRG-03042,2025-05-08,CT3,Family,Virtual,34,N,N
HRG-03043,2025-05-08,CT3,Criminal,In-person,17,N,N
HRG-03044,2025-05-08,CT3,Family,In-person,29,Y,N
HRG-03045,2025-05-08,CT3,Civil,In-person,16,Y,N
HRG-03046,2025-05-08,CT3,Civil,In-person,34,N,N
HRG-03047,2025-05-08,CT3,Criminal,In-person,43,N,N
HRG-03048,2025-05-08,CT3,Criminal,In-person,59,N,N
HRG-03049,2025-05-09,CT1,Civil,In-person,57,N,N
HRG-03050,2025-05-09,CT1,Civil,Virtual,54,N,N
HRG-03051,2025-05-09,CT1,Family,Virtual,61,Y,Y
HRG-03052,2025-05-09,CT1,Family,In-person,50,N,N
HRG-03053,2025-05-09,CT1,Commercial,In-person,43,N,N
HRG-03054,2025-05-09,CT1,Criminal,In-person,81,N,N
HRG-03055,2025-05-09,CT1,Criminal,Virtual,49,Y,N
HRG-03056,2025-05-09,CT1,Family,In-person,44,N,N
HRG-03057,2025-05-09,CT1,Civil,Hybrid,33,N,N
HRG-03058,2025-05-09,CT1,Civil,Virtual,39,N,N
HRG-03059,2025-05-09,CT1,Civil,Hybrid,25,N,Y
HRG-03060,2025-05-09,CT1,Criminal,Virtual,44,N,N
HRG-03061,2025-05-09,CT2,Civil,In-person,47,N,N
HRG-03062,2025-05-09,CT2,Civil,In-person,76,N,N
HRG-03063,2025-05-09,CT2,Commercial,In-person,65,N,N
HRG-03064,2025-05-09,CT2,Commercial,In-person,57,N,N
HRG-03065,2025-05-09,CT2,Family,In-person,46,N,N
HRG-03066,2025-05-09,CT2,Criminal,In-person,63,N,N
HRG-03067,2025-05-09,CT2,Family,Hybrid,57,N,N
HRG-03068,2025-05-09,CT2,Family,In-person,57,N,N
HRG-03069,2025-05-09,CT2,Family,In-person,39,N,N
HRG-03070,2025-05-09,CT2,Criminal,In-person,43,N,N
HRG-03071,2025-05-09,CT3,Appeal,In-person,65,N,N
HRG-03072,2025-05-09,CT3,Family,In-person,34,Y,N
HRG-03073,2025-05-09,CT3,Family,In-person,47,N,N
HRG-03074,2025-05-09,CT3,Civil,In-person,32,Y,N
HRG-03075,2025-05-09,CT3,Civil,In-person,42,Y,N
HRG-03076,2025-05-09,CT3,Criminal,In-person,46,N,N
HRG-03077,2025-05-09,CT3,Criminal,In-person,36,N,N
HRG-03078,2025-05-09,CT3,Civil,In-person,48,N,N
HRG-03079,2025-05-09,CT3,Appeal,In-person,67,N,N
HRG-03080,2025-05-09,CT3,Criminal,In-person,63,N,N
HRG-03081,2025-05-09,CT3,Civil,In-person,49,Y,N
HRG-03082,2025-05-09,CT3,Commercial,In-person,64,N,N
HRG-03083,2025-05-12,CT1,Appeal,In-person,58,Y,N
HRG-03084,2025-05-12,CT1,Family,In-person,50,N,N
HRG-03085,2025-05-12,CT1,Commercial,In-person,69,N,N
HRG-03086,2025-05-12,CT1,Appeal,Hybrid,54,N,Y
HRG-03087,2025-05-12,CT1,Family,Virtual,38,N,N
HRG-03088,2025-05-12,CT1,Civil,Virtual,65,N,N
HRG-03089,2025-05-12,CT1,Family,In-person,41,N,N
HRG-03090,2025-05-12,CT1,Family,In-person,36,N,N
HRG-03091,2025-05-12,CT1,Commercial,In-person,43,N,N
HRG-03092,2025-05-12,CT1,Commercial,Virtual,39,N,N
HRG-03093,2025-05-12,CT1,Civil,In-person,51,N,N
HRG-03094,2025-05-12,CT1,Family,In-person,68,N,N
HRG-03095,2025-05-12,CT1,Criminal,In-person,57,Y,N
HRG-03096,2025-05-12,CT1,Appeal,In-person,43,N,N
HRG-03097,2025-05-12,CT2,Criminal,In-person,85,N,N
HRG-03098,2025-05-12,CT2,Criminal,In-person,42,Y,N
HRG-03099,2025-05-12,CT2,Appeal,In-person,66,N,N
HRG-03100,2025-05-12,CT2,Commercial,In-person,54,N,N
HRG-03101,2025-05-12,CT2,Family,Hybrid,44,Y,N
HRG-03102,2025-05-12,CT2,Commercial,In-person,72,N,N
HRG-03103,2025-05-12,CT2,Civil,In-person,51,N,N
HRG-03104,2025-05-12,CT2,Civil,In-person,63,N,N
HRG-03105,2025-05-12,CT2,Commercial,In-person,50,N,N
HRG-03106,2025-05-12,CT2,Commercial,In-person,84,N,N
HRG-03107,2025-05-12,CT2,Civil,In-person,95,N,N
HRG-03108,2025-05-12,CT3,Criminal,In-person,51,N,N
HRG-03109,2025-05-12,CT3,Civil,In-person,35,Y,N
HRG-03110,2025-05-12,CT3,Commercial,In-person,49,N,N
HRG-03111,2025-05-12,CT3,Family,In-person,84,N,N
HRG-03112,2025-05-12,CT3,Appeal,In-person,43,N,N
HRG-03113,2025-05-12,CT3,Civil,In-person,34,Y,N
HRG-03114,2025-05-12,CT3,Criminal,In-person,24,N,N
HRG-03115,2025-05-12,CT3,Criminal,In-person,49,N,N
HRG-03116,2025-05-12,CT3,Civil,In-person,59,N,N
HRG-03117,2025-05-12,CT3,Civil,In-person,34,N,N
HRG-03118,2025-05-12,CT3,Family,In-person,50,N,N
HRG-03119,2025-05-13,CT1,Commercial,In-person,44,N,N
HRG-03120,2025-05-13,CT1,Civil,In-person,63,N,N
HRG-03121,2025-05-13,CT1,Criminal,In-person,67,N,N
HRG-03122,2025-05-13,CT1,Civil,In-person,33,Y,N
HRG-03123,2025-05-13,CT1,Criminal,In-person,31,N,N
HRG-03124,2025-05-13,CT1,Criminal,In-person,36,N,N
HRG-03125,2025-05-13,CT1,Civil,Virtual,51,N,N
HRG-03126,2025-05-13,CT1,Criminal,In-person,63,N,N
HRG-03127,2025-05-13,CT1,Commercial,In-person,43,N,N
HRG-03128,2025-05-13,CT1,Civil,In-person,27,N,N
HRG-03129,2025-05-13,CT1,Family,In-person,35,Y,N
HRG-03130,2025-05-13,CT1,Criminal,In-person,43,N,N
HRG-03131,2025-05-13,CT1,Commercial,In-person,53,N,N
HRG-03132,2025-05-13,CT1,Civil,Hybrid,43,Y,N
HRG-03133,2025-05-13,CT2,Criminal,In-person,43,N,N
HRG-03134,2025-05-13,CT2,Family,In-person,42,N,N
HRG-03135,2025-05-13,CT2,Criminal,In-person,51,N,N
HRG-03136,2025-05-13,CT2,Family,In-person,53,N,N
HRG-03137,2025-05-13,CT2,Family,In-person,25,N,N
HRG-03138,2025-05-13,CT2,Civil,In-person,42,Y,N
HRG-03139,2025-05-13,CT2,Family,In-person,54,Y,N
HRG-03140,2025-05-13,CT2,Commercial,In-person,39,N,N
HRG-03141,2025-05-13,CT2,Civil,In-person,51,N,N
HRG-03142,2025-05-13,CT2,Criminal,In-person,50,N,N
HRG-03143,2025-05-13,CT3,Criminal,In-person,64,Y,N
HRG-03144,2025-05-13,CT3,Criminal,In-person,66,N,N
HRG-03145,2025-05-13,CT3,Commercial,In-person,45,Y,N
HRG-03146,2025-05-13,CT3,Commercial,In-person,41,N,N
HRG-03147,2025-05-13,CT3,Civil,In-person,48,Y,N
HRG-03148,2025-05-13,CT3,Family,In-person,44,Y,N
HRG-03149,2025-05-13,CT3,Appeal,In-person,72,N,N
HRG-03150,2025-05-13,CT3,Civil,In-person,44,N,N
HRG-03151,2025-05-13,CT3,Criminal,In-person,49,N,N
HRG-03152,2025-05-13,CT3,Criminal,In-person,52,N,N
HRG-03153,2025-05-14,CT1,Criminal,In-person,36,N,N
HRG-03154,2025-05-14,CT1,Criminal,Virtual,46,N,Y
HRG-03155,2025-05-14,CT1,Civil,Virtual,54,N,Y
HRG-03156,2025-05-14,CT1,Family,In-person,18,N,N
HRG-03157,2025-05-14,CT1,Family,In-person,38,N,N
HRG-03158,2025-05-14,CT1,Civil,In-person,47,N,N
HRG-03159,2025-05-14,CT1,Criminal,In-person,45,N,N
HRG-03160,2025-05-14,CT1,Civil,In-person,71,N,N
HRG-03161,2025-05-14,CT1,Civil,In-person,47,N,N
HRG-03162,2025-05-14,CT1,Civil,Virtual,30,N,N
HRG-03163,2025-05-14,CT1,Civil,In-person,42,N,N
HRG-03164,2025-05-14,CT1,Appeal,In-person,40,N,N
HRG-03165,2025-05-14,CT1,Criminal,Virtual,43,Y,Y
HRG-03166,2025-05-14,CT1,Criminal,In-person,70,Y,N
HRG-03167,2025-05-14,CT1,Civil,In-person,58,N,N
HRG-03168,2025-05-14,CT1,Family,In-person,47,N,N
HRG-03169,2025-05-14,CT1,Family,In-person,60,N,N
HRG-03170,2025-05-14,CT2,Civil,In-person,46,N,N
HRG-03171,2025-05-14,CT2,Commercial,In-person,59,N,N
HRG-03172,2025-05-14,CT2,Criminal,In-person,19,Y,N
HRG-03173,2025-05-14,CT2,Criminal,In-person,26,N,N
HRG-03174,2025-05-14,CT2,Commercial,In-person,54,N,N
HRG-03175,2025-05-14,CT2,Civil,Hybrid,43,N,N
HRG-03176,2025-05-14,CT2,Criminal,In-person,75,N,N
HRG-03177,2025-05-14,CT3,Civil,In-person,81,N,N
HRG-03178,2025-05-14,CT3,Appeal,In-person,51,Y,N
HRG-03179,2025-05-14,CT3,Criminal,In-person,41,Y,N
HRG-03180,2025-05-14,CT3,Criminal,In-person,30,Y,N
HRG-03181,2025-05-14,CT3,Criminal,In-person,30,N,N
HRG-03182,2025-05-14,CT3,Appeal,In-person,47,N,N
HRG-03183,2025-05-14,CT3,Civil,In-person,81,N,N
HRG-03184,2025-05-14,CT3,Commercial,In-person,35,N,N
HRG-03185,2025-05-15,CT1,Appeal,Virtual,10,N,N
HRG-03186,2025-05-15,CT1,Criminal,Virtual,70,N,N
HRG-03187,2025-05-15,CT1,Criminal,In-person,54,N,N
HRG-03188,2025-05-15,CT1,Civil,Virtual,27,N,N
HRG-03189,2025-05-15,CT1,Family,In-person,32,N,N
HRG-03190,2025-05-15,CT1,Civil,In-person,34,Y,N
HRG-03191,2025-05-15,CT1,Family,In-person,43,N,N
HRG-03192,2025-05-15,CT1,Criminal,In-person,51,N,N
HRG-03193,2025-05-15,CT1,Commercial,In-person,84,N,N
HRG-03194,2025-05-15,CT1,Commercial,In-person,52,N,N
HRG-03195,2025-05-15,CT1,Commercial,Virtual,25,Y,Y
HRG-03196,2025-05-15,CT1,Criminal,In-person,37,N,N
HRG-03197,2025-05-15,CT2,Criminal,In-person,45,Y,N
HRG-03198,2025-05-15,CT2,Civil,In-person,52,N,N
HRG-03199,2025-05-15,CT2,Commercial,In-person,56,Y,N
HRG-03200,2025-05-15,CT2,Criminal,In-person,47,Y,N
HRG-03201,2025-05-15,CT2,Family,In-person,42,Y,N
HRG-03202,2025-05-15,CT2,Criminal,In-person,37,N,N
HRG-03203,2025-05-15,CT2,Criminal,In-person,55,Y,N
HRG-03204,2025-05-15,CT2,Criminal,In-person,41,N,N
HRG-03205,2025-05-15,CT2,Criminal,In-person,76,N,N
HRG-03206,2025-05-15,CT2,Civil,In-person,47,N,N
HRG-03207,2025-05-15,CT2,Civil,In-person,59,N,N
HRG-03208,2025-05-15,CT2,Family,Virtual,31,N,Y
HRG-03209,2025-05-15,CT2,Criminal,Virtual,35,N,N
HRG-03210,2025-05-15,CT3,Civil,In-person,63,N,N
HRG-03211,2025-05-15,CT3,Civil,Virtual,44,Y,Y
HRG-03212,2025-05-15,CT3,Criminal,In-person,54,N,N
HRG-03213,2025-05-15,CT3,Civil,In-person,35,Y,N
HRG-03214,2025-05-15,CT3,Civil,In-person,30,N,N
HRG-03215,2025-05-15,CT3,Civil,In-person,37,N,N
HRG-03216,2025-05-15,CT3,Criminal,In-person,19,N,N
HRG-03217,2025-05-15,CT3,Appeal,In-person,38,N,N
HRG-03218,2025-05-15,CT3,Civil,In-person,53,Y,N
HRG-03219,2025-05-16,CT1,Criminal,Virtual,51,Y,Y
HRG-03220,2025-05-16,CT1,Civil,In-person,72,N,N
HRG-03221,2025-05-16,CT1,Family,In-person,73,N,N
HRG-03222,2025-05-16,CT1,Family,In-person,75,N,N
HRG-03223,2025-05-16,CT1,Criminal,In-person,51,N,N
HRG-03224,2025-05-16,CT1,Criminal,Virtual,36,N,N
HRG-03225,2025-05-16,CT1,Commercial,In-person,68,Y,N
HRG-03226,2025-05-16,CT1,Commercial,In-person,55,N,N
HRG-03227,2025-05-16,CT1,Criminal,Virtual,39,N,Y
HRG-03228,2025-05-16,CT1,Civil,In-person,49,N,N
HRG-03229,2025-05-16,CT1,Criminal,Virtual,52,Y,Y
HRG-03230,2025-05-16,CT1,Criminal,Virtual,29,Y,N
HRG-03231,2025-05-16,CT1,Family,In-person,44,N,N
HRG-03232,2025-05-16,CT1,Civil,In-person,55,N,N
HRG-03233,2025-05-16,CT2,Family,Virtual,12,N,Y
HRG-03234,2025-05-16,CT2,Civil,In-person,58,N,N
HRG-03235,2025-05-16,CT2,Civil,Virtual,34,Y,Y
HRG-03236,2025-05-16,CT2,Civil,In-person,57,N,N
HRG-03237,2025-05-16,CT2,Criminal,In-person,55,N,N
HRG-03238,2025-05-16,CT2,Family,In-person,61,N,N
HRG-03239,2025-05-16,CT2,Family,Hybrid,28,N,Y
HRG-03240,2025-05-16,CT2,Criminal,In-person,58,Y,N
HRG-03241,2025-05-16,CT2,Civil,In-person,47,N,N
HRG-03242,2025-05-16,CT2,Appeal,In-person,54,N,N
HRG-03243,2025-05-16,CT3,Criminal,In-person,33,N,N
HRG-03244,2025-05-16,CT3,Civil,In-person,48,Y,N
HRG-03245,2025-05-16,CT3,Criminal,In-person,42,N,N
HRG-03246,2025-05-16,CT3,Criminal,In-person,61,Y,N
HRG-03247,2025-05-16,CT3,Civil,In-person,55,N,N
HRG-03248,2025-05-16,CT3,Criminal,In-person,64,Y,N
HRG-03249,2025-05-16,CT3,Civil,In-person,45,Y,N
HRG-03250,2025-05-16,CT3,Criminal,In-person,36,N,N
HRG-03251,2025-05-16,CT3,Commercial,In-person,77,N,N
HRG-03252,2025-05-16,CT3,Civil,In-person,55,N,N
HRG-03253,2025-05-19,CT1,Civil,Virtual,26,N,N
HRG-03254,2025-05-19,CT1,Civil,In-person,34,N,N
HRG-03255,2025-05-19,CT1,Appeal,In-person,80,Y,N
HRG-03256,2025-05-19,CT1,Civil,In-person,61,N,N
HRG-03257,2025-05-19,CT1,Criminal,In-person,49,N,N
HRG-03258,2025-05-19,CT1,Appeal,Hybrid,58,N,N
HRG-03259,2025-05-19,CT1,Civil,Virtual,29,Y,N
HRG-03260,2025-05-19,CT1,Civil,In-person,60,N,N
HRG-03261,2025-05-19,CT1,Criminal,In-person,53,Y,N
HRG-03262,2025-05-19,CT1,Appeal,In-person,73,N,N
HRG-03263,2025-05-19,CT1,Family,In-person,51,N,N
HRG-03264,2025-05-19,CT1,Civil,In-person,32,N,N
HRG-03265,2025-05-19,CT1,Civil,In-person,36,N,N
HRG-03266,2025-05-19,CT2,Commercial,In-person,61,N,N
HRG-03267,2025-05-19,CT2,Civil,In-person,44,Y,N
HRG-03268,2025-05-19,CT2,Criminal,In-person,74,N,N
HRG-03269,2025-05-19,CT2,Civil,In-person,55,Y,N
HRG-03270,2025-05-19,CT2,Criminal,In-person,48,N,N
HRG-03271,2025-05-19,CT2,Criminal,In-person,73,N,N
HRG-03272,2025-05-19,CT2,Criminal,In-person,59,N,N
HRG-03273,2025-05-19,CT2,Civil,Virtual,35,N,N
HRG-03274,2025-05-19,CT2,Family,In-person,39,Y,N
HRG-03275,2025-05-19,CT2,Criminal,Virtual,40,Y,N
HRG-03276,2025-05-19,CT3,Family,In-person,54,N,N
HRG-03277,2025-05-19,CT3,Commercial,In-person,54,Y,N
HRG-03278,2025-05-19,CT3,Appeal,In-person,35,N,N
HRG-03279,2025-05-19,CT3,Civil,In-person,10,N,N
HRG-03280,2025-05-19,CT3,Commercial,In-person,37,N,N
HRG-03281,2025-05-19,CT3,Criminal,In-person,30,N,N
HRG-03282,2025-05-19,CT3,Civil,In-person,40,Y,N
HRG-03283,2025-05-19,CT3,Family,In-person,70,Y,N
HRG-03284,2025-05-20,CT1,Family,Virtual,35,N,N
HRG-03285,2025-05-20,CT1,Commercial,In-person,32,N,N
HRG-03286,2025-05-20,CT1,Civil,Virtual,29,N,Y
HRG-03287,2025-05-20,CT1,Criminal,In-person,55,N,N
HRG-03288,2025-05-20,CT1,Commercial,In-person,31,N,N
HRG-03289,2025-05-20,CT1,Commercial,In-person,57,N,N
HRG-03290,2025-05-20,CT1,Civil,In-person,42,N,N
HRG-03291,2025-05-20,CT1,Commercial,In-person,68,Y,N
HRG-03292,2025-05-20,CT1,Criminal,In-person,68,N,N
HRG-03293,2025-05-20,CT1,Civil,In-person,28,N,N
HRG-03294,2025-05-20,CT1,Appeal,In-person,46,Y,N
HRG-03295,2025-05-20,CT2,Commercial,In-person,38,N,N
HRG-03296,2025-05-20,CT2,Commercial,In-person,69,N,N
HRG-03297,2025-05-20,CT2,Appeal,In-person,36,N,N
HRG-03298,2025-05-20,CT2,Commercial,In-person,42,Y,N
HRG-03299,2025-05-20,CT2,Civil,In-person,59,Y,N
HRG-03300,2025-05-20,CT2,Family,In-person,47,Y,N
HRG-03301,2025-05-20,CT2,Criminal,In-person,49,Y,N
HRG-03302,2025-05-20,CT2,Criminal,Virtual,46,N,N
HRG-03303,2025-05-20,CT3,Appeal,In-person,41,N,N
HRG-03304,2025-05-20,CT3,Criminal,In-person,62,Y,N
HRG-03305,2025-05-20,CT3,Criminal,In-person,57,N,N
HRG-03306,2025-05-20,CT3,Commercial,In-person,30,N,N
HRG-03307,2025-05-20,CT3,Family,In-person,65,Y,N
HRG-03308,2025-05-20,CT3,Criminal,In-person,46,N,N
HRG-03309,2025-05-20,CT3,Civil,In-person,39,N,N
HRG-03310,2025-05-20,CT3,Appeal,In-person,84,N,N
HRG-03311,2025-05-20,CT3,Civil,In-person,43,N,N
HRG-03312,2025-05-20,CT3,Civil,In-person,75,N,N
HRG-03313,2025-05-20,CT3,Civil,In-person,41,N,N
HRG-03314,2025-05-21,CT1,Civil,In-person,34,N,N
HRG-03315,2025-05-21,CT1,Criminal,Virtual,30,N,N
HRG-03316,2025-05-21,CT1,Commercial,Hybrid,56,N,N
HRG-03317,2025-05-21,CT1,Family,Virtual,43,N,Y
HRG-03318,2025-05-21,CT1,Criminal,In-person,37,N,N
HRG-03319,2025-05-21,CT1,Civil,In-person,43,N,N
HRG-03320,2025-05-21,CT1,Commercial,In-person,70,Y,N
HRG-03321,2025-05-21,CT1,Appeal,In-person,23,Y,N
HRG-03322,2025-05-21,CT1,Civil,In-person,32,Y,N
HRG-03323,2025-05-21,CT1,Civil,In-person,56,N,N
HRG-03324,2025-05-21,CT1,Appeal,In-person,52,N,N
HRG-03325,2025-05-21,CT1,Civil,In-person,41,N,N
HRG-03326,2025-05-21,CT2,Civil,In-person,57,N,N
HRG-03327,2025-05-21,CT2,Criminal,In-person,22,N,N
HRG-03328,2025-05-21,CT2,Civil,In-person,53,N,N
HRG-03329,2025-05-21,CT2,Family,In-person,53,N,N
HRG-03330,2025-05-21,CT2,Family,In-person,42,Y,N
HRG-03331,2025-05-21,CT2,Family,In-person,69,Y,N
HRG-03332,2025-05-21,CT2,Civil,Hybrid,17,N,N
HRG-03333,2025-05-21,CT3,Civil,In-person,46,N,N
HRG-03334,2025-05-21,CT3,Civil,In-person,64,N,N
HRG-03335,2025-05-21,CT3,Commercial,In-person,27,N,N
HRG-03336,2025-05-21,CT3,Civil,In-person,57,N,N
HRG-03337,2025-05-21,CT3,Civil,In-person,44,N,N
HRG-03338,2025-05-21,CT3,Civil,In-person,59,N,N
HRG-03339,2025-05-21,CT3,Commercial,In-person,46,N,N
HRG-03340,2025-05-21,CT3,Civil,In-person,50,N,N
HRG-03341,2025-05-21,CT3,Family,In-person,46,N,N
HRG-03342,2025-05-21,CT3,Commercial,In-person,40,Y,N
HRG-03343,2025-05-21,CT3,Civil,In-person,73,N,N
HRG-03344,2025-05-21,CT3,Family,In-person,40,Y,N
HRG-03345,2025-05-22,CT1,Civil,In-person,53,N,N
HRG-03346,2025-05-22,CT1,Civil,Virtual,30,N,N
HRG-03347,2025-05-22,CT1,Civil,Virtual,41,N,N
HRG-03348,2025-05-22,CT1,Family,In-person,34,Y,N
HRG-03349,2025-05-22,CT1,Civil,In-person,51,Y,N
HRG-03350,2025-05-22,CT1,Commercial,In-person,34,Y,N
HRG-03351,2025-05-22,CT1,Civil,Virtual,48,N,N
HRG-03352,2025-05-22,CT1,Civil,Virtual,36,Y,N
HRG-03353,2025-05-22,CT1,Family,In-person,48,N,N
HRG-03354,2025-05-22,CT1,Commercial,In-person,55,Y,N
HRG-03355,2025-05-22,CT1,Criminal,In-person,53,Y,N
HRG-03356,2025-05-22,CT1,Criminal,In-person,58,N,N
HRG-03357,2025-05-22,CT2,Commercial,In-person,46,N,N
HRG-03358,2025-05-22,CT2,Criminal,Virtual,10,Y,Y
HRG-03359,2025-05-22,CT2,Commercial,In-person,29,N,N
HRG-03360,2025-05-22,CT2,Criminal,Virtual,34,N,N
HRG-03361,2025-05-22,CT2,Commercial,In-person,51,N,N
HRG-03362,2025-05-22,CT2,Criminal,In-person,46,N,N
HRG-03363,2025-05-22,CT2,Commercial,In-person,65,N,N
HRG-03364,2025-05-22,CT2,Civil,Hybrid,37,N,N
HRG-03365,2025-05-22,CT3,Criminal,In-person,19,N,N
HRG-03366,2025-05-22,CT3,Criminal,In-person,48,N,N
HRG-03367,2025-05-22,CT3,Appeal,In-person,30,N,N
HRG-03368,2025-05-22,CT3,Criminal,In-person,39,N,N
HRG-03369,2025-05-22,CT3,Civil,In-person,39,N,N
HRG-03370,2025-05-22,CT3,Criminal,In-person,51,N,N
HRG-03371,2025-05-22,CT3,Civil,In-person,40,N,N
HRG-03372,2025-05-22,CT3,Criminal,In-person,44,N,N
HRG-03373,2025-05-22,CT3,Civil,In-person,55,N,N
HRG-03374,2025-05-22,CT3,Civil,In-person,50,N,N
HRG-03375,2025-05-22,CT3,Criminal,In-person,57,N,N
HRG-03376,2025-05-23,CT1,Civil,In-person,43,N,N
HRG-03377,2025-05-23,CT1,Criminal,In-person,23,N,N
HRG-03378,2025-05-23,CT1,Civil,In-person,79,N,N
HRG-03379,2025-05-23,CT1,Appeal,In-person,60,N,N
HRG-03380,2025-05-23,CT1,Appeal,In-person,41,N,N
HRG-03381,2025-05-23,CT1,Civil,In-person,61,Y,N
HRG-03382,2025-05-23,CT1,Commercial,In-person,43,N,N
HRG-03383,2025-05-23,CT1,Family,In-person,49,N,N
HRG-03384,2025-05-23,CT1,Civil,In-person,64,N,N
HRG-03385,2025-05-23,CT1,Civil,In-person,18,N,N
HRG-03386,2025-05-23,CT1,Civil,Virtual,50,Y,N
HRG-03387,2025-05-23,CT1,Family,In-person,69,N,N
HRG-03388,2025-05-23,CT1,Criminal,In-person,46,N,N
HRG-03389,2025-05-23,CT1,Civil,In-person,78,N,N
HRG-03390,2025-05-23,CT1,Criminal,In-person,59,N,N
HRG-03391,2025-05-23,CT2,Civil,Hybrid,13,N,N
HRG-03392,2025-05-23,CT2,Criminal,In-person,43,N,N
HRG-03393,2025-05-23,CT2,Family,In-person,34,N,N
HRG-03394,2025-05-23,CT2,Commercial,In-person,43,Y,N
HRG-03395,2025-05-23,CT2,Civil,In-person,55,N,N
HRG-03396,2025-05-23,CT2,Commercial,In-person,66,N,N
HRG-03397,2025-05-23,CT2,Civil,In-person,38,Y,N
HRG-03398,2025-05-23,CT2,Commercial,Hybrid,10,N,N
HRG-03399,2025-05-23,CT3,Appeal,In-person,68,Y,N
HRG-03400,2025-05-23,CT3,Civil,In-person,36,N,N
HRG-03401,2025-05-23,CT3,Civil,In-person,39,Y,N
HRG-03402,2025-05-23,CT3,Criminal,In-person,52,N,N
HRG-03403,2025-05-23,CT3,Civil,In-person,42,N,N
HRG-03404,2025-05-23,CT3,Family,In-person,39,N,N
HRG-03405,2025-05-23,CT3,Family,In-person,84,N,N
HRG-03406,2025-05-23,CT3,Criminal,In-person,65,N,N
HRG-03407,2025-05-23,CT3,Criminal,In-person,52,Y,N
HRG-03408,2025-05-23,CT3,Criminal,In-person,10,N,N
HRG-03409,2025-05-23,CT3,Commercial,In-person,40,N,N
HRG-03410,2025-05-26,CT1,Civil,Virtual,33,Y,N
HRG-03411,2025-05-26,CT1,Family,In-person,48,Y,N
HRG-03412,2025-05-26,CT1,Commercial,In-person,77,N,N
HRG-03413,2025-05-26,CT1,Civil,In-person,57,N,N
HRG-03414,2025-05-26,CT1,Civil,Virtual,42,N,N
HRG-03415,2025-05-26,CT1,Civil,In-person,75,Y,N
HRG-03416,2025-05-26,CT1,Commercial,In-person,33,Y,N
HRG-03417,2025-05-26,CT1,Civil,In-person,53,N,N
HRG-03418,2025-05-26,CT1,Family,In-person,48,N,N
HRG-03419,2025-05-26,CT1,Criminal,In-person,43,Y,N
HRG-03420,2025-05-26,CT1,Commercial,Virtual,10,N,N
HRG-03421,2025-05-26,CT1,Civil,Hybrid,18,N,N
HRG-03422,2025-05-26,CT2,Commercial,In-person,40,Y,N
HRG-03423,2025-05-26,CT2,Criminal,Virtual,17,N,N
HRG-03424,2025-05-26,CT2,Civil,In-person,63,N,N
HRG-03425,2025-05-26,CT2,Commercial,Hybrid,32,N,N
HRG-03426,2025-05-26,CT2,Civil,In-person,32,N,N
HRG-03427,2025-05-26,CT2,Civil,Virtual,29,N,N
HRG-03428,2025-05-26,CT2,Civil,Hybrid,55,Y,Y
HRG-03429,2025-05-26,CT2,Criminal,In-person,59,N,N
HRG-03430,2025-05-26,CT2,Civil,In-person,48,N,N
HRG-03431,2025-05-26,CT2,Criminal,In-person,59,Y,N
HRG-03432,2025-05-26,CT3,Civil,In-person,47,Y,N
HRG-03433,2025-05-26,CT3,Civil,In-person,65,Y,N
HRG-03434,2025-05-26,CT3,Civil,In-person,68,N,N
HRG-03435,2025-05-26,CT3,Appeal,In-person,46,Y,N
HRG-03436,2025-05-26,CT3,Criminal,In-person,45,N,N
HRG-03437,2025-05-26,CT3,Commercial,In-person,30,N,N
HRG-03438,2025-05-26,CT3,Commercial,In-person,26,Y,N
HRG-03439,2025-05-26,CT3,Civil,In-person,18,N,N
HRG-03440,2025-05-27,CT1,Criminal,In-person,29,Y,N
HRG-03441,2025-05-27,CT1,Commercial,Virtual,30,N,N
HRG-03442,2025-05-27,CT1,Appeal,In-person,72,Y,N
HRG-03443,2025-05-27,CT1,Appeal,Hybrid,48,N,N
HRG-03444,2025-05-27,CT1,Criminal,In-person,35,N,N
HRG-03445,2025-05-27,CT1,Commercial,Virtual,43,N,N
HRG-03446,2025-05-27,CT1,Family,In-person,56,N,N
HRG-03447,2025-05-27,CT1,Commercial,In-person,46,N,N
HRG-03448,2025-05-27,CT1,Civil,In-person,34,Y,N
HRG-03449,2025-05-27,CT1,Family,Hybrid,36,N,N
HRG-03450,2025-05-27,CT1,Commercial,In-person,53,N,N
HRG-03451,2025-05-27,CT1,Civil,Virtual,52,N,Y
HRG-03452,2025-05-27,CT2,Criminal,In-person,58,N,N
HRG-03453,2025-05-27,CT2,Appeal,Virtual,38,Y,N
HRG-03454,2025-05-27,CT2,Civil,In-person,45,N,N
HRG-03455,2025-05-27,CT2,Civil,In-person,53,N,N
HRG-03456,2025-05-27,CT2,Appeal,In-person,55,N,N
HRG-03457,2025-05-27,CT2,Civil,Virtual,26,N,Y
HRG-03458,2025-05-27,CT2,Criminal,In-person,41,N,N
HRG-03459,2025-05-27,CT2,Criminal,Virtual,15,N,N
HRG-03460,2025-05-27,CT2,Commercial,In-person,51,N,N
HRG-03461,2025-05-27,CT2,Commercial,In-person,30,N,N
HRG-03462,2025-05-27,CT3,Appeal,Virtual,25,N,N
HRG-03463,2025-05-27,CT3,Appeal,In-person,35,Y,N
HRG-03464,2025-05-27,CT3,Appeal,In-person,40,N,N
HRG-03465,2025-05-27,CT3,Criminal,In-person,38,N,N
HRG-03466,2025-05-27,CT3,Criminal,In-person,62,N,N
HRG-03467,2025-05-27,CT3,Civil,In-person,46,N,N
HRG-03468,2025-05-27,CT3,Criminal,In-person,43,N,N
HRG-03469,2025-05-27,CT3,Criminal,In-person,30,Y,N
HRG-03470,2025-05-27,CT3,Commercial,In-person,25,N,N
HRG-03471,2025-05-28,CT1,Family,In-person,70,N,N
HRG-03472,2025-05-28,CT1,Civil,In-person,47,Y,N
HRG-03473,2025-05-28,CT1,Commercial,Virtual,53,N,N
HRG-03474,2025-05-28,CT1,Appeal,Hybrid,44,N,N
HRG-03475,2025-05-28,CT1,Commercial,In-person,43,Y,N
HRG-03476,2025-05-28,CT1,Commercial,In-person,72,N,N
HRG-03477,2025-05-28,CT1,Criminal,Virtual,59,N,N
HRG-03478,2025-05-28,CT1,Criminal,In-person,34,N,N
HRG-03479,2025-05-28,CT1,Civil,Virtual,39,N,N
HRG-03480,2025-05-28,CT1,Criminal,Hybrid,51,N,N
HRG-03481,2025-05-28,CT1,Commercial,In-person,48,N,N
HRG-03482,2025-05-28,CT1,Civil,Hybrid,54,N,N
HRG-03483,2025-05-28,CT2,Family,In-person,22,N,N
HRG-03484,2025-05-28,CT2,Criminal,In-person,33,N,N
HRG-03485,2025-05-28,CT2,Civil,In-person,46,Y,N
HRG-03486,2025-05-28,CT2,Civil,In-person,37,N,N
HRG-03487,2025-05-28,CT2,Commercial,In-person,20,Y,N
HRG-03488,2025-05-28,CT2,Family,In-person,19,N,N
HRG-03489,2025-05-28,CT2,Criminal,In-person,72,Y,N
HRG-03490,2025-05-28,CT2,Criminal,Virtual,54,Y,N
HRG-03491,2025-05-28,CT2,Criminal,Hybrid,22,N,N
HRG-03492,2025-05-28,CT2,Family,In-person,66,Y,N
HRG-03493,2025-05-28,CT2,Criminal,In-person,38,Y,N
HRG-03494,2025-05-28,CT2,Appeal,In-person,59,N,N
HRG-03495,2025-05-28,CT3,Family,In-person,48,N,N
HRG-03496,2025-05-28,CT3,Family,In-person,53,N,N
HRG-03497,2025-05-28,CT3,Criminal,In-person,49,N,N
HRG-03498,2025-05-28,CT3,Criminal,In-person,67,N,N
HRG-03499,2025-05-28,CT3,Civil,In-person,38,N,N
HRG-03500,2025-05-28,CT3,Civil,In-person,46,Y,N
HRG-03501,2025-05-28,CT3,Criminal,In-person,22,Y,N
HRG-03502,2025-05-28,CT3,Criminal,In-person,40,Y,N
HRG-03503,2025-05-28,CT3,Commercial,In-person,59,N,N
HRG-03504,2025-05-28,CT3,Family,In-person,48,N,N
HRG-03505,2025-05-28,CT3,Appeal,In-person,66,N,N
HRG-03506,2025-05-28,CT3,Family,In-person,53,Y,N
HRG-03507,2025-05-28,CT3,Family,In-person,57,N,N
HRG-03508,2025-05-29,CT1,Family,In-person,58,N,N
HRG-03509,2025-05-29,CT1,Family,In-person,48,N,N
HRG-03510,2025-05-29,CT1,Civil,In-person,47,N,N
HRG-03511,2025-05-29,CT1,Criminal,In-person,48,N,N
HRG-03512,2025-05-29,CT1,Family,In-person,33,Y,N
HRG-03513,2025-05-29,CT1,Criminal,Hybrid,31,Y,N
HRG-03514,2025-05-29,CT1,Criminal,In-person,46,N,N
HRG-03515,2025-05-29,CT1,Family,Hybrid,37,N,N
HRG-03516,2025-05-29,CT1,Civil,Hybrid,50,N,N
HRG-03517,2025-05-29,CT1,Appeal,In-person,63,Y,N
HRG-03518,2025-05-29,CT1,Criminal,Virtual,40,N,N
HRG-03519,2025-05-29,CT2,Criminal,In-person,19,Y,N
HRG-03520,2025-05-29,CT2,Commercial,In-person,49,Y,N
HRG-03521,2025-05-29,CT2,Civil,In-person,51,N,N
HRG-03522,2025-05-29,CT2,Civil,Virtual,54,N,N
HRG-03523,2025-05-29,CT2,Family,In-person,63,N,N
HRG-03524,2025-05-29,CT2,Criminal,In-person,57,N,N
HRG-03525,2025-05-29,CT2,Criminal,Virtual,21,Y,N
HRG-03526,2025-05-29,CT2,Civil,Virtual,67,N,N
HRG-03527,2025-05-29,CT2,Commercial,In-person,44,N,N
HRG-03528,2025-05-29,CT2,Civil,In-person,39,N,N
HRG-03529,2025-05-29,CT2,Criminal,In-person,47,Y,N
HRG-03530,2025-05-29,CT3,Civil,In-person,54,N,N
HRG-03531,2025-05-29,CT3,Commercial,In-person,54,N,N
HRG-03532,2025-05-29,CT3,Commercial,In-person,55,N,N
HRG-03533,2025-05-29,CT3,Civil,In-person,52,N,N
HRG-03534,2025-05-29,CT3,Family,In-person,48,N,N
HRG-03535,2025-05-29,CT3,Criminal,In-person,29,N,N
HRG-03536,2025-05-29,CT3,Criminal,In-person,43,N,N
HRG-03537,2025-05-30,CT1,Civil,In-person,40,Y,N
HRG-03538,2025-05-30,CT1,Appeal,In-person,42,Y,N
HRG-03539,2025-05-30,CT1,Criminal,Hybrid,73,Y,N
HRG-03540,2025-05-30,CT1,Commercial,In-person,62,Y,N
HRG-03541,2025-05-30,CT1,Commercial,Hybrid,31,Y,N
HRG-03542,2025-05-30,CT1,Civil,Virtual,28,N,N
HRG-03543,2025-05-30,CT1,Civil,Virtual,42,N,N
HRG-03544,2025-05-30,CT1,Civil,In-person,45,N,N
HRG-03545,2025-05-30,CT1,Civil,In-person,30,Y,N
HRG-03546,2025-05-30,CT1,Criminal,In-person,28,N,N
HRG-03547,2025-05-30,CT1,Family,Virtual,34,N,N
HRG-03548,2025-05-30,CT1,Commercial,In-person,55,Y,N
HRG-03549,2025-05-30,CT2,Criminal,In-person,44,Y,N
HRG-03550,2025-05-30,CT2,Criminal,In-person,51,N,N
HRG-03551,2025-05-30,CT2,Family,In-person,66,N,N
HRG-03552,2025-05-30,CT2,Civil,Hybrid,19,N,N
HRG-03553,2025-05-30,CT2,Criminal,Virtual,54,N,N
HRG-03554,2025-05-30,CT2,Criminal,In-person,42,Y,N
HRG-03555,2025-05-30,CT2,Appeal,In-person,55,N,N
HRG-03556,2025-05-30,CT2,Family,In-person,58,N,N
HRG-03557,2025-05-30,CT2,Civil,Hybrid,31,N,N
HRG-03558,2025-05-30,CT2,Civil,Virtual,36,N,N
HRG-03559,2025-05-30,CT2,Civil,In-person,17,Y,N
HRG-03560,2025-05-30,CT2,Commercial,In-person,52,N,N
HRG-03561,2025-05-30,CT2,Criminal,In-person,42,N,N
HRG-03562,2025-05-30,CT3,Family,In-person,42,N,N
HRG-03563,2025-05-30,CT3,Criminal,In-person,44,N,N
HRG-03564,2025-05-30,CT3,Commercial,In-person,39,Y,N
HRG-03565,2025-05-30,CT3,Family,In-person,48,N,N
HRG-03566,2025-05-30,CT3,Commercial,In-person,59,Y,N
HRG-03567,2025-05-30,CT3,Civil,In-person,31,N,N
HRG-03568,2025-05-30,CT3,Civil,In-person,38,N,N
HRG-03569,2025-05-30,CT3,Civil,In-person,23,N,N
HRG-03570,2025-05-30,CT3,Civil,In-person,36,N,N
HRG-03571,2025-06-02,CT1,Appeal,In-person,41,Y,N
HRG-03572,2025-06-02,CT1,Appeal,In-person,51,Y,N
HRG-03573,2025-06-02,CT1,Civil,Virtual,10,Y,N
HRG-03574,2025-06-02,CT1,Civil,Virtual,39,N,N
HRG-03575,2025-06-02,CT1,Civil,In-person,43,Y,N
HRG-03576,2025-06-02,CT1,Commercial,Virtual,10,N,Y
HRG-03577,2025-06-02,CT1,Civil,Virtual,47,Y,N
HRG-03578,2025-06-02,CT1,Commercial,Hybrid,20,N,N
HRG-03579,2025-06-02,CT1,Civil,In-person,31,N,N
HRG-03580,2025-06-02,CT1,Criminal,In-person,51,N,N
HRG-03581,2025-06-02,CT1,Civil,In-person,47,N,N
HRG-03582,2025-06-02,CT2,Appeal,In-person,69,N,N
HRG-03583,2025-06-02,CT2,Civil,In-person,38,N,N
HRG-03584,2025-06-02,CT2,Commercial,In-person,55,N,N
HRG-03585,2025-06-02,CT2,Appeal,In-person,45,N,N
HRG-03586,2025-06-02,CT2,Civil,Hybrid,32,N,Y
HRG-03587,2025-06-02,CT2,Civil,Virtual,43,Y,N
HRG-03588,2025-06-02,CT2,Civil,In-person,51,Y,N
HRG-03589,2025-06-02,CT2,Criminal,Virtual,21,N,N
HRG-03590,2025-06-02,CT3,Appeal,Virtual,48,N,N
HRG-03591,2025-06-02,CT3,Commercial,In-person,57,N,N
HRG-03592,2025-06-02,CT3,Commercial,In-person,50,Y,N
HRG-03593,2025-06-02,CT3,Criminal,In-person,23,N,N
HRG-03594,2025-06-02,CT3,Civil,In-person,59,N,N
HRG-03595,2025-06-02,CT3,Appeal,Virtual,49,Y,N
HRG-03596,2025-06-02,CT3,Appeal,In-person,76,N,N
HRG-03597,2025-06-02,CT3,Civil,Virtual,66,N,N
HRG-03598,2025-06-02,CT3,Appeal,In-person,36,N,N
HRG-03599,2025-06-02,CT3,Civil,In-person,62,N,N
HRG-03600,2025-06-02,CT3,Commercial,Hybrid,22,N,N
HRG-03601,2025-06-02,CT3,Civil,In-person,51,Y,N
HRG-03602,2025-06-02,CT3,Commercial,In-person,33,N,N
HRG-03603,2025-06-03,CT1,Civil,In-person,10,N,N
HRG-03604,2025-06-03,CT1,Criminal,Virtual,55,Y,Y
HRG-03605,2025-06-03,CT1,Commercial,Virtual,43,Y,N
HRG-03606,2025-06-03,CT1,Commercial,In-person,35,Y,N
HRG-03607,2025-06-03,CT1,Civil,Hybrid,51,N,N
HRG-03608,2025-06-03,CT1,Criminal,In-person,78,N,N
HRG-03609,2025-06-03,CT1,Family,In-person,46,N,N
HRG-03610,2025-06-03,CT1,Commercial,Virtual,42,N,N
HRG-03611,2025-06-03,CT1,Criminal,In-person,20,N,N
HRG-03612,2025-06-03,CT1,Criminal,In-person,33,N,N
HRG-03613,2025-06-03,CT1,Criminal,In-person,10,N,N
HRG-03614,2025-06-03,CT2,Family,In-person,45,Y,N
HRG-03615,2025-06-03,CT2,Family,In-person,14,N,N
HRG-03616,2025-06-03,CT2,Criminal,In-person,64,N,N
HRG-03617,2025-06-03,CT2,Appeal,In-person,59,Y,N
HRG-03618,2025-06-03,CT2,Criminal,In-person,45,N,N
HRG-03619,2025-06-03,CT2,Criminal,In-person,44,N,N
HRG-03620,2025-06-03,CT2,Criminal,In-person,39,N,N
HRG-03621,2025-06-03,CT2,Civil,In-person,63,N,N
HRG-03622,2025-06-03,CT2,Commercial,In-person,49,N,N
HRG-03623,2025-06-03,CT3,Civil,In-person,44,N,N
HRG-03624,2025-06-03,CT3,Family,In-person,32,N,N
HRG-03625,2025-06-03,CT3,Criminal,In-person,37,N,N
HRG-03626,2025-06-03,CT3,Civil,In-person,35,N,N
HRG-03627,2025-06-03,CT3,Family,In-person,37,N,N
HRG-03628,2025-06-03,CT3,Criminal,In-person,39,N,N
HRG-03629,2025-06-03,CT3,Civil,In-person,40,Y,N
HRG-03630,2025-06-03,CT3,Civil,Virtual,10,N,N
HRG-03631,2025-06-03,CT3,Criminal,In-person,81,N,N
HRG-03632,2025-06-03,CT3,Commercial,In-person,47,N,N
HRG-03633,2025-06-03,CT3,Civil,In-person,65,N,N
HRG-03634,2025-06-04,CT1,Appeal,In-person,30,N,N
HRG-03635,2025-06-04,CT1,Civil,Hybrid,42,N,N
HRG-03636,2025-06-04,CT1,Civil,Virtual,29,N,N
HRG-03637,2025-06-04,CT1,Civil,In-person,53,N,N
HRG-03638,2025-06-04,CT1,Criminal,Virtual,46,N,Y
HRG-03639,2025-06-04,CT1,Criminal,In-person,29,N,N
HRG-03640,2025-06-04,CT1,Commercial,In-person,57,Y,N
HRG-03641,2025-06-04,CT1,Appeal,In-person,24,N,N
HRG-03642,2025-06-04,CT1,Criminal,In-person,35,N,N
HRG-03643,2025-06-04,CT1,Civil,Virtual,62,N,N
HRG-03644,2025-06-04,CT1,Family,In-person,59,Y,N
HRG-03645,2025-06-04,CT1,Civil,In-person,47,Y,N
HRG-03646,2025-06-04,CT1,Criminal,In-person,41,N,N
HRG-03647,2025-06-04,CT1,Commercial,In-person,57,N,N
HRG-03648,2025-06-04,CT1,Civil,In-person,36,N,N
HRG-03649,2025-06-04,CT2,Criminal,In-person,62,Y,N
HRG-03650,2025-06-04,CT2,Family,In-person,72,Y,N
HRG-03651,2025-06-04,CT2,Criminal,In-person,43,N,N
HRG-03652,2025-06-04,CT2,Civil,In-person,39,Y,N
HRG-03653,2025-06-04,CT2,Civil,In-person,66,Y,N
HRG-03654,2025-06-04,CT2,Civil,In-person,65,N,N
HRG-03655,2025-06-04,CT2,Family,In-person,29,N,N
HRG-03656,2025-06-04,CT2,Criminal,In-person,56,N,N
HRG-03657,2025-06-04,CT3,Commercial,In-person,62,N,N
HRG-03658,2025-06-04,CT3,Criminal,In-person,61,N,N
HRG-03659,2025-06-04,CT3,Civil,In-person,61,N,N
HRG-03660,2025-06-04,CT3,Appeal,In-person,52,N,N
HRG-03661,2025-06-04,CT3,Appeal,In-person,34,N,N
HRG-03662,2025-06-04,CT3,Civil,In-person,54,Y,N
HRG-03663,2025-06-04,CT3,Civil,In-person,31,N,N
HRG-03664,2025-06-04,CT3,Civil,In-person,33,N,N
HRG-03665,2025-06-04,CT3,Criminal,In-person,62,N,N
HRG-03666,2025-06-04,CT3,Civil,In-person,59,N,N
HRG-03667,2025-06-04,CT3,Civil,In-person,47,N,N
HRG-03668,2025-06-05,CT1,Family,In-person,36,N,N
HRG-03669,2025-06-05,CT1,Civil,In-person,43,N,N
HRG-03670,2025-06-05,CT1,Criminal,In-person,36,N,N
HRG-03671,2025-06-05,CT1,Appeal,In-person,33,N,N
HRG-03672,2025-06-05,CT1,Criminal,In-person,71,N,N
HRG-03673,2025-06-05,CT1,Commercial,In-person,19,N,N
HRG-03674,2025-06-05,CT1,Civil,Virtual,47,N,N
HRG-03675,2025-06-05,CT1,Civil,In-person,58,N,N
HRG-03676,2025-06-05,CT1,Commercial,Hybrid,46,N,N
HRG-03677,2025-06-05,CT1,Commercial,In-person,73,N,N
HRG-03678,2025-06-05,CT1,Civil,In-person,24,N,N
HRG-03679,2025-06-05,CT1,Commercial,Virtual,52,N,N
HRG-03680,2025-06-05,CT1,Criminal,In-person,24,N,N
HRG-03681,2025-06-05,CT2,Criminal,In-person,56,Y,N
HRG-03682,2025-06-05,CT2,Family,In-person,70,N,N
HRG-03683,2025-06-05,CT2,Commercial,Virtual,36,N,N
HRG-03684,2025-06-05,CT2,Family,In-person,76,N,N
HRG-03685,2025-06-05,CT2,Family,In-person,78,N,N
HRG-03686,2025-06-05,CT2,Commercial,In-person,35,N,N
HRG-03687,2025-06-05,CT2,Criminal,In-person,44,N,N
HRG-03688,2025-06-05,CT2,Criminal,In-person,30,N,N
HRG-03689,2025-06-05,CT3,Civil,In-person,32,N,N
HRG-03690,2025-06-05,CT3,Commercial,In-person,49,N,N
HRG-03691,2025-06-05,CT3,Criminal,In-person,69,N,N
HRG-03692,2025-06-05,CT3,Criminal,In-person,51,Y,N
HRG-03693,2025-06-05,CT3,Criminal,In-person,28,N,N
HRG-03694,2025-06-05,CT3,Family,Hybrid,76,N,N
HRG-03695,2025-06-05,CT3,Criminal,In-person,45,Y,N
HRG-03696,2025-06-05,CT3,Appeal,In-person,36,N,N
HRG-03697,2025-06-05,CT3,Civil,In-person,43,N,N
HRG-03698,2025-06-05,CT3,Civil,Virtual,31,N,Y
HRG-03699,2025-06-05,CT3,Civil,Virtual,59,N,N
HRG-03700,2025-06-05,CT3,Civil,In-person,50,N,N
HRG-03701,2025-06-05,CT3,Criminal,In-person,37,Y,N
HRG-03702,2025-06-05,CT3,Commercial,In-person,58,N,N
HRG-03703,2025-06-05,CT3,Civil,In-person,34,Y,N
HRG-03704,2025-06-06,CT1,Commercial,In-person,34,N,N
HRG-03705,2025-06-06,CT1,Civil,In-person,58,Y,N
HRG-03706,2025-06-06,CT1,Civil,In-person,49,N,N
HRG-03707,2025-06-06,CT1,Civil,Virtual,55,N,N
HRG-03708,2025-06-06,CT1,Civil,In-person,20,Y,N
HRG-03709,2025-06-06,CT1,Civil,In-person,56,N,N
HRG-03710,2025-06-06,CT1,Family,In-person,33,N,N
HRG-03711,2025-06-06,CT1,Civil,Virtual,61,N,N
HRG-03712,2025-06-06,CT1,Criminal,In-person,48,N,N
HRG-03713,2025-06-06,CT1,Criminal,In-person,66,N,N
HRG-03714,2025-06-06,CT2,Appeal,Virtual,35,N,N
HRG-03715,2025-06-06,CT2,Criminal,Hybrid,29,N,N
HRG-03716,2025-06-06,CT2,Criminal,In-person,44,Y,N
HRG-03717,2025-06-06,CT2,Criminal,In-person,41,N,N
HRG-03718,2025-06-06,CT2,Civil,In-person,60,N,N
HRG-03719,2025-06-06,CT2,Criminal,Virtual,43,N,Y
HRG-03720,2025-06-06,CT2,Civil,In-person,34,Y,N
HRG-03721,2025-06-06,CT2,Civil,In-person,66,N,N
HRG-03722,2025-06-06,CT2,Civil,In-person,42,N,N
HRG-03723,2025-06-06,CT2,Civil,In-person,34,N,N
HRG-03724,2025-06-06,CT2,Family,Hybrid,56,N,N
HRG-03725,2025-06-06,CT2,Appeal,In-person,46,N,N
HRG-03726,2025-06-06,CT2,Criminal,In-person,30,Y,N
HRG-03727,2025-06-06,CT3,Criminal,In-person,61,N,N
HRG-03728,2025-06-06,CT3,Family,In-person,40,N,N
HRG-03729,2025-06-06,CT3,Civil,In-person,53,N,N
HRG-03730,2025-06-06,CT3,Civil,In-person,32,N,N
HRG-03731,2025-06-06,CT3,Civil,In-person,52,N,N
HRG-03732,2025-06-06,CT3,Civil,Virtual,34,Y,Y
HRG-03733,2025-06-06,CT3,Criminal,In-person,73,N,N
HRG-03734,2025-06-06,CT3,Civil,In-person,45,N,N
HRG-03735,2025-06-06,CT3,Criminal,Virtual,40,N,N
HRG-03736,2025-06-06,CT3,Civil,In-person,47,Y,N
HRG-03737,2025-06-06,CT3,Criminal,In-person,60,N,N
HRG-03738,2025-06-06,CT3,Family,In-person,69,N,N
HRG-03739,2025-06-09,CT1,Criminal,In-person,50,N,N
HRG-03740,2025-06-09,CT1,Appeal,In-person,56,Y,N
HRG-03741,2025-06-09,CT1,Commercial,In-person,34,N,N
HRG-03742,2025-06-09,CT1,Commercial,In-person,34,N,N
HRG-03743,2025-06-09,CT1,Criminal,Hybrid,44,N,N
HRG-03744,2025-06-09,CT1,Criminal,In-person,35,N,N
HRG-03745,2025-06-09,CT1,Family,Virtual,42,N,N
HRG-03746,2025-06-09,CT1,Criminal,In-person,36,N,N
HRG-03747,2025-06-09,CT1,Family,Hybrid,24,N,N
HRG-03748,2025-06-09,CT1,Civil,Virtual,18,N,Y
HRG-03749,2025-06-09,CT1,Civil,In-person,39,Y,N
HRG-03750,2025-06-09,CT2,Civil,In-person,41,N,N
HRG-03751,2025-06-09,CT2,Commercial,In-person,58,Y,N
HRG-03752,2025-06-09,CT2,Civil,In-person,53,Y,N
HRG-03753,2025-06-09,CT2,Civil,In-person,53,N,N
HRG-03754,2025-06-09,CT2,Commercial,In-person,40,N,N
HRG-03755,2025-06-09,CT2,Criminal,In-person,45,N,N
HRG-03756,2025-06-09,CT2,Civil,In-person,37,N,N
HRG-03757,2025-06-09,CT2,Civil,In-person,37,Y,N
HRG-03758,2025-06-09,CT2,Civil,In-person,63,N,N
HRG-03759,2025-06-09,CT2,Appeal,Virtual,41,N,Y
HRG-03760,2025-06-09,CT3,Criminal,In-person,24,N,N
HRG-03761,2025-06-09,CT3,Civil,In-person,68,N,N
HRG-03762,2025-06-09,CT3,Civil,Virtual,37,N,N
HRG-03763,2025-06-09,CT3,Criminal,In-person,36,N,N
HRG-03764,2025-06-09,CT3,Appeal,Hybrid,37,N,N
HRG-03765,2025-06-09,CT3,Criminal,In-person,40,N,N
HRG-03766,2025-06-09,CT3,Civil,In-person,31,N,N
HRG-03767,2025-06-09,CT3,Commercial,Virtual,49,N,N
HRG-03768,2025-06-09,CT3,Family,In-person,63,N,N
HRG-03769,2025-06-09,CT3,Commercial,In-person,28,N,N
HRG-03770,2025-06-10,CT1,Civil,In-person,48,N,N
HRG-03771,2025-06-10,CT1,Commercial,In-person,64,Y,N
HRG-03772,2025-06-10,CT1,Criminal,In-person,46,Y,N
HRG-03773,2025-06-10,CT1,Appeal,Virtual,27,N,N
HRG-03774,2025-06-10,CT1,Criminal,Virtual,32,N,N
HRG-03775,2025-06-10,CT1,Civil,In-person,52,N,N
HRG-03776,2025-06-10,CT1,Civil,In-person,47,Y,N
HRG-03777,2025-06-10,CT1,Criminal,In-person,64,N,N
HRG-03778,2025-06-10,CT1,Appeal,Virtual,37,Y,N
HRG-03779,2025-06-10,CT2,Commercial,In-person,90,N,N
HRG-03780,2025-06-10,CT2,Civil,In-person,18,N,N
HRG-03781,2025-06-10,CT2,Family,In-person,39,Y,N
HRG-03782,2025-06-10,CT2,Civil,In-person,55,N,N
HRG-03783,2025-06-10,CT2,Civil,In-person,48,N,N
HRG-03784,2025-06-10,CT2,Civil,Virtual,34,Y,N
HRG-03785,2025-06-10,CT2,Family,In-person,26,N,N
HRG-03786,2025-06-10,CT2,Criminal,In-person,60,N,N
HRG-03787,2025-06-10,CT3,Civil,In-person,24,N,N
HRG-03788,2025-06-10,CT3,Civil,In-person,50,N,N
HRG-03789,2025-06-10,CT3,Civil,In-person,55,N,N
HRG-03790,2025-06-10,CT3,Family,In-person,37,N,N
HRG-03791,2025-06-10,CT3,Commercial,In-person,40,N,N
HRG-03792,2025-06-10,CT3,Commercial,Virtual,53,N,Y
HRG-03793,2025-06-10,CT3,Family,In-person,28,N,N
HRG-03794,2025-06-10,CT3,Civil,In-person,61,N,N
HRG-03795,2025-06-10,CT3,Criminal,Virtual,28,N,N
HRG-03796,2025-06-10,CT3,Criminal,In-person,42,N,N
HRG-03797,2025-06-11,CT1,Civil,Virtual,34,N,N
HRG-03798,2025-06-11,CT1,Commercial,In-person,13,N,N
HRG-03799,2025-06-11,CT1,Criminal,In-person,36,N,N
HRG-03800,2025-06-11,CT1,Criminal,In-person,43,N,N
HRG-03801,2025-06-11,CT1,Civil,In-person,34,N,N
HRG-03802,2025-06-11,CT1,Criminal,In-person,58,N,N
HRG-03803,2025-06-11,CT1,Commercial,Virtual,30,N,N
HRG-03804,2025-06-11,CT1,Commercial,In-person,58,N,N
HRG-03805,2025-06-11,CT1,Criminal,In-person,59,N,N
HRG-03806,2025-06-11,CT1,Commercial,Virtual,34,Y,N
HRG-03807,2025-06-11,CT1,Commercial,Hybrid,49,Y,Y
HRG-03808,2025-06-11,CT1,Civil,Virtual,55,N,N
HRG-03809,2025-06-11,CT1,Appeal,In-person,47,Y,N
HRG-03810,2025-06-11,CT1,Criminal,In-person,20,N,N
HRG-03811,2025-06-11,CT2,Commercial,Virtual,36,N,N
HRG-03812,2025-06-11,CT2,Criminal,In-person,30,N,N
HRG-03813,2025-06-11,CT2,Civil,In-person,60,Y,N
HRG-03814,2025-06-11,CT2,Commercial,Hybrid,39,N,N
HRG-03815,2025-06-11,CT2,Criminal,In-person,46,N,N
HRG-03816,2025-06-11,CT2,Civil,In-person,33,Y,N
HRG-03817,2025-06-11,CT2,Criminal,In-person,32,N,N
HRG-03818,2025-06-11,CT2,Commercial,In-person,48,Y,N
HRG-03819,2025-06-11,CT2,Civil,In-person,23,N,N
HRG-03820,2025-06-11,CT2,Family,In-person,69,N,N
HRG-03821,2025-06-11,CT3,Commercial,In-person,56,N,N
HRG-03822,2025-06-11,CT3,Criminal,In-person,47,Y,N
HRG-03823,2025-06-11,CT3,Commercial,In-person,60,N,N
HRG-03824,2025-06-11,CT3,Civil,In-person,53,N,N
HRG-03825,2025-06-11,CT3,Criminal,In-person,56,Y,N
HRG-03826,2025-06-11,CT3,Criminal,Hybrid,24,N,Y
HRG-03827,2025-06-11,CT3,Civil,Hybrid,22,N,N
HRG-03828,2025-06-11,CT3,Criminal,In-person,23,N,N
HRG-03829,2025-06-11,CT3,Appeal,In-person,36,N,N
HRG-03830,2025-06-11,CT3,Civil,In-person,27,Y,N
HRG-03831,2025-06-11,CT3,Criminal,In-person,56,N,N
HRG-03832,2025-06-11,CT3,Family,In-person,33,N,N
HRG-03833,2025-06-11,CT3,Civil,Hybrid,10,Y,Y
HRG-03834,2025-06-11,CT3,Criminal,In-person,56,N,N
HRG-03835,2025-06-11,CT3,Criminal,In-person,32,N,N
HRG-03836,2025-06-12,CT1,Civil,In-person,33,Y,N
HRG-03837,2025-06-12,CT1,Civil,Virtual,34,Y,N
HRG-03838,2025-06-12,CT1,Commercial,Virtual,51,N,N
HRG-03839,2025-06-12,CT1,Civil,In-person,50,N,N
HRG-03840,2025-06-12,CT1,Civil,In-person,61,Y,N
HRG-03841,2025-06-12,CT1,Civil,In-person,70,N,N
HRG-03842,2025-06-12,CT1,Civil,In-person,52,N,N
HRG-03843,2025-06-12,CT1,Criminal,In-person,55,N,N
HRG-03844,2025-06-12,CT1,Criminal,In-person,46,N,N
HRG-03845,2025-06-12,CT1,Appeal,In-person,73,Y,N
HRG-03846,2025-06-12,CT1,Civil,In-person,42,N,N
HRG-03847,2025-06-12,CT2,Family,Virtual,34,N,N
HRG-03848,2025-06-12,CT2,Criminal,In-person,42,N,N
HRG-03849,2025-06-12,CT2,Family,In-person,72,N,N
HRG-03850,2025-06-12,CT2,Civil,In-person,51,Y,N
HRG-03851,2025-06-12,CT2,Commercial,Hybrid,14,N,N
HRG-03852,2025-06-12,CT2,Commercial,Virtual,55,N,N
HRG-03853,2025-06-12,CT2,Criminal,In-person,49,N,N
HRG-03854,2025-06-12,CT2,Family,In-person,67,N,N
HRG-03855,2025-06-12,CT2,Civil,In-person,41,N,N
HRG-03856,2025-06-12,CT2,Civil,In-person,37,N,N
HRG-03857,2025-06-12,CT2,Criminal,In-person,45,N,N
HRG-03858,2025-06-12,CT3,Criminal,In-person,72,Y,N
HRG-03859,2025-06-12,CT3,Civil,In-person,59,N,N
HRG-03860,2025-06-12,CT3,Criminal,Hybrid,23,N,N
HRG-03861,2025-06-12,CT3,Civil,In-person,31,N,N
HRG-03862,2025-06-12,CT3,Civil,In-person,58,N,N
HRG-03863,2025-06-12,CT3,Civil,In-person,58,N,N
HRG-03864,2025-06-12,CT3,Criminal,In-person,18,N,N
HRG-03865,2025-06-12,CT3,Civil,Hybrid,16,N,Y
HRG-03866,2025-06-12,CT3,Criminal,Hybrid,20,N,N
HRG-03867,2025-06-13,CT1,Criminal,In-person,66,Y,N
HRG-03868,2025-06-13,CT1,Appeal,In-person,34,N,N
HRG-03869,2025-06-13,CT1,Criminal,In-person,60,Y,N
HRG-03870,2025-06-13,CT1,Family,In-person,48,Y,N
HRG-03871,2025-06-13,CT1,Civil,In-person,54,Y,N
HRG-03872,2025-06-13,CT1,Criminal,In-person,46,N,N
HRG-03873,2025-06-13,CT1,Commercial,Hybrid,16,Y,N
HRG-03874,2025-06-13,CT1,Commercial,In-person,74,N,N
HRG-03875,2025-06-13,CT1,Commercial,Virtual,63,N,N
HRG-03876,2025-06-13,CT1,Criminal,Hybrid,54,N,Y
HRG-03877,2025-06-13,CT1,Appeal,In-person,57,N,N
HRG-03878,2025-06-13,CT2,Civil,In-person,55,N,N
HRG-03879,2025-06-13,CT2,Criminal,In-person,68,N,N
HRG-03880,2025-06-13,CT2,Commercial,In-person,21,N,N
HRG-03881,2025-06-13,CT2,Civil,In-person,76,N,N
HRG-03882,2025-06-13,CT2,Civil,Virtual,22,N,N
HRG-03883,2025-06-13,CT2,Civil,In-person,40,N,N
HRG-03884,2025-06-13,CT2,Civil,In-person,39,N,N
HRG-03885,2025-06-13,CT2,Family,In-person,57,N,N
HRG-03886,2025-06-13,CT3,Criminal,In-person,49,N,N
HRG-03887,2025-06-13,CT3,Civil,In-person,56,N,N
HRG-03888,2025-06-13,CT3,Criminal,Hybrid,39,N,Y
HRG-03889,2025-06-13,CT3,Civil,In-person,36,N,N
HRG-03890,2025-06-13,CT3,Civil,In-person,54,N,N
HRG-03891,2025-06-13,CT3,Civil,In-person,49,N,N
HRG-03892,2025-06-13,CT3,Civil,In-person,32,N,N
HRG-03893,2025-06-13,CT3,Family,In-person,33,N,N
HRG-03894,2025-06-13,CT3,Criminal,In-person,66,N,N
HRG-03895,2025-06-13,CT3,Commercial,In-person,43,N,N
HRG-03896,2025-06-13,CT3,Appeal,In-person,61,Y,N
HRG-03897,2025-06-16,CT1,Family,Hybrid,25,N,N
HRG-03898,2025-06-16,CT1,Civil,In-person,63,Y,N
HRG-03899,2025-06-16,CT1,Family,Virtual,54,Y,N
HRG-03900,2025-06-16,CT1,Commercial,Virtual,43,N,N
HRG-03901,2025-06-16,CT1,Civil,In-person,36,N,N
HRG-03902,2025-06-16,CT1,Criminal,In-person,42,N,N
HRG-03903,2025-06-16,CT1,Family,Virtual,56,N,N
HRG-03904,2025-06-16,CT1,Criminal,Virtual,55,Y,N
HRG-03905,2025-06-16,CT1,Civil,In-person,42,N,N
HRG-03906,2025-06-16,CT1,Criminal,In-person,18,N,N
HRG-03907,2025-06-16,CT1,Criminal,In-person,87,N,N
HRG-03908,2025-06-16,CT1,Appeal,Virtual,44,N,Y
HRG-03909,2025-06-16,CT1,Family,In-person,59,N,N
HRG-03910,2025-06-16,CT1,Criminal,In-person,62,N,N
HRG-03911,2025-06-16,CT1,Civil,In-person,32,N,N
HRG-03912,2025-06-16,CT1,Appeal,In-person,27,Y,N
HRG-03913,2025-06-16,CT2,Criminal,In-person,62,Y,N
HRG-03914,2025-06-16,CT2,Commercial,Virtual,36,N,N
HRG-03915,2025-06-16,CT2,Appeal,In-person,65,N,N
HRG-03916,2025-06-16,CT2,Civil,In-person,35,N,N
HRG-03917,2025-06-16,CT2,Commercial,In-person,49,Y,N
HRG-03918,2025-06-16,CT2,Family,In-person,39,N,N
HRG-03919,2025-06-16,CT2,Civil,In-person,41,N,N
HRG-03920,2025-06-16,CT2,Commercial,In-person,55,N,N
HRG-03921,2025-06-16,CT2,Commercial,Virtual,40,Y,Y
HRG-03922,2025-06-16,CT2,Commercial,Virtual,17,N,N
HRG-03923,2025-06-16,CT2,Criminal,In-person,39,N,N
HRG-03924,2025-06-16,CT3,Civil,In-person,66,N,N
HRG-03925,2025-06-16,CT3,Appeal,In-person,61,N,N
HRG-03926,2025-06-16,CT3,Civil,In-person,57,N,N
HRG-03927,2025-06-16,CT3,Appeal,In-person,32,N,N
HRG-03928,2025-06-16,CT3,Civil,Virtual,29,N,N
HRG-03929,2025-06-16,CT3,Family,In-person,36,N,N
HRG-03930,2025-06-16,CT3,Commercial,In-person,37,Y,N
HRG-03931,2025-06-16,CT3,Commercial,In-person,20,Y,N
HRG-03932,2025-06-16,CT3,Criminal,In-person,70,N,N
HRG-03933,2025-06-16,CT3,Commercial,In-person,78,N,N
HRG-03934,2025-06-16,CT3,Civil,In-person,48,N,N
HRG-03935,2025-06-17,CT1,Commercial,In-person,49,N,N
HRG-03936,2025-06-17,CT1,Commercial,Virtual,44,Y,N
HRG-03937,2025-06-17,CT1,Civil,In-person,25,N,N
HRG-03938,2025-06-17,CT1,Civil,Virtual,43,Y,N
HRG-03939,2025-06-17,CT1,Criminal,In-person,61,N,N
HRG-03940,2025-06-17,CT1,Criminal,Hybrid,27,N,N
HRG-03941,2025-06-17,CT1,Criminal,In-person,60,N,N
HRG-03942,2025-06-17,CT1,Civil,In-person,52,N,N
HRG-03943,2025-06-17,CT1,Civil,In-person,24,N,N
HRG-03944,2025-06-17,CT1,Civil,Virtual,47,N,N
HRG-03945,2025-06-17,CT1,Criminal,Virtual,45,N,N
HRG-03946,2025-06-17,CT1,Civil,In-person,29,N,N
HRG-03947,2025-06-17,CT2,Civil,In-person,53,N,N
HRG-03948,2025-06-17,CT2,Appeal,In-person,48,N,N
HRG-03949,2025-06-17,CT2,Criminal,Virtual,42,Y,N
HRG-03950,2025-06-17,CT2,Civil,In-person,45,N,N
HRG-03951,2025-06-17,CT2,Commercial,In-person,55,Y,N
HRG-03952,2025-06-17,CT2,Civil,In-person,48,N,N
HRG-03953,2025-06-17,CT2,Commercial,In-person,47,N,N
HRG-03954,2025-06-17,CT2,Civil,In-person,67,N,N
HRG-03955,2025-06-17,CT2,Commercial,Virtual,35,N,N
HRG-03956,2025-06-17,CT2,Family,In-person,56,N,N
HRG-03957,2025-06-17,CT3,Appeal,In-person,57,N,N
HRG-03958,2025-06-17,CT3,Civil,In-person,53,N,N
HRG-03959,2025-06-17,CT3,Commercial,In-person,38,N,N
HRG-03960,2025-06-17,CT3,Civil,In-person,26,Y,N
HRG-03961,2025-06-17,CT3,Commercial,In-person,55,N,N
HRG-03962,2025-06-17,CT3,Appeal,In-person,44,N,N
HRG-03963,2025-06-17,CT3,Family,In-person,67,N,N
HRG-03964,2025-06-17,CT3,Criminal,In-person,60,Y,N
HRG-03965,2025-06-17,CT3,Family,Virtual,10,N,N
HRG-03966,2025-06-17,CT3,Family,In-person,44,N,N
HRG-03967,2025-06-17,CT3,Commercial,In-person,84,Y,N
HRG-03968,2025-06-17,CT3,Commercial,In-person,33,N,N
HRG-03969,2025-06-17,CT3,Civil,In-person,45,N,N
HRG-03970,2025-06-18,CT1,Appeal,Virtual,10,N,N
HRG-03971,2025-06-18,CT1,Civil,In-person,48,Y,N
HRG-03972,2025-06-18,CT1,Civil,In-person,58,N,N
HRG-03973,2025-06-18,CT1,Criminal,Hybrid,23,N,N
HRG-03974,2025-06-18,CT1,Criminal,In-person,58,Y,N
HRG-03975,2025-06-18,CT1,Civil,Virtual,36,N,N
HRG-03976,2025-06-18,CT1,Family,In-person,39,N,N
HRG-03977,2025-06-18,CT1,Family,In-person,49,N,N
HRG-03978,2025-06-18,CT1,Family,In-person,23,N,N
HRG-03979,2025-06-18,CT1,Commercial,Virtual,55,N,N
HRG-03980,2025-06-18,CT1,Commercial,Virtual,39,Y,N
HRG-03981,2025-06-18,CT2,Criminal,In-person,42,Y,N
HRG-03982,2025-06-18,CT2,Civil,Virtual,52,N,N
HRG-03983,2025-06-18,CT2,Civil,In-person,35,N,N
HRG-03984,2025-06-18,CT2,Commercial,Hybrid,53,N,N
HRG-03985,2025-06-18,CT2,Commercial,In-person,13,N,N
HRG-03986,2025-06-18,CT2,Civil,Virtual,39,N,N
HRG-03987,2025-06-18,CT2,Appeal,In-person,49,N,N
HRG-03988,2025-06-18,CT2,Criminal,In-person,48,N,N
HRG-03989,2025-06-18,CT2,Criminal,In-person,37,N,N
HRG-03990,2025-06-18,CT2,Criminal,In-person,63,N,N
HRG-03991,2025-06-18,CT2,Civil,In-person,12,N,N
HRG-03992,2025-06-18,CT2,Civil,In-person,28,N,N
HRG-03993,2025-06-18,CT2,Criminal,In-person,57,Y,N
HRG-03994,2025-06-18,CT3,Civil,In-person,38,N,N
HRG-03995,2025-06-18,CT3,Family,In-person,27,N,N
HRG-03996,2025-06-18,CT3,Family,In-person,62,N,N
HRG-03997,2025-06-18,CT3,Criminal,In-person,58,N,N
HRG-03998,2025-06-18,CT3,Commercial,In-person,91,N,N
HRG-03999,2025-06-18,CT3,Civil,In-person,40,Y,N
HRG-04000,2025-06-18,CT3,Commercial,In-person,53,N,N
HRG-04001,2025-06-18,CT3,Commercial,In-person,68,N,N
HRG-04002,2025-06-18,CT3,Criminal,In-person,21,N,N
HRG-04003,2025-06-18,CT3,Commercial,In-person,53,Y,N
HRG-04004,2025-06-19,CT1,Criminal,In-person,30,N,N
HRG-04005,2025-06-19,CT1,Criminal,In-person,29,N,N
HRG-04006,2025-06-19,CT1,Civil,Virtual,59,N,N
HRG-04007,2025-06-19,CT1,Family,In-person,39,N,N
HRG-04008,2025-06-19,CT1,Commercial,Hybrid,47,N,N
HRG-04009,2025-06-19,CT1,Commercial,In-person,28,Y,N
HRG-04010,2025-06-19,CT1,Appeal,In-person,69,Y,N
HRG-04011,2025-06-19,CT1,Criminal,In-person,16,Y,N
HRG-04012,2025-06-19,CT1,Civil,Hybrid,41,N,N
HRG-04013,2025-06-19,CT1,Criminal,In-person,35,N,N
HRG-04014,2025-06-19,CT1,Family,In-person,40,N,N
HRG-04015,2025-06-19,CT1,Commercial,In-person,60,N,N
HRG-04016,2025-06-19,CT1,Criminal,In-person,36,N,N
HRG-04017,2025-06-19,CT2,Family,In-person,54,N,N
HRG-04018,2025-06-19,CT2,Criminal,In-person,57,N,N
HRG-04019,2025-06-19,CT2,Commercial,In-person,56,N,N
HRG-04020,2025-06-19,CT2,Civil,In-person,53,N,N
HRG-04021,2025-06-19,CT2,Criminal,In-person,60,N,N
HRG-04022,2025-06-19,CT2,Commercial,In-person,22,Y,N
HRG-04023,2025-06-19,CT2,Criminal,In-person,48,N,N
HRG-04024,2025-06-19,CT2,Appeal,In-person,43,N,N
HRG-04025,2025-06-19,CT2,Commercial,In-person,41,N,N
HRG-04026,2025-06-19,CT3,Criminal,In-person,48,N,N
HRG-04027,2025-06-19,CT3,Appeal,In-person,10,N,N
HRG-04028,2025-06-19,CT3,Commercial,In-person,45,N,N
HRG-04029,2025-06-19,CT3,Commercial,In-person,49,N,N
HRG-04030,2025-06-19,CT3,Family,In-person,53,N,N
HRG-04031,2025-06-19,CT3,Civil,In-person,54,N,N
HRG-04032,2025-06-19,CT3,Commercial,In-person,45,Y,N
HRG-04033,2025-06-19,CT3,Civil,In-person,64,N,N
HRG-04034,2025-06-20,CT1,Criminal,In-person,60,Y,N
HRG-04035,2025-06-20,CT1,Civil,Hybrid,28,N,N
HRG-04036,2025-06-20,CT1,Criminal,Virtual,63,N,N
HRG-04037,2025-06-20,CT1,Family,In-person,44,N,N
HRG-04038,2025-06-20,CT1,Commercial,Virtual,37,N,N
HRG-04039,2025-06-20,CT1,Family,Hybrid,33,N,N
HRG-04040,2025-06-20,CT1,Civil,Virtual,18,N,N
HRG-04041,2025-06-20,CT1,Civil,In-person,40,N,N
HRG-04042,2025-06-20,CT1,Criminal,In-person,69,N,N
HRG-04043,2025-06-20,CT1,Family,Virtual,63,Y,N
HRG-04044,2025-06-20,CT1,Civil,In-person,53,N,N
HRG-04045,2025-06-20,CT1,Commercial,In-person,51,N,N
HRG-04046,2025-06-20,CT1,Civil,In-person,42,N,N
HRG-04047,2025-06-20,CT1,Civil,In-person,66,Y,N
HRG-04048,2025-06-20,CT1,Civil,In-person,36,N,N
HRG-04049,2025-06-20,CT2,Civil,Virtual,32,N,N
HRG-04050,2025-06-20,CT2,Civil,In-person,39,N,N
HRG-04051,2025-06-20,CT2,Civil,Virtual,66,N,N
HRG-04052,2025-06-20,CT2,Criminal,In-person,43,N,N
HRG-04053,2025-06-20,CT2,Civil,In-person,49,N,N
HRG-04054,2025-06-20,CT2,Family,In-person,43,N,N
HRG-04055,2025-06-20,CT2,Civil,In-person,55,N,N
HRG-04056,2025-06-20,CT2,Family,In-person,52,N,N
HRG-04057,2025-06-20,CT2,Criminal,In-person,58,N,N
HRG-04058,2025-06-20,CT3,Commercial,In-person,35,Y,N
HRG-04059,2025-06-20,CT3,Appeal,Virtual,32,N,Y
HRG-04060,2025-06-20,CT3,Civil,In-person,37,Y,N
HRG-04061,2025-06-20,CT3,Family,In-person,75,N,N
HRG-04062,2025-06-20,CT3,Family,In-person,48,N,N
HRG-04063,2025-06-20,CT3,Civil,In-person,60,N,N
HRG-04064,2025-06-20,CT3,Criminal,In-person,43,N,N
HRG-04065,2025-06-20,CT3,Family,In-person,25,N,N
HRG-04066,2025-06-20,CT3,Commercial,Virtual,28,N,N
HRG-04067,2025-06-20,CT3,Civil,Virtual,38,Y,N
HRG-04068,2025-06-20,CT3,Criminal,In-person,52,N,N
HRG-04069,2025-06-23,CT1,Commercial,In-person,52,N,N
HRG-04070,2025-06-23,CT1,Civil,Virtual,56,Y,N
HRG-04071,2025-06-23,CT1,Criminal,Virtual,22,N,Y
HRG-04072,2025-06-23,CT1,Criminal,In-person,43,N,N
HRG-04073,2025-06-23,CT1,Civil,In-person,68,N,N
HRG-04074,2025-06-23,CT1,Civil,In-person,49,Y,N
HRG-04075,2025-06-23,CT1,Civil,In-person,38,Y,N
HRG-04076,2025-06-23,CT1,Civil,Virtual,54,N,Y
HRG-04077,2025-06-23,CT1,Criminal,Virtual,48,N,N
HRG-04078,2025-06-23,CT1,Civil,Virtual,12,N,N
HRG-04079,2025-06-23,CT1,Appeal,In-person,56,Y,N
HRG-04080,2025-06-23,CT1,Commercial,In-person,19,N,N
HRG-04081,2025-06-23,CT1,Criminal,In-person,31,N,N
HRG-04082,2025-06-23,CT2,Family,In-person,36,Y,N
HRG-04083,2025-06-23,CT2,Civil,In-person,38,N,N
HRG-04084,2025-06-23,CT2,Civil,In-person,64,N,N
HRG-04085,2025-06-23,CT2,Appeal,In-person,61,N,N
HRG-04086,2025-06-23,CT2,Family,Virtual,14,Y,N
HRG-04087,2025-06-23,CT2,Criminal,In-person,85,N,N
HRG-04088,2025-06-23,CT2,Criminal,Virtual,44,Y,Y
HRG-04089,2025-06-23,CT2,Criminal,In-person,19,N,N
HRG-04090,2025-06-23,CT2,Civil,Virtual,68,Y,N
HRG-04091,2025-06-23,CT2,Criminal,In-person,59,N,N
HRG-04092,2025-06-23,CT3,Commercial,In-person,65,N,N
HRG-04093,2025-06-23,CT3,Civil,Hybrid,10,Y,N
HRG-04094,2025-06-23,CT3,Commercial,In-person,44,N,N
HRG-04095,2025-06-23,CT3,Family,In-person,60,N,N
HRG-04096,2025-06-23,CT3,Civil,In-person,44,N,N
HRG-04097,2025-06-23,CT3,Criminal,Hybrid,54,N,N
HRG-04098,2025-06-23,CT3,Civil,In-person,48,N,N
HRG-04099,2025-06-23,CT3,Family,In-person,52,N,N
HRG-04100,2025-06-23,CT3,Commercial,In-person,28,N,N
HRG-04101,2025-06-23,CT3,Civil,In-person,57,N,N
HRG-04102,2025-06-23,CT3,Criminal,In-person,35,N,N
HRG-04103,2025-06-23,CT3,Civil,Virtual,27,N,N
HRG-04104,2025-06-23,CT3,Criminal,In-person,60,N,N
HRG-04105,2025-06-23,CT3,Appeal,In-person,31,Y,N
HRG-04106,2025-06-24,CT1,Civil,In-person,58,N,N
HRG-04107,2025-06-24,CT1,Civil,Virtual,28,Y,N
HRG-04108,2025-06-24,CT1,Criminal,Virtual,50,N,Y
HRG-04109,2025-06-24,CT1,Family,In-person,28,N,N
HRG-04110,2025-06-24,CT1,Criminal,In-person,42,Y,N
HRG-04111,2025-06-24,CT1,Commercial,Virtual,34,N,Y
HRG-04112,2025-06-24,CT1,Criminal,In-person,47,N,N
HRG-04113,2025-06-24,CT1,Civil,Virtual,35,N,N
HRG-04114,2025-06-24,CT1,Family,In-person,48,Y,N
HRG-04115,2025-06-24,CT1,Commercial,In-person,37,N,N
HRG-04116,2025-06-24,CT1,Civil,In-person,54,Y,N
HRG-04117,2025-06-24,CT1,Criminal,Hybrid,38,N,N
HRG-04118,2025-06-24,CT1,Civil,In-person,57,N,N
HRG-04119,2025-06-24,CT1,Commercial,In-person,56,N,N
HRG-04120,2025-06-24,CT1,Criminal,In-person,49,Y,N
HRG-04121,2025-06-24,CT1,Civil,Hybrid,36,N,Y
HRG-04122,2025-06-24,CT2,Family,In-person,65,N,N
HRG-04123,2025-06-24,CT2,Criminal,In-person,52,N,N
HRG-04124,2025-06-24,CT2,Family,In-person,43,N,N
HRG-04125,2025-06-24,CT2,Civil,In-person,57,N,N
HRG-04126,2025-06-24,CT2,Criminal,Virtual,50,N,N
HRG-04127,2025-06-24,CT2,Appeal,In-person,75,N,N
HRG-04128,2025-06-24,CT2,Civil,In-person,45,N,N
HRG-04129,2025-06-24,CT3,Civil,In-person,43,Y,N
HRG-04130,2025-06-24,CT3,Civil,Virtual,27,N,N
HRG-04131,2025-06-24,CT3,Civil,In-person,57,N,N
HRG-04132,2025-06-24,CT3,Family,In-person,65,N,N
HRG-04133,2025-06-24,CT3,Family,In-person,25,Y,N
HRG-04134,2025-06-24,CT3,Civil,In-person,53,N,N
HRG-04135,2025-06-24,CT3,Civil,In-person,10,N,N
HRG-04136,2025-06-24,CT3,Criminal,In-person,11,N,N
HRG-04137,2025-06-25,CT1,Criminal,In-person,21,N,N
HRG-04138,2025-06-25,CT1,Family,In-person,25,Y,N
HRG-04139,2025-06-25,CT1,Family,In-person,64,N,N
HRG-04140,2025-06-25,CT1,Criminal,In-person,33,N,N
HRG-04141,2025-06-25,CT1,Criminal,In-person,47,Y,N
HRG-04142,2025-06-25,CT1,Criminal,Virtual,48,Y,N
HRG-04143,2025-06-25,CT1,Family,In-person,52,Y,N
HRG-04144,2025-06-25,CT1,Civil,In-person,46,N,N
HRG-04145,2025-06-25,CT1,Family,In-person,41,N,N
HRG-04146,2025-06-25,CT1,Commercial,Hybrid,39,N,N
HRG-04147,2025-06-25,CT2,Criminal,In-person,49,N,N
HRG-04148,2025-06-25,CT2,Civil,In-person,48,N,N
HRG-04149,2025-06-25,CT2,Commercial,In-person,68,Y,N
HRG-04150,2025-06-25,CT2,Criminal,In-person,46,Y,N
HRG-04151,2025-06-25,CT2,Criminal,In-person,31,N,N
HRG-04152,2025-06-25,CT2,Civil,In-person,59,N,N
HRG-04153,2025-06-25,CT2,Civil,In-person,54,N,N
HRG-04154,2025-06-25,CT2,Criminal,In-person,53,N,N
HRG-04155,2025-06-25,CT2,Commercial,Hybrid,53,Y,N
HRG-04156,2025-06-25,CT2,Civil,In-person,57,N,N
HRG-04157,2025-06-25,CT3,Appeal,In-person,44,N,N
HRG-04158,2025-06-25,CT3,Civil,In-person,49,N,N
HRG-04159,2025-06-25,CT3,Criminal,Virtual,41,Y,N
HRG-04160,2025-06-25,CT3,Civil,Hybrid,42,N,N
HRG-04161,2025-06-25,CT3,Family,Virtual,24,Y,Y
HRG-04162,2025-06-25,CT3,Civil,In-person,37,N,N
HRG-04163,2025-06-25,CT3,Criminal,In-person,48,N,N
HRG-04164,2025-06-25,CT3,Criminal,In-person,69,Y,N
HRG-04165,2025-06-25,CT3,Criminal,Virtual,49,N,N
HRG-04166,2025-06-25,CT3,Civil,Virtual,40,Y,N
HRG-04167,2025-06-25,CT3,Civil,In-person,59,N,N
HRG-04168,2025-06-25,CT3,Civil,Virtual,36,N,N
HRG-04169,2025-06-25,CT3,Family,In-person,42,Y,N
HRG-04170,2025-06-26,CT1,Civil,Virtual,53,Y,N
HRG-04171,2025-06-26,CT1,Civil,In-person,13,N,N
HRG-04172,2025-06-26,CT1,Commercial,Hybrid,54,N,N
HRG-04173,2025-06-26,CT1,Civil,In-person,54,N,N
HRG-04174,2025-06-26,CT1,Civil,In-person,31,Y,N
HRG-04175,2025-06-26,CT1,Appeal,In-person,58,N,N
HRG-04176,2025-06-26,CT1,Civil,In-person,65,Y,N
HRG-04177,2025-06-26,CT1,Civil,In-person,25,N,N
HRG-04178,2025-06-26,CT1,Appeal,Virtual,33,N,N
HRG-04179,2025-06-26,CT1,Criminal,Virtual,69,N,N
HRG-04180,2025-06-26,CT1,Civil,In-person,54,Y,N
HRG-04181,2025-06-26,CT1,Commercial,In-person,42,N,N
HRG-04182,2025-06-26,CT1,Civil,Hybrid,51,N,N
HRG-04183,2025-06-26,CT1,Commercial,Virtual,32,N,N
HRG-04184,2025-06-26,CT2,Commercial,Hybrid,17,Y,N
HRG-04185,2025-06-26,CT2,Family,In-person,71,N,N
HRG-04186,2025-06-26,CT2,Civil,In-person,46,Y,N
HRG-04187,2025-06-26,CT2,Criminal,In-person,19,N,N
HRG-04188,2025-06-26,CT2,Criminal,In-person,66,N,N
HRG-04189,2025-06-26,CT2,Criminal,In-person,44,N,N
HRG-04190,2025-06-26,CT2,Criminal,Hybrid,46,Y,Y
HRG-04191,2025-06-26,CT2,Criminal,In-person,73,N,N
HRG-04192,2025-06-26,CT2,Family,In-person,66,N,N
HRG-04193,2025-06-26,CT2,Family,In-person,51,N,N
HRG-04194,2025-06-26,CT2,Commercial,Hybrid,41,N,N
HRG-04195,2025-06-26,CT3,Civil,In-person,51,N,N
HRG-04196,2025-06-26,CT3,Family,In-person,45,N,N
HRG-04197,2025-06-26,CT3,Appeal,In-person,22,Y,N
HRG-04198,2025-06-26,CT3,Family,Virtual,70,N,N
HRG-04199,2025-06-26,CT3,Civil,In-person,69,N,N
HRG-04200,2025-06-26,CT3,Criminal,In-person,69,N,N
HRG-04201,2025-06-26,CT3,Criminal,In-person,34,Y,N
HRG-04202,2025-06-26,CT3,Commercial,In-person,32,N,N
HRG-04203,2025-06-26,CT3,Civil,In-person,32,Y,N
HRG-04204,2025-06-26,CT3,Commercial,In-person,51,N,N
HRG-04205,2025-06-27,CT1,Civil,In-person,55,Y,N
HRG-04206,2025-06-27,CT1,Criminal,Hybrid,13,N,N
HRG-04207,2025-06-27,CT1,Family,In-person,53,Y,N
HRG-04208,2025-06-27,CT1,Family,In-person,40,N,N
HRG-04209,2025-06-27,CT1,Civil,Virtual,34,N,Y
HRG-04210,2025-06-27,CT1,Civil,Hybrid,31,N,N
HRG-04211,2025-06-27,CT1,Civil,In-person,54,Y,N
HRG-04212,2025-06-27,CT1,Family,In-person,50,Y,N
HRG-04213,2025-06-27,CT1,Civil,In-person,46,N,N
HRG-04214,2025-06-27,CT1,Appeal,In-person,29,N,N
HRG-04215,2025-06-27,CT1,Commercial,Virtual,41,N,N
HRG-04216,2025-06-27,CT1,Criminal,In-person,63,N,N
HRG-04217,2025-06-27,CT1,Criminal,In-person,60,N,N
HRG-04218,2025-06-27,CT1,Commercial,In-person,33,N,N
HRG-04219,2025-06-27,CT1,Family,Virtual,23,N,N
HRG-04220,2025-06-27,CT1,Family,In-person,33,Y,N
HRG-04221,2025-06-27,CT1,Criminal,In-person,60,N,N
HRG-04222,2025-06-27,CT2,Civil,In-person,44,N,N
HRG-04223,2025-06-27,CT2,Criminal,In-person,35,N,N
HRG-04224,2025-06-27,CT2,Criminal,In-person,47,N,N
HRG-04225,2025-06-27,CT2,Civil,In-person,23,N,N
HRG-04226,2025-06-27,CT2,Criminal,Hybrid,36,N,N
HRG-04227,2025-06-27,CT2,Civil,In-person,26,N,N
HRG-04228,2025-06-27,CT2,Criminal,In-person,39,Y,N
HRG-04229,2025-06-27,CT3,Commercial,In-person,25,N,N
HRG-04230,2025-06-27,CT3,Civil,In-person,56,N,N
HRG-04231,2025-06-27,CT3,Commercial,In-person,60,Y,N
HRG-04232,2025-06-27,CT3,Family,In-person,41,N,N
HRG-04233,2025-06-27,CT3,Civil,In-person,69,N,N
HRG-04234,2025-06-27,CT3,Criminal,In-person,54,Y,N
HRG-04235,2025-06-30,CT1,Commercial,Virtual,46,N,N
HRG-04236,2025-06-30,CT1,Criminal,Hybrid,35,Y,N
HRG-04237,2025-06-30,CT1,Appeal,In-person,37,N,N
HRG-04238,2025-06-30,CT1,Civil,In-person,51,N,N
HRG-04239,2025-06-30,CT1,Family,Virtual,40,N,N
HRG-04240,2025-06-30,CT1,Criminal,Virtual,24,N,N
HRG-04241,2025-06-30,CT1,Appeal,In-person,49,Y,N
HRG-04242,2025-06-30,CT1,Criminal,Virtual,28,N,N
HRG-04243,2025-06-30,CT1,Civil,Virtual,25,N,N
HRG-04244,2025-06-30,CT1,Criminal,In-person,51,N,N
HRG-04245,2025-06-30,CT1,Criminal,In-person,45,N,N
HRG-04246,2025-06-30,CT1,Civil,Virtual,66,N,N
HRG-04247,2025-06-30,CT1,Criminal,In-person,63,N,N
HRG-04248,2025-06-30,CT2,Civil,In-person,64,Y,N
HRG-04249,2025-06-30,CT2,Family,In-person,15,N,N
HRG-04250,2025-06-30,CT2,Appeal,In-person,58,N,N
HRG-04251,2025-06-30,CT2,Civil,In-person,44,N,N
HRG-04252,2025-06-30,CT2,Criminal,Virtual,34,N,N
HRG-04253,2025-06-30,CT2,Family,In-person,44,N,N
HRG-04254,2025-06-30,CT2,Commercial,In-person,48,Y,N
HRG-04255,2025-06-30,CT2,Criminal,Virtual,53,N,N
HRG-04256,2025-06-30,CT2,Commercial,In-person,41,N,N
HRG-04257,2025-06-30,CT2,Family,In-person,48,N,N
HRG-04258,2025-06-30,CT3,Family,In-person,50,N,N
HRG-04259,2025-06-30,CT3,Criminal,In-person,41,Y,N
HRG-04260,2025-06-30,CT3,Criminal,In-person,53,N,N
HRG-04261,2025-06-30,CT3,Civil,In-person,24,N,N
HRG-04262,2025-06-30,CT3,Civil,In-person,61,Y,N
HRG-04263,2025-06-30,CT3,Family,In-person,45,Y,N
HRG-04264,2025-06-30,CT3,Criminal,In-person,41,N,N
HRG-04265,2025-06-30,CT3,Family,In-person,50,Y,N
HRG-04266,2025-06-30,CT3,Criminal,In-person,38,N,N
HRG-04267,2025-06-30,CT3,Civil,In-person,66,Y,N
HRG-04268,2025-06-30,CT3,Civil,Virtual,13,N,N
HRG-04269,2025-06-30,CT3,Civil,In-person,41,N,N
HRG-04270,2025-07-01,CT1,Criminal,In-person,71,Y,N
HRG-04271,2025-07-01,CT1,Criminal,Virtual,38,N,N
HRG-04272,2025-07-01,CT1,Civil,Virtual,40,N,N
HRG-04273,2025-07-01,CT1,Criminal,Virtual,59,Y,Y
HRG-04274,2025-07-01,CT1,Civil,In-person,24,N,N
HRG-04275,2025-07-01,CT1,Criminal,Virtual,43,N,N
HRG-04276,2025-07-01,CT1,Criminal,Virtual,36,N,N
HRG-04277,2025-07-01,CT1,Family,Virtual,55,N,N
HRG-04278,2025-07-01,CT1,Criminal,In-person,31,N,N
HRG-04279,2025-07-01,CT1,Civil,Hybrid,36,N,N
HRG-04280,2025-07-01,CT1,Civil,In-person,48,N,N
HRG-04281,2025-07-01,CT1,Civil,Virtual,22,Y,Y
HRG-04282,2025-07-01,CT1,Commercial,In-person,56,N,N
HRG-04283,2025-07-01,CT2,Family,In-person,40,Y,N
HRG-04284,2025-07-01,CT2,Commercial,In-person,35,N,N
HRG-04285,2025-07-01,CT2,Civil,In-person,24,Y,N
HRG-04286,2025-07-01,CT2,Family,In-person,56,N,N
HRG-04287,2025-07-01,CT2,Commercial,In-person,62,N,N
HRG-04288,2025-07-01,CT2,Appeal,Virtual,22,N,N
HRG-04289,2025-07-01,CT2,Criminal,In-person,43,N,N
HRG-04290,2025-07-01,CT2,Civil,In-person,59,Y,N
HRG-04291,2025-07-01,CT2,Commercial,In-person,33,N,N
HRG-04292,2025-07-01,CT2,Civil,Virtual,22,N,N
HRG-04293,2025-07-01,CT3,Civil,In-person,32,N,N
HRG-04294,2025-07-01,CT3,Criminal,In-person,69,N,N
HRG-04295,2025-07-01,CT3,Family,In-person,67,N,N
HRG-04296,2025-07-01,CT3,Criminal,In-person,50,N,N
HRG-04297,2025-07-01,CT3,Civil,In-person,48,Y,N
HRG-04298,2025-07-01,CT3,Appeal,In-person,35,N,N
HRG-04299,2025-07-02,CT1,Civil,Virtual,53,N,N
HRG-04300,2025-07-02,CT1,Commercial,Virtual,26,N,N
HRG-04301,2025-07-02,CT1,Criminal,In-person,60,N,N
HRG-04302,2025-07-02,CT1,Civil,In-person,44,Y,N
HRG-04303,2025-07-02,CT1,Family,In-person,56,N,N
HRG-04304,2025-07-02,CT1,Criminal,Virtual,47,N,N
HRG-04305,2025-07-02,CT1,Civil,Virtual,64,N,N
HRG-04306,2025-07-02,CT1,Civil,Virtual,19,N,Y
HRG-04307,2025-07-02,CT1,Family,In-person,44,Y,N
HRG-04308,2025-07-02,CT1,Criminal,In-person,56,N,N
HRG-04309,2025-07-02,CT1,Criminal,Virtual,43,N,N
HRG-04310,2025-07-02,CT1,Commercial,In-person,41,N,N
HRG-04311,2025-07-02,CT1,Appeal,Virtual,23,Y,N
HRG-04312,2025-07-02,CT2,Civil,In-person,46,N,N
HRG-04313,2025-07-02,CT2,Family,Hybrid,49,N,N
HRG-04314,2025-07-02,CT2,Criminal,Hybrid,40,N,N
HRG-04315,2025-07-02,CT2,Civil,In-person,35,N,N
HRG-04316,2025-07-02,CT2,Civil,In-person,60,N,N
HRG-04317,2025-07-02,CT2,Criminal,Hybrid,63,N,N
HRG-04318,2025-07-02,CT2,Appeal,Virtual,55,N,N
HRG-04319,2025-07-02,CT3,Civil,In-person,54,N,N
HRG-04320,2025-07-02,CT3,Commercial,In-person,59,N,N
HRG-04321,2025-07-02,CT3,Civil,In-person,60,N,N
HRG-04322,2025-07-02,CT3,Civil,In-person,24,Y,N
HRG-04323,2025-07-02,CT3,Appeal,In-person,55,N,N
HRG-04324,2025-07-02,CT3,Commercial,In-person,78,N,N
HRG-04325,2025-07-02,CT3,Civil,Hybrid,46,Y,N
HRG-04326,2025-07-02,CT3,Criminal,In-person,23,N,N
HRG-04327,2025-07-02,CT3,Civil,Virtual,22,N,N
HRG-04328,2025-07-02,CT3,Family,In-person,58,Y,N
HRG-04329,2025-07-03,CT1,Criminal,Virtual,15,N,N
HRG-04330,2025-07-03,CT1,Family,Virtual,45,N,Y
HRG-04331,2025-07-03,CT1,Criminal,In-person,48,N,N
HRG-04332,2025-07-03,CT1,Criminal,In-person,54,Y,N
HRG-04333,2025-07-03,CT1,Civil,In-person,56,N,N
HRG-04334,2025-07-03,CT1,Appeal,Hybrid,46,N,N
HRG-04335,2025-07-03,CT1,Civil,Virtual,44,N,N
HRG-04336,2025-07-03,CT1,Civil,In-person,47,N,N
HRG-04337,2025-07-03,CT1,Commercial,In-person,22,Y,N
HRG-04338,2025-07-03,CT1,Civil,In-person,80,N,N
HRG-04339,2025-07-03,CT1,Civil,In-person,42,N,N
HRG-04340,2025-07-03,CT1,Commercial,In-person,47,Y,N
HRG-04341,2025-07-03,CT1,Family,In-person,57,N,N
HRG-04342,2025-07-03,CT1,Commercial,Virtual,61,N,N
HRG-04343,2025-07-03,CT1,Appeal,In-person,42,N,N
HRG-04344,2025-07-03,CT2,Civil,In-person,41,Y,N
HRG-04345,2025-07-03,CT2,Family,In-person,51,N,N
HRG-04346,2025-07-03,CT2,Criminal,In-person,61,N,N
HRG-04347,2025-07-03,CT2,Criminal,In-person,32,N,N
HRG-04348,2025-07-03,CT2,Commercial,In-person,75,Y,N
HRG-04349,2025-07-03,CT2,Commercial,In-person,53,N,N
HRG-04350,2025-07-03,CT2,Criminal,In-person,58,N,N
HRG-04351,2025-07-03,CT2,Commercial,In-person,50,N,N
HRG-04352,2025-07-03,CT2,Criminal,In-person,66,N,N
HRG-04353,2025-07-03,CT2,Criminal,Hybrid,29,Y,N
HRG-04354,2025-07-03,CT2,Commercial,In-person,57,N,N
HRG-04355,2025-07-03,CT3,Civil,In-person,36,N,N
HRG-04356,2025-07-03,CT3,Civil,In-person,50,N,N
HRG-04357,2025-07-03,CT3,Civil,In-person,32,N,N
HRG-04358,2025-07-03,CT3,Criminal,Virtual,25,N,N
HRG-04359,2025-07-03,CT3,Commercial,In-person,67,N,N
HRG-04360,2025-07-03,CT3,Criminal,In-person,57,Y,N
HRG-04361,2025-07-03,CT3,Civil,In-person,80,N,N
HRG-04362,2025-07-03,CT3,Criminal,In-person,63,N,N
HRG-04363,2025-07-03,CT3,Family,In-person,43,N,N
HRG-04364,2025-07-03,CT3,Civil,In-person,42,Y,N
HRG-04365,2025-07-03,CT3,Criminal,Hybrid,35,N,N
HRG-04366,2025-07-03,CT3,Commercial,In-person,58,N,N
HRG-04367,2025-07-03,CT3,Civil,In-person,36,Y,N
HRG-04368,2025-07-03,CT3,Civil,In-person,53,Y,N
HRG-04369,2025-07-04,CT1,Civil,In-person,30,N,N
HRG-04370,2025-07-04,CT1,Commercial,In-person,70,N,N
HRG-04371,2025-07-04,CT1,Appeal,In-person,74,N,N
HRG-04372,2025-07-04,CT1,Family,Virtual,60,N,N
HRG-04373,2025-07-04,CT1,Commercial,In-person,49,N,N
HRG-04374,2025-07-04,CT1,Civil,In-person,21,N,N
HRG-04375,2025-07-04,CT1,Criminal,In-person,50,N,N
HRG-04376,2025-07-04,CT1,Criminal,Virtual,46,N,N
HRG-04377,2025-07-04,CT1,Appeal,Virtual,34,Y,N
HRG-04378,2025-07-04,CT1,Civil,In-person,82,Y,N
HRG-04379,2025-07-04,CT1,Commercial,Virtual,53,N,N
HRG-04380,2025-07-04,CT1,Criminal,In-person,46,N,N
HRG-04381,2025-07-04,CT2,Family,Hybrid,44,N,N
HRG-04382,2025-07-04,CT2,Criminal,In-person,52,Y,N
HRG-04383,2025-07-04,CT2,Criminal,In-person,50,N,N
HRG-04384,2025-07-04,CT2,Criminal,In-person,36,N,N
HRG-04385,2025-07-04,CT2,Criminal,In-person,26,N,N
HRG-04386,2025-07-04,CT2,Civil,In-person,51,N,N
HRG-04387,2025-07-04,CT2,Commercial,In-person,60,Y,N
HRG-04388,2025-07-04,CT3,Family,In-person,59,N,N
HRG-04389,2025-07-04,CT3,Civil,In-person,25,N,N
HRG-04390,2025-07-04,CT3,Civil,In-person,46,N,N
HRG-04391,2025-07-04,CT3,Family,Virtual,32,N,N
HRG-04392,2025-07-04,CT3,Civil,Virtual,18,N,N
HRG-04393,2025-07-04,CT3,Civil,In-person,54,N,N
HRG-04394,2025-07-04,CT3,Civil,In-person,36,N,N
HRG-04395,2025-07-04,CT3,Civil,In-person,66,N,N
HRG-04396,2025-07-04,CT3,Criminal,Virtual,60,N,N
HRG-04397,2025-07-04,CT3,Family,In-person,62,N,N
HRG-04398,2025-07-07,CT1,Commercial,In-person,37,N,N
HRG-04399,2025-07-07,CT1,Civil,Virtual,65,N,N
HRG-04400,2025-07-07,CT1,Civil,In-person,51,N,N
HRG-04401,2025-07-07,CT1,Civil,In-person,57,Y,N
HRG-04402,2025-07-07,CT1,Commercial,In-person,72,N,N
HRG-04403,2025-07-07,CT1,Appeal,Virtual,33,Y,N
HRG-04404,2025-07-07,CT1,Criminal,Hybrid,24,Y,N
HRG-04405,2025-07-07,CT1,Appeal,In-person,59,Y,N
HRG-04406,2025-07-07,CT1,Civil,In-person,49,N,N
HRG-04407,2025-07-07,CT1,Criminal,Virtual,57,N,N
HRG-04408,2025-07-07,CT1,Civil,In-person,49,N,N
HRG-04409,2025-07-07,CT1,Family,In-person,73,N,N
HRG-04410,2025-07-07,CT1,Family,In-person,68,N,N
HRG-04411,2025-07-07,CT2,Criminal,Virtual,16,Y,Y
HRG-04412,2025-07-07,CT2,Commercial,Virtual,62,N,N
HRG-04413,2025-07-07,CT2,Civil,In-person,36,N,N
HRG-04414,2025-07-07,CT2,Civil,In-person,35,N,N
HRG-04415,2025-07-07,CT2,Civil,Hybrid,64,Y,N
HRG-04416,2025-07-07,CT2,Criminal,In-person,44,N,N
HRG-04417,2025-07-07,CT2,Appeal,In-person,53,Y,N
HRG-04418,2025-07-07,CT2,Commercial,In-person,15,N,N
HRG-04419,2025-07-07,CT2,Family,In-person,36,N,N
HRG-04420,2025-07-07,CT3,Criminal,In-person,41,Y,N
HRG-04421,2025-07-07,CT3,Criminal,Hybrid,38,N,N
HRG-04422,2025-07-07,CT3,Civil,In-person,52,Y,N
HRG-04423,2025-07-07,CT3,Family,In-person,96,N,N
HRG-04424,2025-07-07,CT3,Commercial,In-person,45,N,N
HRG-04425,2025-07-07,CT3,Appeal,Virtual,12,N,Y
HRG-04426,2025-07-07,CT3,Civil,In-person,43,Y,N
HRG-04427,2025-07-07,CT3,Civil,In-person,50,Y,N
HRG-04428,2025-07-07,CT3,Appeal,In-person,69,N,N
HRG-04429,2025-07-07,CT3,Appeal,In-person,50,Y,N
HRG-04430,2025-07-08,CT1,Family,In-person,43,N,N
HRG-04431,2025-07-08,CT1,Appeal,In-person,32,N,N
HRG-04432,2025-07-08,CT1,Civil,Hybrid,44,N,N
HRG-04433,2025-07-08,CT1,Civil,In-person,49,N,N
HRG-04434,2025-07-08,CT1,Appeal,Virtual,47,Y,Y
HRG-04435,2025-07-08,CT1,Civil,In-person,44,N,N
HRG-04436,2025-07-08,CT1,Commercial,In-person,56,N,N
HRG-04437,2025-07-08,CT1,Family,In-person,44,Y,N
HRG-04438,2025-07-08,CT1,Criminal,Hybrid,35,N,N
HRG-04439,2025-07-08,CT1,Criminal,Virtual,47,N,N
HRG-04440,2025-07-08,CT1,Family,In-person,51,N,N
HRG-04441,2025-07-08,CT2,Criminal,Virtual,34,Y,N
HRG-04442,2025-07-08,CT2,Civil,Virtual,25,N,N
HRG-04443,2025-07-08,CT2,Criminal,In-person,43,N,N
HRG-04444,2025-07-08,CT2,Appeal,In-person,41,N,N
HRG-04445,2025-07-08,CT2,Civil,Virtual,40,N,Y
HRG-04446,2025-07-08,CT2,Criminal,Hybrid,17,N,N
HRG-04447,2025-07-08,CT3,Civil,In-person,22,Y,N
HRG-04448,2025-07-08,CT3,Appeal,In-person,44,N,N
HRG-04449,2025-07-08,CT3,Appeal,In-person,41,N,N
HRG-04450,2025-07-08,CT3,Criminal,In-person,48,N,N
HRG-04451,2025-07-08,CT3,Criminal,In-person,45,N,N
HRG-04452,2025-07-08,CT3,Civil,Virtual,31,N,N
HRG-04453,2025-07-08,CT3,Commercial,In-person,66,N,N
HRG-04454,2025-07-08,CT3,Commercial,In-person,61,N,N
HRG-04455,2025-07-08,CT3,Commercial,In-person,56,N,N
HRG-04456,2025-07-08,CT3,Civil,Virtual,66,N,Y
HRG-04457,2025-07-09,CT1,Family,Virtual,19,N,N
HRG-04458,2025-07-09,CT1,Family,Virtual,28,N,N
HRG-04459,2025-07-09,CT1,Civil,In-person,43,N,N
HRG-04460,2025-07-09,CT1,Family,Virtual,37,N,N
HRG-04461,2025-07-09,CT1,Appeal,In-person,33,N,N
HRG-04462,2025-07-09,CT1,Commercial,In-person,47,N,N
HRG-04463,2025-07-09,CT1,Civil,Virtual,56,N,N
HRG-04464,2025-07-09,CT1,Criminal,In-person,29,N,N
HRG-04465,2025-07-09,CT1,Criminal,In-person,72,Y,N
HRG-04466,2025-07-09,CT1,Civil,In-person,23,N,N
HRG-04467,2025-07-09,CT2,Commercial,In-person,68,N,N
HRG-04468,2025-07-09,CT2,Criminal,In-person,82,Y,N
HRG-04469,2025-07-09,CT2,Commercial,In-person,32,N,N
HRG-04470,2025-07-09,CT2,Commercial,Hybrid,47,N,N
HRG-04471,2025-07-09,CT2,Civil,In-person,40,N,N
HRG-04472,2025-07-09,CT2,Family,In-person,48,N,N
HRG-04473,2025-07-09,CT2,Civil,In-person,42,Y,N
HRG-04474,2025-07-09,CT2,Criminal,In-person,56,N,N
HRG-04475,2025-07-09,CT3,Family,In-person,56,N,N
HRG-04476,2025-07-09,CT3,Civil,In-person,56,Y,N
HRG-04477,2025-07-09,CT3,Civil,In-person,83,N,N
HRG-04478,2025-07-09,CT3,Commercial,In-person,56,N,N
HRG-04479,2025-07-09,CT3,Criminal,In-person,22,N,N
HRG-04480,2025-07-09,CT3,Civil,In-person,51,Y,N
HRG-04481,2025-07-09,CT3,Civil,In-person,38,N,N
HRG-04482,2025-07-09,CT3,Criminal,In-person,36,N,N
HRG-04483,2025-07-09,CT3,Family,Hybrid,37,N,Y
HRG-04484,2025-07-09,CT3,Criminal,In-person,66,N,N
HRG-04485,2025-07-09,CT3,Civil,Virtual,45,Y,Y
HRG-04486,2025-07-09,CT3,Criminal,Hybrid,52,N,N
HRG-04487,2025-07-09,CT3,Family,Virtual,41,N,N
HRG-04488,2025-07-09,CT3,Family,Hybrid,29,N,N
HRG-04489,2025-07-10,CT1,Civil,Hybrid,30,N,N
HRG-04490,2025-07-10,CT1,Family,In-person,48,Y,N
HRG-04491,2025-07-10,CT1,Criminal,Virtual,25,N,N
HRG-04492,2025-07-10,CT1,Civil,Virtual,32,N,N
HRG-04493,2025-07-10,CT1,Commercial,Virtual,47,Y,Y
HRG-04494,2025-07-10,CT1,Criminal,In-person,45,N,N
HRG-04495,2025-07-10,CT1,Civil,Hybrid,50,N,N
HRG-04496,2025-07-10,CT1,Civil,In-person,68,N,N
HRG-04497,2025-07-10,CT1,Family,In-person,59,Y,N
HRG-04498,2025-07-10,CT1,Civil,Virtual,31,N,N
HRG-04499,2025-07-10,CT1,Civil,In-person,75,Y,N
HRG-04500,2025-07-10,CT1,Commercial,In-person,65,N,N
HRG-04501,2025-07-10,CT1,Criminal,In-person,60,N,N
HRG-04502,2025-07-10,CT1,Civil,Virtual,36,N,N
HRG-04503,2025-07-10,CT2,Family,Hybrid,12,N,Y
HRG-04504,2025-07-10,CT2,Criminal,In-person,52,N,N
HRG-04505,2025-07-10,CT2,Family,In-person,44,N,N
HRG-04506,2025-07-10,CT2,Criminal,In-person,46,Y,N
HRG-04507,2025-07-10,CT2,Civil,Virtual,56,N,N
HRG-04508,2025-07-10,CT2,Family,In-person,37,Y,N
HRG-04509,2025-07-10,CT2,Civil,In-person,58,N,N
HRG-04510,2025-07-10,CT3,Commercial,In-person,45,N,N
HRG-04511,2025-07-10,CT3,Civil,In-person,44,N,N
HRG-04512,2025-07-10,CT3,Family,In-person,61,N,N
HRG-04513,2025-07-10,CT3,Family,In-person,49,N,N
HRG-04514,2025-07-10,CT3,Commercial,In-person,42,N,N
HRG-04515,2025-07-10,CT3,Criminal,In-person,49,N,N
HRG-04516,2025-07-10,CT3,Civil,In-person,63,N,N
HRG-04517,2025-07-10,CT3,Civil,In-person,74,Y,N
HRG-04518,2025-07-10,CT3,Criminal,In-person,54,N,N
HRG-04519,2025-07-10,CT3,Criminal,Virtual,65,N,N
HRG-04520,2025-07-11,CT1,Civil,Virtual,48,N,N
HRG-04521,2025-07-11,CT1,Family,Virtual,31,N,N
HRG-04522,2025-07-11,CT1,Civil,In-person,23,Y,N
HRG-04523,2025-07-11,CT1,Criminal,In-person,45,N,N
HRG-04524,2025-07-11,CT1,Appeal,In-person,79,N,N
HRG-04525,2025-07-11,CT1,Family,Virtual,20,Y,Y
HRG-04526,2025-07-11,CT1,Criminal,Virtual,29,N,N
HRG-04527,2025-07-11,CT1,Criminal,In-person,63,Y,N
HRG-04528,2025-07-11,CT1,Commercial,In-person,56,N,N
HRG-04529,2025-07-11,CT1,Civil,In-person,52,Y,N
HRG-04530,2025-07-11,CT1,Civil,In-person,63,N,N
HRG-04531,2025-07-11,CT1,Criminal,Virtual,79,N,N
HRG-04532,2025-07-11,CT1,Civil,Virtual,37,Y,Y
HRG-04533,2025-07-11,CT1,Commercial,In-person,34,N,N
HRG-04534,2025-07-11,CT1,Commercial,Virtual,18,N,N
HRG-04535,2025-07-11,CT1,Criminal,In-person,45,N,N
HRG-04536,2025-07-11,CT2,Commercial,Virtual,50,N,N
HRG-04537,2025-07-11,CT2,Commercial,In-person,81,N,N
HRG-04538,2025-07-11,CT2,Commercial,In-person,63,N,N
HRG-04539,2025-07-11,CT2,Criminal,In-person,64,N,N
HRG-04540,2025-07-11,CT2,Appeal,In-person,42,Y,N
HRG-04541,2025-07-11,CT2,Civil,In-person,45,N,N
HRG-04542,2025-07-11,CT2,Criminal,In-person,67,N,N
HRG-04543,2025-07-11,CT2,Criminal,In-person,52,Y,N
HRG-04544,2025-07-11,CT3,Commercial,In-person,51,N,N
HRG-04545,2025-07-11,CT3,Criminal,In-person,76,N,N
HRG-04546,2025-07-11,CT3,Criminal,In-person,50,N,N
HRG-04547,2025-07-11,CT3,Civil,In-person,66,N,N
HRG-04548,2025-07-11,CT3,Appeal,In-person,29,N,N
HRG-04549,2025-07-11,CT3,Civil,In-person,48,N,N
HRG-04550,2025-07-11,CT3,Civil,In-person,72,Y,N
HRG-04551,2025-07-11,CT3,Appeal,In-person,47,N,N
HRG-04552,2025-07-11,CT3,Commercial,In-person,60,N,N
HRG-04553,2025-07-11,CT3,Commercial,In-person,71,Y,N
HRG-04554,2025-07-11,CT3,Criminal,In-person,48,Y,N
HRG-04555,2025-07-11,CT3,Criminal,Hybrid,10,N,N
HRG-04556,2025-07-11,CT3,Civil,Hybrid,50,Y,N
HRG-04557,2025-07-11,CT3,Criminal,In-person,57,N,N
HRG-04558,2025-07-14,CT1,Appeal,In-person,66,Y,N
HRG-04559,2025-07-14,CT1,Civil,In-person,50,N,N
HRG-04560,2025-07-14,CT1,Commercial,In-person,24,N,N
HRG-04561,2025-07-14,CT1,Criminal,In-person,10,N,N
HRG-04562,2025-07-14,CT1,Civil,In-person,36,N,N
HRG-04563,2025-07-14,CT1,Civil,In-person,53,N,N
HRG-04564,2025-07-14,CT1,Family,In-person,54,N,N
HRG-04565,2025-07-14,CT1,Family,Hybrid,46,Y,N
HRG-04566,2025-07-14,CT1,Criminal,In-person,54,Y,N
HRG-04567,2025-07-14,CT1,Civil,Virtual,56,N,N
HRG-04568,2025-07-14,CT1,Civil,In-person,44,N,N
HRG-04569,2025-07-14,CT1,Civil,Hybrid,57,N,N
HRG-04570,2025-07-14,CT2,Criminal,In-person,75,N,N
HRG-04571,2025-07-14,CT2,Civil,In-person,57,Y,N
HRG-04572,2025-07-14,CT2,Civil,In-person,55,N,N
HRG-04573,2025-07-14,CT2,Civil,In-person,50,N,N
HRG-04574,2025-07-14,CT2,Civil,Virtual,59,N,Y
HRG-04575,2025-07-14,CT2,Civil,Virtual,47,Y,Y
HRG-04576,2025-07-14,CT2,Criminal,Virtual,31,Y,N
HRG-04577,2025-07-14,CT2,Commercial,Virtual,39,N,N
HRG-04578,2025-07-14,CT3,Civil,In-person,25,N,N
HRG-04579,2025-07-14,CT3,Family,In-person,35,N,N
HRG-04580,2025-07-14,CT3,Family,In-person,46,N,N
HRG-04581,2025-07-14,CT3,Civil,In-person,80,N,N
HRG-04582,2025-07-14,CT3,Civil,In-person,28,N,N
HRG-04583,2025-07-14,CT3,Civil,In-person,37,Y,N
HRG-04584,2025-07-14,CT3,Commercial,In-person,65,N,N
HRG-04585,2025-07-14,CT3,Commercial,Virtual,60,Y,Y
HRG-04586,2025-07-14,CT3,Civil,In-person,15,N,N
HRG-04587,2025-07-14,CT3,Civil,In-person,39,N,N
HRG-04588,2025-07-14,CT3,Civil,In-person,40,N,N
HRG-04589,2025-07-15,CT1,Civil,In-person,46,Y,N
HRG-04590,2025-07-15,CT1,Criminal,In-person,62,N,N
HRG-04591,2025-07-15,CT1,Family,In-person,60,Y,N
HRG-04592,2025-07-15,CT1,Criminal,In-person,35,N,N
HRG-04593,2025-07-15,CT1,Civil,Virtual,63,Y,N
HRG-04594,2025-07-15,CT1,Family,Virtual,48,N,N
HRG-04595,2025-07-15,CT1,Family,In-person,49,N,N
HRG-04596,2025-07-15,CT1,Family,In-person,48,N,N
HRG-04597,2025-07-15,CT1,Commercial,In-person,48,N,N
HRG-04598,2025-07-15,CT1,Civil,Virtual,38,N,Y
HRG-04599,2025-07-15,CT1,Criminal,In-person,42,N,N
HRG-04600,2025-07-15,CT1,Criminal,In-person,37,N,N
HRG-04601,2025-07-15,CT1,Commercial,In-person,45,N,N
HRG-04602,2025-07-15,CT1,Civil,Virtual,30,N,N
HRG-04603,2025-07-15,CT1,Civil,In-person,58,N,N
HRG-04604,2025-07-15,CT2,Appeal,Virtual,31,N,N
HRG-04605,2025-07-15,CT2,Civil,Virtual,22,N,N
HRG-04606,2025-07-15,CT2,Criminal,In-person,62,N,N
HRG-04607,2025-07-15,CT2,Family,In-person,73,N,N
HRG-04608,2025-07-15,CT2,Commercial,In-person,31,N,N
HRG-04609,2025-07-15,CT2,Criminal,In-person,56,N,N
HRG-04610,2025-07-15,CT2,Civil,In-person,19,N,N
HRG-04611,2025-07-15,CT2,Criminal,In-person,49,Y,N
HRG-04612,2025-07-15,CT3,Civil,In-person,67,Y,N
HRG-04613,2025-07-15,CT3,Criminal,In-person,46,N,N
HRG-04614,2025-07-15,CT3,Civil,In-person,59,Y,N
HRG-04615,2025-07-15,CT3,Civil,Virtual,12,N,N
HRG-04616,2025-07-15,CT3,Civil,In-person,54,N,N
HRG-04617,2025-07-15,CT3,Civil,In-person,41,N,N
HRG-04618,2025-07-15,CT3,Civil,Virtual,42,N,N
HRG-04619,2025-07-15,CT3,Civil,In-person,35,Y,N
HRG-04620,2025-07-15,CT3,Civil,In-person,37,N,N
HRG-04621,2025-07-15,CT3,Family,Virtual,32,N,N
HRG-04622,2025-07-15,CT3,Civil,In-person,64,N,N
HRG-04623,2025-07-15,CT3,Civil,In-person,45,N,N
HRG-04624,2025-07-15,CT3,Appeal,In-person,30,N,N
HRG-04625,2025-07-16,CT1,Civil,In-person,50,N,N
HRG-04626,2025-07-16,CT1,Commercial,In-person,41,Y,N
HRG-04627,2025-07-16,CT1,Commercial,Virtual,18,N,N
HRG-04628,2025-07-16,CT1,Civil,In-person,66,N,N
HRG-04629,2025-07-16,CT1,Civil,Virtual,66,Y,N
HRG-04630,2025-07-16,CT1,Family,In-person,51,N,N
HRG-04631,2025-07-16,CT1,Commercial,Virtual,58,N,N
HRG-04632,2025-07-16,CT1,Commercial,Hybrid,23,Y,Y
HRG-04633,2025-07-16,CT1,Civil,Hybrid,51,N,N
HRG-04634,2025-07-16,CT1,Appeal,In-person,33,Y,N
HRG-04635,2025-07-16,CT1,Criminal,In-person,32,N,N
HRG-04636,2025-07-16,CT1,Civil,In-person,23,N,N
HRG-04637,2025-07-16,CT1,Appeal,Hybrid,35,N,N
HRG-04638,2025-07-16,CT2,Family,In-person,30,N,N
HRG-04639,2025-07-16,CT2,Family,Hybrid,27,N,N
HRG-04640,2025-07-16,CT2,Appeal,In-person,19,Y,N
HRG-04641,2025-07-16,CT2,Civil,In-person,44,Y,N
HRG-04642,2025-07-16,CT2,Civil,In-person,70,Y,N
HRG-04643,2025-07-16,CT2,Appeal,In-person,67,Y,N
HRG-04644,2025-07-16,CT2,Civil,In-person,51,N,N
HRG-04645,2025-07-16,CT3,Civil,In-person,40,N,N
HRG-04646,2025-07-16,CT3,Civil,Hybrid,59,N,N
HRG-04647,2025-07-16,CT3,Family,In-person,54,N,N
HRG-04648,2025-07-16,CT3,Commercial,In-person,35,N,N
HRG-04649,2025-07-16,CT3,Civil,Virtual,35,N,Y
HRG-04650,2025-07-16,CT3,Appeal,In-person,10,N,N
HRG-04651,2025-07-16,CT3,Commercial,Virtual,44,N,N
HRG-04652,2025-07-16,CT3,Family,In-person,35,N,N
HRG-04653,2025-07-16,CT3,Family,In-person,31,N,N
HRG-04654,2025-07-16,CT3,Criminal,In-person,48,Y,N
HRG-04655,2025-07-16,CT3,Criminal,In-person,50,Y,N
HRG-04656,2025-07-17,CT1,Civil,In-person,49,N,N
HRG-04657,2025-07-17,CT1,Civil,In-person,44,N,N
HRG-04658,2025-07-17,CT1,Family,In-person,53,N,N
HRG-04659,2025-07-17,CT1,Commercial,In-person,66,N,N
HRG-04660,2025-07-17,CT1,Criminal,Hybrid,31,N,N
HRG-04661,2025-07-17,CT1,Civil,In-person,39,N,N
HRG-04662,2025-07-17,CT1,Family,Virtual,59,N,N
HRG-04663,2025-07-17,CT1,Civil,In-person,43,N,N
HRG-04664,2025-07-17,CT1,Appeal,Virtual,31,N,N
HRG-04665,2025-07-17,CT1,Civil,In-person,46,N,N
HRG-04666,2025-07-17,CT1,Family,Hybrid,71,N,N
HRG-04667,2025-07-17,CT1,Civil,Virtual,32,N,N
HRG-04668,2025-07-17,CT1,Criminal,Virtual,47,Y,N
HRG-04669,2025-07-17,CT1,Appeal,In-person,72,N,N
HRG-04670,2025-07-17,CT1,Criminal,Virtual,52,N,N
HRG-04671,2025-07-17,CT2,Criminal,Virtual,16,N,N
HRG-04672,2025-07-17,CT2,Criminal,In-person,34,N,N
HRG-04673,2025-07-17,CT2,Civil,Virtual,26,N,N
HRG-04674,2025-07-17,CT2,Civil,In-person,55,N,N
HRG-04675,2025-07-17,CT2,Family,In-person,46,N,N
HRG-04676,2025-07-17,CT2,Criminal,In-person,78,N,N
HRG-04677,2025-07-17,CT2,Criminal,In-person,46,N,N
HRG-04678,2025-07-17,CT2,Criminal,In-person,91,N,N
HRG-04679,2025-07-17,CT2,Family,In-person,57,N,N
HRG-04680,2025-07-17,CT2,Appeal,In-person,28,Y,N
HRG-04681,2025-07-17,CT2,Civil,Hybrid,49,N,N
HRG-04682,2025-07-17,CT3,Civil,In-person,55,N,N
HRG-04683,2025-07-17,CT3,Appeal,Virtual,39,N,N
HRG-04684,2025-07-17,CT3,Civil,Virtual,10,N,N
HRG-04685,2025-07-17,CT3,Appeal,In-person,71,N,N
HRG-04686,2025-07-17,CT3,Family,In-person,59,N,N
HRG-04687,2025-07-17,CT3,Criminal,In-person,58,N,N
HRG-04688,2025-07-17,CT3,Commercial,Virtual,28,Y,Y
HRG-04689,2025-07-17,CT3,Commercial,Hybrid,16,N,N
HRG-04690,2025-07-17,CT3,Commercial,In-person,66,N,N
HRG-04691,2025-07-17,CT3,Civil,In-person,55,N,N
HRG-04692,2025-07-17,CT3,Appeal,Virtual,33,N,N
HRG-04693,2025-07-17,CT3,Civil,In-person,80,N,N
HRG-04694,2025-07-18,CT1,Appeal,In-person,59,N,N
HRG-04695,2025-07-18,CT1,Appeal,In-person,60,N,N
HRG-04696,2025-07-18,CT1,Civil,In-person,49,N,N
HRG-04697,2025-07-18,CT1,Civil,In-person,36,N,N
HRG-04698,2025-07-18,CT1,Civil,In-person,77,Y,N
HRG-04699,2025-07-18,CT1,Criminal,Hybrid,61,N,N
HRG-04700,2025-07-18,CT1,Civil,Virtual,64,N,N
HRG-04701,2025-07-18,CT1,Criminal,Virtual,61,N,N
HRG-04702,2025-07-18,CT1,Family,Hybrid,17,N,N
HRG-04703,2025-07-18,CT1,Family,In-person,65,N,N
HRG-04704,2025-07-18,CT1,Family,Hybrid,28,N,N
HRG-04705,2025-07-18,CT1,Criminal,Virtual,24,N,N
HRG-04706,2025-07-18,CT1,Family,Virtual,23,N,N
HRG-04707,2025-07-18,CT1,Criminal,In-person,50,N,N
HRG-04708,2025-07-18,CT2,Criminal,Virtual,18,N,N
HRG-04709,2025-07-18,CT2,Criminal,Virtual,40,N,N
HRG-04710,2025-07-18,CT2,Civil,In-person,55,Y,N
HRG-04711,2025-07-18,CT2,Civil,In-person,97,N,N
HRG-04712,2025-07-18,CT2,Civil,Virtual,27,N,N
HRG-04713,2025-07-18,CT2,Commercial,Virtual,74,N,N
HRG-04714,2025-07-18,CT2,Criminal,Virtual,27,N,N
HRG-04715,2025-07-18,CT2,Family,In-person,62,Y,N
HRG-04716,2025-07-18,CT2,Civil,In-person,54,Y,N
HRG-04717,2025-07-18,CT2,Civil,Virtual,15,N,N
HRG-04718,2025-07-18,CT3,Commercial,In-person,51,Y,N
HRG-04719,2025-07-18,CT3,Civil,In-person,68,N,N
HRG-04720,2025-07-18,CT3,Civil,In-person,58,N,N
HRG-04721,2025-07-18,CT3,Commercial,In-person,53,Y,N
HRG-04722,2025-07-18,CT3,Appeal,In-person,39,N,N
HRG-04723,2025-07-18,CT3,Criminal,Virtual,32,N,N
HRG-04724,2025-07-18,CT3,Commercial,In-person,77,Y,N
HRG-04725,2025-07-18,CT3,Commercial,In-person,61,Y,N
HRG-04726,2025-07-18,CT3,Civil,Hybrid,82,N,N
HRG-04727,2025-07-18,CT3,Commercial,Virtual,10,Y,N
HRG-04728,2025-07-21,CT1,Civil,Virtual,41,Y,Y
HRG-04729,2025-07-21,CT1,Appeal,In-person,41,N,N
HRG-04730,2025-07-21,CT1,Criminal,Virtual,36,N,N
HRG-04731,2025-07-21,CT1,Commercial,Hybrid,10,N,N
HRG-04732,2025-07-21,CT1,Appeal,In-person,72,N,N
HRG-04733,2025-07-21,CT1,Appeal,In-person,60,Y,N
HRG-04734,2025-07-21,CT1,Civil,Virtual,19,Y,Y
HRG-04735,2025-07-21,CT1,Criminal,Virtual,29,N,N
HRG-04736,2025-07-21,CT1,Civil,Virtual,48,N,N
HRG-04737,2025-07-21,CT2,Civil,In-person,38,N,N
HRG-04738,2025-07-21,CT2,Criminal,In-person,54,N,N
HRG-04739,2025-07-21,CT2,Commercial,Virtual,58,N,N
HRG-04740,2025-07-21,CT2,Commercial,Virtual,38,N,Y
HRG-04741,2025-07-21,CT2,Criminal,In-person,50,Y,N
HRG-04742,2025-07-21,CT2,Commercial,Virtual,33,N,N
HRG-04743,2025-07-21,CT2,Criminal,In-person,41,N,N
HRG-04744,2025-07-21,CT2,Family,Virtual,31,N,N
HRG-04745,2025-07-21,CT3,Family,In-person,37,N,N
HRG-04746,2025-07-21,CT3,Civil,In-person,39,N,N
HRG-04747,2025-07-21,CT3,Criminal,In-person,53,N,N
HRG-04748,2025-07-21,CT3,Family,Virtual,21,N,Y
HRG-04749,2025-07-21,CT3,Family,Virtual,36,N,N
HRG-04750,2025-07-21,CT3,Civil,In-person,45,N,N
HRG-04751,2025-07-21,CT3,Civil,In-person,50,Y,N
HRG-04752,2025-07-21,CT3,Criminal,In-person,40,N,N
HRG-04753,2025-07-21,CT3,Civil,In-person,40,N,N
HRG-04754,2025-07-21,CT3,Criminal,In-person,30,N,N
HRG-04755,2025-07-22,CT1,Appeal,Virtual,54,N,N
HRG-04756,2025-07-22,CT1,Criminal,Virtual,21,N,N
HRG-04757,2025-07-22,CT1,Criminal,Virtual,49,N,N
HRG-04758,2025-07-22,CT1,Criminal,In-person,40,N,N
HRG-04759,2025-07-22,CT1,Criminal,In-person,25,Y,N
HRG-04760,2025-07-22,CT1,Civil,Hybrid,33,N,N
HRG-04761,2025-07-22,CT1,Civil,In-person,58,Y,N
HRG-04762,2025-07-22,CT1,Criminal,In-person,85,Y,N
HRG-04763,2025-07-22,CT1,Appeal,Virtual,40,N,N
HRG-04764,2025-07-22,CT1,Civil,Hybrid,15,N,Y
HRG-04765,2025-07-22,CT1,Family,Virtual,41,N,N
HRG-04766,2025-07-22,CT1,Family,Virtual,64,Y,N
HRG-04767,2025-07-22,CT1,Civil,In-person,42,N,N
HRG-04768,2025-07-22,CT2,Civil,In-person,39,N,N
HRG-04769,2025-07-22,CT2,Criminal,In-person,35,N,N
HRG-04770,2025-07-22,CT2,Criminal,In-person,54,N,N
HRG-04771,2025-07-22,CT2,Civil,In-person,36,N,N
HRG-04772,2025-07-22,CT2,Civil,Virtual,13,Y,N
HRG-04773,2025-07-22,CT2,Commercial,In-person,49,N,N
HRG-04774,2025-07-22,CT2,Commercial,In-person,60,N,N
HRG-04775,2025-07-22,CT2,Commercial,In-person,20,N,N
HRG-04776,2025-07-22,CT2,Civil,In-person,44,N,N
HRG-04777,2025-07-22,CT2,Commercial,In-person,44,N,N
HRG-04778,2025-07-22,CT2,Family,Hybrid,42,N,N
HRG-04779,2025-07-22,CT2,Family,In-person,33,N,N
HRG-04780,2025-07-22,CT2,Civil,Hybrid,43,N,N
HRG-04781,2025-07-22,CT3,Criminal,In-person,31,N,N
HRG-04782,2025-07-22,CT3,Civil,Hybrid,22,Y,Y
HRG-04783,2025-07-22,CT3,Commercial,In-person,45,N,N
HRG-04784,2025-07-22,CT3,Family,Hybrid,40,N,N
HRG-04785,2025-07-22,CT3,Criminal,Virtual,60,Y,N
HRG-04786,2025-07-22,CT3,Civil,In-person,63,N,N
HRG-04787,2025-07-22,CT3,Commercial,Hybrid,31,N,N
HRG-04788,2025-07-22,CT3,Criminal,In-person,51,N,N
HRG-04789,2025-07-22,CT3,Commercial,In-person,39,N,N
HRG-04790,2025-07-23,CT1,Criminal,In-person,22,N,N
HRG-04791,2025-07-23,CT1,Civil,Virtual,71,N,N
HRG-04792,2025-07-23,CT1,Criminal,Hybrid,38,N,Y
HRG-04793,2025-07-23,CT1,Criminal,Virtual,17,N,N
HRG-04794,2025-07-23,CT1,Family,In-person,40,Y,N
HRG-04795,2025-07-23,CT1,Criminal,Virtual,26,Y,Y
HRG-04796,2025-07-23,CT1,Criminal,Virtual,11,N,N
HRG-04797,2025-07-23,CT1,Criminal,In-person,39,N,N
HRG-04798,2025-07-23,CT1,Appeal,In-person,43,N,N
HRG-04799,2025-07-23,CT1,Commercial,Hybrid,32,N,N
HRG-04800,2025-07-23,CT1,Civil,Virtual,48,Y,Y
HRG-04801,2025-07-23,CT1,Criminal,Hybrid,30,N,N
HRG-04802,2025-07-23,CT1,Appeal,In-person,59,Y,N
HRG-04803,2025-07-23,CT1,Criminal,In-person,53,N,N
HRG-04804,2025-07-23,CT1,Civil,Virtual,38,N,N
HRG-04805,2025-07-23,CT1,Civil,Virtual,43,N,N
HRG-04806,2025-07-23,CT1,Appeal,Hybrid,41,N,N
HRG-04807,2025-07-23,CT1,Criminal,Virtual,30,N,N
HRG-04808,2025-07-23,CT2,Commercial,In-person,56,N,N
HRG-04809,2025-07-23,CT2,Criminal,Virtual,35,Y,N
HRG-04810,2025-07-23,CT2,Commercial,In-person,68,N,N
HRG-04811,2025-07-23,CT2,Commercial,Virtual,36,Y,Y
HRG-04812,2025-07-23,CT2,Criminal,Virtual,46,N,N
HRG-04813,2025-07-23,CT2,Criminal,In-person,58,N,N
HRG-04814,2025-07-23,CT2,Civil,In-person,56,Y,N
HRG-04815,2025-07-23,CT2,Commercial,In-person,42,N,N
HRG-04816,2025-07-23,CT2,Civil,In-person,60,N,N
HRG-04817,2025-07-23,CT3,Criminal,In-person,51,N,N
HRG-04818,2025-07-23,CT3,Criminal,In-person,76,N,N
HRG-04819,2025-07-23,CT3,Criminal,In-person,47,N,N
HRG-04820,2025-07-23,CT3,Criminal,In-person,64,Y,N
HRG-04821,2025-07-23,CT3,Commercial,In-person,45,N,N
HRG-04822,2025-07-23,CT3,Civil,In-person,46,N,N
HRG-04823,2025-07-23,CT3,Family,In-person,45,N,N
HRG-04824,2025-07-23,CT3,Family,In-person,53,N,N
HRG-04825,2025-07-23,CT3,Commercial,In-person,79,N,N
HRG-04826,2025-07-23,CT3,Commercial,In-person,52,N,N
HRG-04827,2025-07-24,CT1,Family,Hybrid,49,N,Y
HRG-04828,2025-07-24,CT1,Criminal,In-person,35,Y,N
HRG-04829,2025-07-24,CT1,Civil,In-person,67,N,N
HRG-04830,2025-07-24,CT1,Family,In-person,42,N,N
HRG-04831,2025-07-24,CT1,Commercial,In-person,42,Y,N
HRG-04832,2025-07-24,CT1,Commercial,Virtual,45,N,N
HRG-04833,2025-07-24,CT1,Civil,Virtual,36,N,N
HRG-04834,2025-07-24,CT1,Appeal,In-person,64,N,N
HRG-04835,2025-07-24,CT1,Civil,In-person,51,N,N
HRG-04836,2025-07-24,CT1,Criminal,In-person,32,N,N
HRG-04837,2025-07-24,CT1,Commercial,Hybrid,28,N,Y
HRG-04838,2025-07-24,CT1,Civil,Virtual,39,Y,N
HRG-04839,2025-07-24,CT1,Criminal,In-person,61,N,N
HRG-04840,2025-07-24,CT1,Criminal,In-person,37,N,N
HRG-04841,2025-07-24,CT2,Family,Virtual,33,N,N
HRG-04842,2025-07-24,CT2,Civil,In-person,55,N,N
HRG-04843,2025-07-24,CT2,Criminal,In-person,49,N,N
HRG-04844,2025-07-24,CT2,Commercial,In-person,87,N,N
HRG-04845,2025-07-24,CT2,Civil,In-person,46,Y,N
HRG-04846,2025-07-24,CT2,Appeal,In-person,48,N,N
HRG-04847,2025-07-24,CT2,Commercial,In-person,48,N,N
HRG-04848,2025-07-24,CT2,Civil,In-person,49,N,N
HRG-04849,2025-07-24,CT2,Criminal,Hybrid,39,N,N
HRG-04850,2025-07-24,CT2,Criminal,In-person,40,Y,N
HRG-04851,2025-07-24,CT2,Civil,Virtual,46,Y,Y
HRG-04852,2025-07-24,CT3,Criminal,In-person,47,N,N
HRG-04853,2025-07-24,CT3,Appeal,In-person,59,N,N
HRG-04854,2025-07-24,CT3,Criminal,In-person,68,N,N
HRG-04855,2025-07-24,CT3,Criminal,In-person,60,Y,N
HRG-04856,2025-07-24,CT3,Family,In-person,18,N,N
HRG-04857,2025-07-24,CT3,Criminal,Hybrid,32,N,N
HRG-04858,2025-07-24,CT3,Appeal,In-person,54,Y,N
HRG-04859,2025-07-24,CT3,Civil,In-person,51,N,N
HRG-04860,2025-07-24,CT3,Family,In-person,76,N,N
HRG-04861,2025-07-24,CT3,Family,In-person,72,N,N
HRG-04862,2025-07-24,CT3,Criminal,In-person,52,N,N
HRG-04863,2025-07-24,CT3,Criminal,In-person,46,Y,N
HRG-04864,2025-07-25,CT1,Civil,In-person,27,N,N
HRG-04865,2025-07-25,CT1,Family,In-person,49,N,N
HRG-04866,2025-07-25,CT1,Family,Virtual,44,N,N
HRG-04867,2025-07-25,CT1,Civil,In-person,54,N,N
HRG-04868,2025-07-25,CT1,Commercial,Virtual,47,N,N
HRG-04869,2025-07-25,CT1,Appeal,Virtual,46,N,N
HRG-04870,2025-07-25,CT1,Criminal,In-person,41,N,N
HRG-04871,2025-07-25,CT1,Criminal,In-person,44,N,N
HRG-04872,2025-07-25,CT1,Commercial,Virtual,49,N,N
HRG-04873,2025-07-25,CT1,Appeal,Virtual,46,N,N
HRG-04874,2025-07-25,CT1,Criminal,In-person,44,N,N
HRG-04875,2025-07-25,CT1,Commercial,Virtual,19,N,N
HRG-04876,2025-07-25,CT2,Civil,In-person,48,Y,N
HRG-04877,2025-07-25,CT2,Family,Virtual,71,N,N
HRG-04878,2025-07-25,CT2,Commercial,In-person,57,Y,N
HRG-04879,2025-07-25,CT2,Commercial,In-person,54,N,N
HRG-04880,2025-07-25,CT2,Civil,Virtual,39,N,N
HRG-04881,2025-07-25,CT2,Commercial,Virtual,42,N,N
HRG-04882,2025-07-25,CT2,Family,Virtual,35,N,N
HRG-04883,2025-07-25,CT3,Civil,In-person,60,N,N
HRG-04884,2025-07-25,CT3,Criminal,In-person,43,Y,N
HRG-04885,2025-07-25,CT3,Criminal,In-person,48,N,N
HRG-04886,2025-07-25,CT3,Civil,In-person,64,N,N
HRG-04887,2025-07-25,CT3,Commercial,In-person,47,N,N
HRG-04888,2025-07-25,CT3,Criminal,In-person,44,N,N
HRG-04889,2025-07-25,CT3,Criminal,Virtual,27,Y,N
HRG-04890,2025-07-25,CT3,Criminal,In-person,44,Y,N
HRG-04891,2025-07-25,CT3,Family,Virtual,37,N,N
HRG-04892,2025-07-25,CT3,Civil,In-person,33,Y,N
HRG-04893,2025-07-25,CT3,Commercial,In-person,36,N,N
HRG-04894,2025-07-25,CT3,Family,In-person,51,N,N
HRG-04895,2025-07-25,CT3,Civil,Virtual,44,N,Y
HRG-04896,2025-07-25,CT3,Commercial,Hybrid,32,N,N
HRG-04897,2025-07-25,CT3,Appeal,In-person,18,Y,N
HRG-04898,2025-07-25,CT3,Civil,Virtual,32,N,N
HRG-04899,2025-07-28,CT1,Criminal,Hybrid,44,N,N
HRG-04900,2025-07-28,CT1,Commercial,In-person,41,N,N
HRG-04901,2025-07-28,CT1,Commercial,In-person,27,Y,N
HRG-04902,2025-07-28,CT1,Civil,In-person,14,N,N
HRG-04903,2025-07-28,CT1,Civil,Hybrid,51,Y,N
HRG-04904,2025-07-28,CT1,Family,In-person,40,N,N
HRG-04905,2025-07-28,CT1,Civil,Hybrid,23,N,Y
HRG-04906,2025-07-28,CT1,Criminal,In-person,38,N,N
HRG-04907,2025-07-28,CT1,Criminal,In-person,45,N,N
HRG-04908,2025-07-28,CT1,Civil,In-person,67,Y,N
HRG-04909,2025-07-28,CT1,Criminal,In-person,30,Y,N
HRG-04910,2025-07-28,CT1,Family,In-person,32,Y,N
HRG-04911,2025-07-28,CT2,Civil,In-person,44,Y,N
HRG-04912,2025-07-28,CT2,Criminal,In-person,55,N,N
HRG-04913,2025-07-28,CT2,Criminal,In-person,36,N,N
HRG-04914,2025-07-28,CT2,Civil,In-person,41,Y,N
HRG-04915,2025-07-28,CT2,Civil,In-person,45,Y,N
HRG-04916,2025-07-28,CT2,Civil,In-person,64,N,N
HRG-04917,2025-07-28,CT2,Civil,In-person,61,Y,N
HRG-04918,2025-07-28,CT2,Criminal,In-person,49,Y,N
HRG-04919,2025-07-28,CT2,Family,In-person,38,Y,N
HRG-04920,2025-07-28,CT3,Criminal,Virtual,72,N,N
HRG-04921,2025-07-28,CT3,Criminal,In-person,65,N,N
HRG-04922,2025-07-28,CT3,Commercial,In-person,49,Y,N
HRG-04923,2025-07-28,CT3,Family,In-person,46,N,N
HRG-04924,2025-07-28,CT3,Appeal,In-person,62,N,N
HRG-04925,2025-07-28,CT3,Criminal,In-person,55,N,N
HRG-04926,2025-07-28,CT3,Civil,Virtual,28,N,N
HRG-04927,2025-07-28,CT3,Civil,In-person,50,N,N
HRG-04928,2025-07-28,CT3,Family,In-person,28,N,N
HRG-04929,2025-07-28,CT3,Appeal,In-person,32,N,N
HRG-04930,2025-07-29,CT1,Criminal,Hybrid,27,Y,Y
HRG-04931,2025-07-29,CT1,Civil,In-person,50,N,N
HRG-04932,2025-07-29,CT1,Civil,In-person,10,N,N
HRG-04933,2025-07-29,CT1,Criminal,In-person,40,N,N
HRG-04934,2025-07-29,CT1,Civil,Hybrid,30,N,N
HRG-04935,2025-07-29,CT1,Civil,In-person,43,N,N
HRG-04936,2025-07-29,CT1,Civil,In-person,42,N,N
HRG-04937,2025-07-29,CT1,Family,Virtual,44,N,N
HRG-04938,2025-07-29,CT1,Civil,In-person,40,N,N
HRG-04939,2025-07-29,CT1,Criminal,In-person,58,N,N
HRG-04940,2025-07-29,CT1,Appeal,In-person,69,N,N
HRG-04941,2025-07-29,CT1,Civil,Hybrid,30,N,N
HRG-04942,2025-07-29,CT1,Commercial,Virtual,35,Y,N
HRG-04943,2025-07-29,CT2,Commercial,In-person,54,N,N
HRG-04944,2025-07-29,CT2,Appeal,Virtual,38,N,N
HRG-04945,2025-07-29,CT2,Commercial,In-person,34,N,N
HRG-04946,2025-07-29,CT2,Criminal,In-person,69,N,N
HRG-04947,2025-07-29,CT2,Criminal,In-person,51,Y,N
HRG-04948,2025-07-29,CT2,Family,In-person,52,N,N
HRG-04949,2025-07-29,CT3,Civil,In-person,44,N,N
HRG-04950,2025-07-29,CT3,Criminal,In-person,82,N,N
HRG-04951,2025-07-29,CT3,Criminal,In-person,75,N,N
HRG-04952,2025-07-29,CT3,Family,In-person,52,N,N
HRG-04953,2025-07-29,CT3,Criminal,In-person,33,Y,N
HRG-04954,2025-07-29,CT3,Family,In-person,71,Y,N
HRG-04955,2025-07-29,CT3,Civil,Virtual,52,N,N
HRG-04956,2025-07-29,CT3,Family,In-person,20,Y,N
HRG-04957,2025-07-30,CT1,Civil,Hybrid,66,N,N
HRG-04958,2025-07-30,CT1,Civil,In-person,40,N,N
HRG-04959,2025-07-30,CT1,Criminal,Hybrid,36,N,Y
HRG-04960,2025-07-30,CT1,Commercial,In-person,38,N,N
HRG-04961,2025-07-30,CT1,Commercial,In-person,46,N,N
HRG-04962,2025-07-30,CT1,Criminal,Hybrid,52,N,N
HRG-04963,2025-07-30,CT1,Criminal,Virtual,28,N,N
HRG-04964,2025-07-30,CT1,Civil,In-person,35,Y,N
HRG-04965,2025-07-30,CT1,Civil,In-person,42,Y,N
HRG-04966,2025-07-30,CT1,Commercial,Virtual,56,N,N
HRG-04967,2025-07-30,CT1,Family,In-person,48,Y,N
HRG-04968,2025-07-30,CT2,Civil,Virtual,61,N,Y
HRG-04969,2025-07-30,CT2,Criminal,In-person,48,N,N
HRG-04970,2025-07-30,CT2,Appeal,In-person,26,N,N
HRG-04971,2025-07-30,CT2,Criminal,In-person,51,Y,N
HRG-04972,2025-07-30,CT2,Commercial,In-person,68,Y,N
HRG-04973,2025-07-30,CT2,Commercial,In-person,32,Y,N
HRG-04974,2025-07-30,CT2,Family,Hybrid,57,Y,N
HRG-04975,2025-07-30,CT2,Civil,Virtual,59,N,N
HRG-04976,2025-07-30,CT2,Commercial,Virtual,43,N,N
HRG-04977,2025-07-30,CT3,Civil,In-person,37,N,N
HRG-04978,2025-07-30,CT3,Family,Hybrid,16,N,N
HRG-04979,2025-07-30,CT3,Appeal,Virtual,53,Y,N
HRG-04980,2025-07-30,CT3,Family,In-person,33,Y,N
HRG-04981,2025-07-30,CT3,Criminal,In-person,54,N,N
HRG-04982,2025-07-30,CT3,Civil,In-person,61,N,N
HRG-04983,2025-07-30,CT3,Commercial,In-person,49,Y,N
HRG-04984,2025-07-30,CT3,Civil,In-person,47,N,N
HRG-04985,2025-07-30,CT3,Family,In-person,66,Y,N
HRG-04986,2025-07-30,CT3,Civil,In-person,31,N,N
HRG-04987,2025-07-30,CT3,Family,In-person,36,N,N
HRG-04988,2025-07-31,CT1,Civil,In-person,42,Y,N
HRG-04989,2025-07-31,CT1,Appeal,In-person,42,Y,N
HRG-04990,2025-07-31,CT1,Civil,In-person,51,N,N
HRG-04991,2025-07-31,CT1,Civil,Virtual,21,N,N
HRG-04992,2025-07-31,CT1,Civil,Hybrid,36,N,N
HRG-04993,2025-07-31,CT1,Criminal,In-person,48,N,N
HRG-04994,2025-07-31,CT1,Family,In-person,25,N,N
HRG-04995,2025-07-31,CT1,Civil,In-person,76,N,N
HRG-04996,2025-07-31,CT1,Family,Hybrid,43,N,N
HRG-04997,2025-07-31,CT1,Criminal,In-person,53,N,N
HRG-04998,2025-07-31,CT1,Commercial,In-person,56,Y,N
HRG-04999,2025-07-31,CT2,Civil,In-person,54,Y,N
HRG-05000,2025-07-31,CT2,Commercial,In-person,35,N,N
HRG-05001,2025-07-31,CT2,Family,In-person,53,N,N
HRG-05002,2025-07-31,CT2,Civil,In-person,50,N,N
HRG-05003,2025-07-31,CT2,Criminal,In-person,22,N,N
HRG-05004,2025-07-31,CT2,Family,In-person,20,N,N
HRG-05005,2025-07-31,CT2,Family,In-person,23,N,N
HRG-05006,2025-07-31,CT3,Civil,In-person,42,N,N
HRG-05007,2025-07-31,CT3,Commercial,In-person,37,Y,N
HRG-05008,2025-07-31,CT3,Criminal,In-person,38,N,N
HRG-05009,2025-07-31,CT3,Appeal,Hybrid,35,N,N
HRG-05010,2025-07-31,CT3,Commercial,In-person,12,N,N
HRG-05011,2025-07-31,CT3,Commercial,In-person,64,N,N
HRG-05012,2025-07-31,CT3,Civil,In-person,64,Y,N
HRG-05013,2025-07-31,CT3,Criminal,In-person,41,Y,N
HRG-05014,2025-07-31,CT3,Criminal,Virtual,41,Y,N
HRG-05015,2025-07-31,CT3,Criminal,In-person,53,N,N
HRG-05016,2025-07-31,CT3,Criminal,In-person,46,Y,N
HRG-05017,2025-07-31,CT3,Civil,In-person,28,Y,N
HRG-05018,2025-08-25,CT1,Civil,In-person,74,N,N
HRG-05019,2025-08-25,CT1,Commercial,Hybrid,30,Y,N
HRG-05020,2025-08-25,CT1,Civil,In-person,56,Y,N
HRG-05021,2025-08-25,CT1,Family,Hybrid,40,N,N
HRG-05022,2025-08-25,CT1,Civil,Virtual,55,N,N
HRG-05023,2025-08-25,CT1,Criminal,In-person,53,N,N
HRG-05024,2025-08-25,CT1,Commercial,In-person,27,N,N
HRG-05025,2025-08-25,CT1,Family,In-person,58,Y,N
HRG-05026,2025-08-25,CT1,Family,Virtual,42,N,N
HRG-05027,2025-08-25,CT1,Appeal,In-person,53,N,N
HRG-05028,2025-08-25,CT1,Civil,In-person,44,N,N
HRG-05029,2025-08-25,CT1,Civil,In-person,52,N,N
HRG-05030,2025-08-25,CT1,Criminal,Virtual,50,N,N
HRG-05031,2025-08-25,CT1,Criminal,Hybrid,30,N,N
HRG-05032,2025-08-25,CT2,Criminal,In-person,59,N,N
HRG-05033,2025-08-25,CT2,Criminal,In-person,53,N,N
HRG-05034,2025-08-25,CT2,Commercial,In-person,42,N,N
HRG-05035,2025-08-25,CT2,Criminal,Hybrid,46,N,Y
HRG-05036,2025-08-25,CT2,Commercial,In-person,54,N,N
HRG-05037,2025-08-25,CT2,Commercial,Hybrid,11,Y,N
HRG-05038,2025-08-25,CT2,Criminal,In-person,39,Y,N
HRG-05039,2025-08-25,CT3,Criminal,Virtual,46,Y,N
HRG-05040,2025-08-25,CT3,Civil,Virtual,51,N,N
HRG-05041,2025-08-25,CT3,Criminal,In-person,55,Y,N
HRG-05042,2025-08-25,CT3,Criminal,Hybrid,23,N,N
HRG-05043,2025-08-25,CT3,Commercial,Hybrid,44,N,N
HRG-05044,2025-08-25,CT3,Commercial,Virtual,36,Y,Y
HRG-05045,2025-08-25,CT3,Appeal,Virtual,55,Y,N
HRG-05046,2025-08-25,CT3,Civil,In-person,46,N,N
HRG-05047,2025-08-25,CT3,Commercial,In-person,29,N,N
HRG-05048,2025-08-26,CT1,Civil,In-person,56,N,N
HRG-05049,2025-08-26,CT1,Civil,In-person,64,N,N
HRG-05050,2025-08-26,CT1,Criminal,Virtual,42,N,N
HRG-05051,2025-08-26,CT1,Commercial,In-person,58,Y,N
HRG-05052,2025-08-26,CT1,Criminal,In-person,62,N,N
HRG-05053,2025-08-26,CT1,Family,Virtual,33,N,N
HRG-05054,2025-08-26,CT1,Civil,Virtual,49,N,N
HRG-05055,2025-08-26,CT1,Civil,In-person,19,N,N
HRG-05056,2025-08-26,CT1,Family,In-person,64,N,N
HRG-05057,2025-08-26,CT1,Civil,In-person,36,Y,N
HRG-05058,2025-08-26,CT2,Commercial,In-person,59,Y,N
HRG-05059,2025-08-26,CT2,Civil,In-person,55,N,N
HRG-05060,2025-08-26,CT2,Criminal,Hybrid,37,N,N
HRG-05061,2025-08-26,CT2,Civil,In-person,57,N,N
HRG-05062,2025-08-26,CT2,Family,In-person,26,N,N
HRG-05063,2025-08-26,CT2,Family,Hybrid,66,N,Y
HRG-05064,2025-08-26,CT3,Criminal,Virtual,21,N,Y
HRG-05065,2025-08-26,CT3,Criminal,In-person,48,N,N
HRG-05066,2025-08-26,CT3,Criminal,Hybrid,38,Y,N
HRG-05067,2025-08-26,CT3,Civil,Virtual,42,N,N
HRG-05068,2025-08-26,CT3,Civil,Virtual,55,N,N
HRG-05069,2025-08-26,CT3,Civil,In-person,31,N,N
HRG-05070,2025-08-26,CT3,Appeal,In-person,58,Y,N
HRG-05071,2025-08-26,CT3,Family,In-person,53,Y,N
HRG-05072,2025-08-26,CT3,Appeal,In-person,61,N,N
HRG-05073,2025-08-26,CT3,Commercial,Virtual,49,N,N
HRG-05074,2025-08-27,CT1,Family,In-person,56,N,N
HRG-05075,2025-08-27,CT1,Family,In-person,52,Y,N
HRG-05076,2025-08-27,CT1,Family,Virtual,32,N,N
HRG-05077,2025-08-27,CT1,Commercial,In-person,45,N,N
HRG-05078,2025-08-27,CT1,Criminal,In-person,18,N,N
HRG-05079,2025-08-27,CT1,Civil,Virtual,51,N,N
HRG-05080,2025-08-27,CT1,Criminal,In-person,49,N,N
HRG-05081,2025-08-27,CT1,Criminal,In-person,16,N,N
HRG-05082,2025-08-27,CT1,Commercial,Virtual,40,N,N
HRG-05083,2025-08-27,CT1,Family,Virtual,54,N,N
HRG-05084,2025-08-27,CT1,Commercial,In-person,48,N,N
HRG-05085,2025-08-27,CT1,Criminal,In-person,47,N,N
HRG-05086,2025-08-27,CT1,Commercial,In-person,44,Y,N
HRG-05087,2025-08-27,CT1,Family,In-person,40,N,N
HRG-05088,2025-08-27,CT1,Family,Virtual,34,N,N
HRG-05089,2025-08-27,CT2,Civil,In-person,56,N,N
HRG-05090,2025-08-27,CT2,Civil,In-person,44,N,N
HRG-05091,2025-08-27,CT2,Appeal,In-person,36,Y,N
HRG-05092,2025-08-27,CT2,Family,Virtual,16,N,N
HRG-05093,2025-08-27,CT2,Civil,In-person,48,N,N
HRG-05094,2025-08-27,CT2,Civil,In-person,44,N,N
HRG-05095,2025-08-27,CT2,Criminal,Virtual,12,N,N
HRG-05096,2025-08-27,CT2,Commercial,In-person,62,N,N
HRG-05097,2025-08-27,CT2,Criminal,Virtual,28,N,Y
HRG-05098,2025-08-27,CT3,Criminal,In-person,42,N,N
HRG-05099,2025-08-27,CT3,Criminal,Virtual,54,N,Y
HRG-05100,2025-08-27,CT3,Commercial,In-person,58,Y,N
HRG-05101,2025-08-27,CT3,Civil,In-person,15,N,N
HRG-05102,2025-08-27,CT3,Civil,In-person,47,N,N
HRG-05103,2025-08-27,CT3,Criminal,In-person,40,N,N
HRG-05104,2025-08-27,CT3,Civil,In-person,57,Y,N
HRG-05105,2025-08-28,CT1,Appeal,In-person,79,N,N
HRG-05106,2025-08-28,CT1,Criminal,In-person,48,N,N
HRG-05107,2025-08-28,CT1,Civil,Hybrid,67,N,N
HRG-05108,2025-08-28,CT1,Civil,Virtual,48,N,N
HRG-05109,2025-08-28,CT1,Commercial,Hybrid,44,N,N
HRG-05110,2025-08-28,CT1,Criminal,In-person,58,Y,N
HRG-05111,2025-08-28,CT1,Family,Hybrid,42,N,N
HRG-05112,2025-08-28,CT1,Commercial,Virtual,39,N,N
HRG-05113,2025-08-28,CT1,Criminal,Virtual,26,N,N
HRG-05114,2025-08-28,CT1,Family,Virtual,28,N,N
HRG-05115,2025-08-28,CT1,Criminal,In-person,69,N,N
HRG-05116,2025-08-28,CT1,Civil,In-person,82,Y,N
HRG-05117,2025-08-28,CT1,Civil,In-person,22,Y,N
HRG-05118,2025-08-28,CT1,Civil,Hybrid,56,Y,N
HRG-05119,2025-08-28,CT1,Appeal,In-person,23,N,N
HRG-05120,2025-08-28,CT2,Commercial,In-person,46,N,N
HRG-05121,2025-08-28,CT2,Civil,In-person,47,N,N
HRG-05122,2025-08-28,CT2,Civil,In-person,41,N,N
HRG-05123,2025-08-28,CT2,Civil,Virtual,21,N,N
HRG-05124,2025-08-28,CT2,Appeal,Hybrid,21,N,N
HRG-05125,2025-08-28,CT2,Commercial,In-person,92,Y,N
HRG-05126,2025-08-28,CT3,Appeal,In-person,47,N,N
HRG-05127,2025-08-28,CT3,Commercial,Virtual,55,N,Y
HRG-05128,2025-08-28,CT3,Family,In-person,67,N,N
HRG-05129,2025-08-28,CT3,Commercial,Hybrid,26,N,Y
HRG-05130,2025-08-28,CT3,Civil,In-person,29,Y,N
HRG-05131,2025-08-28,CT3,Criminal,In-person,46,N,N
HRG-05132,2025-08-28,CT3,Family,In-person,41,N,N
HRG-05133,2025-08-28,CT3,Commercial,Virtual,43,N,N
HRG-05134,2025-08-28,CT3,Commercial,In-person,46,N,N
HRG-05135,2025-08-28,CT3,Civil,In-person,52,Y,N
HRG-05136,2025-08-28,CT3,Family,In-person,32,Y,N
HRG-05137,2025-08-29,CT1,Appeal,Virtual,19,N,N
HRG-05138,2025-08-29,CT1,Appeal,In-person,42,N,N
HRG-05139,2025-08-29,CT1,Criminal,Hybrid,34,N,N
HRG-05140,2025-08-29,CT1,Civil,In-person,48,N,N
HRG-05141,2025-08-29,CT1,Civil,Virtual,10,Y,N
HRG-05142,2025-08-29,CT1,Family,In-person,83,N,N
HRG-05143,2025-08-29,CT1,Family,In-person,39,N,N
HRG-05144,2025-08-29,CT1,Civil,Virtual,45,N,N
HRG-05145,2025-08-29,CT1,Civil,Virtual,48,N,N
HRG-05146,2025-08-29,CT1,Criminal,Hybrid,26,N,N
HRG-05147,2025-08-29,CT1,Appeal,Virtual,41,N,N
HRG-05148,2025-08-29,CT1,Civil,In-person,24,N,N
HRG-05149,2025-08-29,CT2,Civil,In-person,51,N,N
HRG-05150,2025-08-29,CT2,Civil,In-person,50,Y,N
HRG-05151,2025-08-29,CT2,Commercial,In-person,75,N,N
HRG-05152,2025-08-29,CT2,Family,In-person,69,N,N
HRG-05153,2025-08-29,CT2,Civil,Hybrid,24,N,N
HRG-05154,2025-08-29,CT2,Family,In-person,83,N,N
HRG-05155,2025-08-29,CT2,Civil,Virtual,43,Y,Y
HRG-05156,2025-08-29,CT3,Criminal,Hybrid,41,N,N
HRG-05157,2025-08-29,CT3,Commercial,Virtual,52,Y,Y
HRG-05158,2025-08-29,CT3,Civil,In-person,47,N,N
HRG-05159,2025-08-29,CT3,Civil,In-person,81,N,N
HRG-05160,2025-08-29,CT3,Civil,In-person,45,N,N
HRG-05161,2025-08-29,CT3,Commercial,In-person,20,N,N
HRG-05162,2025-08-29,CT3,Criminal,Virtual,44,N,N
HRG-05163,2025-08-29,CT3,Civil,Virtual,26,N,N
HRG-05164,2025-08-29,CT3,Civil,In-person,42,N,N
HRG-05165,2025-08-29,CT3,Civil,In-person,80,N,N
HRG-05166,2025-08-29,CT3,Commercial,Hybrid,27,N,N
HRG-05167,2025-09-01,CT1,Criminal,In-person,63,Y,N
HRG-05168,2025-09-01,CT1,Family,Virtual,60,N,N
HRG-05169,2025-09-01,CT1,Civil,In-person,45,Y,N
HRG-05170,2025-09-01,CT1,Criminal,Virtual,39,N,N
HRG-05171,2025-09-01,CT1,Appeal,Virtual,40,Y,N
HRG-05172,2025-09-01,CT1,Appeal,In-person,39,Y,N
HRG-05173,2025-09-01,CT1,Family,In-person,35,N,N
HRG-05174,2025-09-01,CT1,Criminal,Virtual,31,Y,N
HRG-05175,2025-09-01,CT1,Criminal,Virtual,22,N,N
HRG-05176,2025-09-01,CT1,Civil,In-person,55,N,N
HRG-05177,2025-09-01,CT1,Family,Virtual,58,Y,N
HRG-05178,2025-09-01,CT1,Commercial,In-person,28,N,N
HRG-05179,2025-09-01,CT1,Commercial,In-person,32,Y,N
HRG-05180,2025-09-01,CT1,Family,Virtual,34,N,N
HRG-05181,2025-09-01,CT2,Family,Virtual,38,N,N
HRG-05182,2025-09-01,CT2,Commercial,Hybrid,61,N,N
HRG-05183,2025-09-01,CT2,Civil,In-person,10,N,N
HRG-05184,2025-09-01,CT2,Civil,In-person,54,N,N
HRG-05185,2025-09-01,CT2,Criminal,In-person,39,N,N
HRG-05186,2025-09-01,CT3,Commercial,In-person,37,N,N
HRG-05187,2025-09-01,CT3,Civil,In-person,30,N,N
HRG-05188,2025-09-01,CT3,Civil,In-person,51,Y,N
HRG-05189,2025-09-01,CT3,Family,In-person,19,N,N
HRG-05190,2025-09-01,CT3,Civil,In-person,29,N,N
HRG-05191,2025-09-01,CT3,Civil,In-person,51,N,N
HRG-05192,2025-09-01,CT3,Commercial,Virtual,47,N,N
HRG-05193,2025-09-01,CT3,Criminal,In-person,53,N,N
HRG-05194,2025-09-01,CT3,Civil,Hybrid,45,N,Y
HRG-05195,2025-09-01,CT3,Civil,Virtual,43,N,N
HRG-05196,2025-09-01,CT3,Criminal,In-person,55,N,N
HRG-05197,2025-09-02,CT1,Commercial,In-person,65,N,N
HRG-05198,2025-09-02,CT1,Civil,In-person,33,N,N
HRG-05199,2025-09-02,CT1,Appeal,In-person,58,N,N
HRG-05200,2025-09-02,CT1,Criminal,In-person,67,N,N
HRG-05201,2025-09-02,CT1,Commercial,Hybrid,47,N,N
HRG-05202,2025-09-02,CT1,Civil,Hybrid,56,N,N
HRG-05203,2025-09-02,CT1,Civil,Hybrid,49,N,N
HRG-05204,2025-09-02,CT1,Civil,In-person,68,Y,N
HRG-05205,2025-09-02,CT1,Commercial,In-person,59,N,N
HRG-05206,2025-09-02,CT1,Commercial,In-person,52,N,N
HRG-05207,2025-09-02,CT1,Commercial,In-person,35,Y,N
HRG-05208,2025-09-02,CT1,Criminal,In-person,39,N,N
HRG-05209,2025-09-02,CT2,Family,Virtual,66,N,N
HRG-05210,2025-09-02,CT2,Commercial,In-person,50,N,N
HRG-05211,2025-09-02,CT2,Family,Hybrid,36,N,N
HRG-05212,2025-09-02,CT2,Criminal,In-person,58,N,N
HRG-05213,2025-09-02,CT2,Appeal,In-person,69,N,N
HRG-05214,2025-09-02,CT2,Criminal,In-person,62,N,N
HRG-05215,2025-09-02,CT3,Commercial,Virtual,45,N,Y
HRG-05216,2025-09-02,CT3,Family,In-person,36,Y,N
HRG-05217,2025-09-02,CT3,Family,Virtual,41,Y,N
HRG-05218,2025-09-02,CT3,Criminal,In-person,26,N,N
HRG-05219,2025-09-02,CT3,Civil,Hybrid,38,N,N
HRG-05220,2025-09-02,CT3,Appeal,In-person,70,Y,N
HRG-05221,2025-09-02,CT3,Civil,In-person,54,Y,N
HRG-05222,2025-09-02,CT3,Commercial,In-person,53,Y,N
HRG-05223,2025-09-02,CT3,Criminal,In-person,44,N,N
HRG-05224,2025-09-02,CT3,Appeal,In-person,43,N,N
HRG-05225,2025-09-03,CT1,Civil,In-person,14,N,N
HRG-05226,2025-09-03,CT1,Appeal,Virtual,46,N,N
HRG-05227,2025-09-03,CT1,Civil,In-person,26,Y,N
HRG-05228,2025-09-03,CT1,Civil,Virtual,23,Y,N
HRG-05229,2025-09-03,CT1,Civil,In-person,45,N,N
HRG-05230,2025-09-03,CT1,Criminal,In-person,43,N,N
HRG-05231,2025-09-03,CT1,Criminal,In-person,50,N,N
HRG-05232,2025-09-03,CT1,Family,In-person,50,N,N
HRG-05233,2025-09-03,CT1,Family,Virtual,38,N,N
HRG-05234,2025-09-03,CT1,Civil,Virtual,39,N,N
HRG-05235,2025-09-03,CT1,Criminal,Hybrid,51,N,N
HRG-05236,2025-09-03,CT1,Appeal,Virtual,29,N,N
HRG-05237,2025-09-03,CT1,Appeal,In-person,96,Y,N
HRG-05238,2025-09-03,CT1,Family,In-person,50,N,N
HRG-05239,2025-09-03,CT1,Commercial,Virtual,46,N,N
HRG-05240,2025-09-03,CT1,Criminal,In-person,43,Y,N
HRG-05241,2025-09-03,CT1,Civil,Hybrid,51,N,N
HRG-05242,2025-09-03,CT1,Commercial,In-person,62,N,N
HRG-05243,2025-09-03,CT2,Criminal,In-person,71,N,N
HRG-05244,2025-09-03,CT2,Civil,Virtual,46,N,N
HRG-05245,2025-09-03,CT2,Commercial,In-person,38,N,N
HRG-05246,2025-09-03,CT2,Commercial,Virtual,43,Y,N
HRG-05247,2025-09-03,CT2,Civil,Virtual,38,N,N
HRG-05248,2025-09-03,CT2,Family,In-person,55,N,N
HRG-05249,2025-09-03,CT3,Family,In-person,45,N,N
HRG-05250,2025-09-03,CT3,Commercial,In-person,52,N,N
HRG-05251,2025-09-03,CT3,Civil,In-person,22,N,N
HRG-05252,2025-09-03,CT3,Civil,Virtual,36,N,N
HRG-05253,2025-09-03,CT3,Civil,In-person,33,N,N
HRG-05254,2025-09-03,CT3,Commercial,In-person,67,N,N
HRG-05255,2025-09-03,CT3,Civil,In-person,50,N,N
HRG-05256,2025-09-03,CT3,Appeal,Virtual,18,N,N
HRG-05257,2025-09-03,CT3,Family,In-person,53,N,N
HRG-05258,2025-09-03,CT3,Civil,In-person,55,N,N
HRG-05259,2025-09-03,CT3,Criminal,Virtual,45,N,N
HRG-05260,2025-09-04,CT1,Criminal,Virtual,34,N,N
HRG-05261,2025-09-04,CT1,Civil,Virtual,40,N,N
HRG-05262,2025-09-04,CT1,Family,In-person,53,N,N
HRG-05263,2025-09-04,CT1,Commercial,Virtual,43,N,N
HRG-05264,2025-09-04,CT1,Appeal,Virtual,51,N,N
HRG-05265,2025-09-04,CT1,Family,Hybrid,48,N,N
HRG-05266,2025-09-04,CT1,Criminal,In-person,53,N,N
HRG-05267,2025-09-04,CT1,Family,Virtual,33,N,N
HRG-05268,2025-09-04,CT1,Civil,In-person,31,N,N
HRG-05269,2025-09-04,CT1,Family,In-person,42,N,N
HRG-05270,2025-09-04,CT1,Civil,In-person,40,Y,N
HRG-05271,2025-09-04,CT1,Civil,Virtual,42,Y,N
HRG-05272,2025-09-04,CT1,Civil,Hybrid,46,N,N
HRG-05273,2025-09-04,CT1,Commercial,In-person,51,N,N
HRG-05274,2025-09-04,CT2,Criminal,In-person,45,Y,N
HRG-05275,2025-09-04,CT2,Civil,In-person,33,N,N
HRG-05276,2025-09-04,CT2,Commercial,Virtual,49,N,N
HRG-05277,2025-09-04,CT2,Civil,In-person,35,N,N
HRG-05278,2025-09-04,CT2,Civil,In-person,70,N,N
HRG-05279,2025-09-04,CT2,Commercial,In-person,56,Y,N
HRG-05280,2025-09-04,CT2,Civil,Virtual,51,N,N
HRG-05281,2025-09-04,CT2,Criminal,Virtual,51,Y,N
HRG-05282,2025-09-04,CT3,Civil,In-person,10,Y,N
HRG-05283,2025-09-04,CT3,Family,Virtual,38,N,N
HRG-05284,2025-09-04,CT3,Civil,Virtual,51,N,N
HRG-05285,2025-09-04,CT3,Civil,In-person,61,N,N
HRG-05286,2025-09-04,CT3,Civil,In-person,63,N,N
HRG-05287,2025-09-04,CT3,Civil,In-person,45,N,N
HRG-05288,2025-09-04,CT3,Civil,In-person,77,N,N
HRG-05289,2025-09-04,CT3,Appeal,In-person,23,N,N
HRG-05290,2025-09-04,CT3,Civil,In-person,68,N,N
HRG-05291,2025-09-04,CT3,Civil,In-person,55,N,N
HRG-05292,2025-09-04,CT3,Commercial,Hybrid,75,N,N
HRG-05293,2025-09-04,CT3,Commercial,In-person,36,N,N
HRG-05294,2025-09-04,CT3,Commercial,Virtual,25,Y,N
HRG-05295,2025-09-05,CT1,Civil,Virtual,19,N,N
HRG-05296,2025-09-05,CT1,Commercial,Virtual,29,N,N
HRG-05297,2025-09-05,CT1,Civil,Virtual,42,N,N
HRG-05298,2025-09-05,CT1,Civil,Hybrid,16,N,N
HRG-05299,2025-09-05,CT1,Civil,In-person,70,N,N
HRG-05300,2025-09-05,CT1,Criminal,Virtual,12,N,N
HRG-05301,2025-09-05,CT1,Family,In-person,19,N,N
HRG-05302,2025-09-05,CT1,Civil,In-person,31,N,N
HRG-05303,2025-09-05,CT1,Criminal,Hybrid,19,N,N
HRG-05304,2025-09-05,CT1,Commercial,Virtual,31,N,N
HRG-05305,2025-09-05,CT1,Civil,Virtual,28,N,N
HRG-05306,2025-09-05,CT1,Criminal,In-person,56,N,N
HRG-05307,2025-09-05,CT2,Commercial,In-person,45,N,N
HRG-05308,2025-09-05,CT2,Family,In-person,43,Y,N
HRG-05309,2025-09-05,CT2,Criminal,In-person,55,N,N
HRG-05310,2025-09-05,CT2,Criminal,Hybrid,53,N,N
HRG-05311,2025-09-05,CT2,Commercial,Hybrid,45,N,N
HRG-05312,2025-09-05,CT2,Civil,Virtual,51,Y,N
HRG-05313,2025-09-05,CT2,Civil,In-person,25,N,N
HRG-05314,2025-09-05,CT2,Criminal,In-person,32,N,N
HRG-05315,2025-09-05,CT2,Criminal,In-person,43,Y,N
HRG-05316,2025-09-05,CT2,Commercial,Virtual,28,Y,Y
HRG-05317,2025-09-05,CT2,Commercial,In-person,47,N,N
HRG-05318,2025-09-05,CT3,Family,In-person,33,N,N
HRG-05319,2025-09-05,CT3,Family,In-person,39,Y,N
HRG-05320,2025-09-05,CT3,Criminal,Virtual,28,N,N
HRG-05321,2025-09-05,CT3,Civil,In-person,32,N,N
HRG-05322,2025-09-05,CT3,Civil,Virtual,46,Y,N
HRG-05323,2025-09-05,CT3,Civil,Hybrid,54,N,N
HRG-05324,2025-09-05,CT3,Civil,In-person,64,N,N
HRG-05325,2025-09-05,CT3,Commercial,In-person,48,N,N
HRG-05326,2025-09-05,CT3,Civil,Hybrid,29,N,Y
HRG-05327,2025-09-05,CT3,Family,In-person,19,N,N
HRG-05328,2025-09-05,CT3,Family,Virtual,36,N,N
HRG-05329,2025-09-05,CT3,Family,In-person,80,N,N
HRG-05330,2025-09-08,CT1,Criminal,Virtual,50,N,N
HRG-05331,2025-09-08,CT1,Commercial,Virtual,28,N,N
HRG-05332,2025-09-08,CT1,Criminal,In-person,40,N,N
HRG-05333,2025-09-08,CT1,Criminal,Virtual,34,N,N
HRG-05334,2025-09-08,CT1,Civil,Virtual,18,N,N
HRG-05335,2025-09-08,CT1,Criminal,In-person,58,Y,N
HRG-05336,2025-09-08,CT1,Family,Virtual,45,N,N
HRG-05337,2025-09-08,CT1,Criminal,Virtual,52,Y,N
HRG-05338,2025-09-08,CT1,Family,Virtual,34,N,N
HRG-05339,2025-09-08,CT1,Family,Virtual,15,N,N
HRG-05340,2025-09-08,CT1,Appeal,In-person,69,N,N
HRG-05341,2025-09-08,CT1,Civil,Hybrid,67,N,N
HRG-05342,2025-09-08,CT1,Civil,Virtual,77,N,N
HRG-05343,2025-09-08,CT1,Civil,In-person,46,Y,N
HRG-05344,2025-09-08,CT1,Criminal,In-person,33,N,N
HRG-05345,2025-09-08,CT1,Commercial,In-person,57,N,N
HRG-05346,2025-09-08,CT1,Civil,Virtual,62,N,N
HRG-05347,2025-09-08,CT1,Civil,Virtual,47,N,N
HRG-05348,2025-09-08,CT1,Criminal,Hybrid,15,N,N
HRG-05349,2025-09-08,CT2,Criminal,In-person,68,N,N
HRG-05350,2025-09-08,CT2,Criminal,In-person,47,N,N
HRG-05351,2025-09-08,CT2,Family,In-person,58,N,N
HRG-05352,2025-09-08,CT2,Commercial,Virtual,37,N,N
HRG-05353,2025-09-08,CT2,Civil,In-person,59,N,N
HRG-05354,2025-09-08,CT2,Commercial,In-person,36,Y,N
HRG-05355,2025-09-08,CT2,Appeal,In-person,61,N,N
HRG-05356,2025-09-08,CT2,Criminal,In-person,54,N,N
HRG-05357,2025-09-08,CT2,Commercial,Hybrid,16,N,N
HRG-05358,2025-09-08,CT2,Civil,Virtual,49,N,N
HRG-05359,2025-09-08,CT2,Appeal,Hybrid,29,N,Y
HRG-05360,2025-09-08,CT3,Criminal,In-person,62,Y,N
HRG-05361,2025-09-08,CT3,Civil,In-person,54,Y,N
HRG-05362,2025-09-08,CT3,Criminal,Hybrid,44,Y,N
HRG-05363,2025-09-08,CT3,Civil,In-person,80,N,N
HRG-05364,2025-09-08,CT3,Civil,In-person,42,Y,N
HRG-05365,2025-09-08,CT3,Criminal,Virtual,23,N,N
HRG-05366,2025-09-08,CT3,Criminal,In-person,53,N,N
HRG-05367,2025-09-08,CT3,Criminal,In-person,48,Y,N
HRG-05368,2025-09-08,CT3,Criminal,In-person,65,N,N
HRG-05369,2025-09-08,CT3,Commercial,Virtual,33,N,N
HRG-05370,2025-09-08,CT3,Appeal,In-person,54,N,N
HRG-05371,2025-09-08,CT3,Criminal,In-person,61,N,N
HRG-05372,2025-09-09,CT1,Criminal,In-person,58,N,N
HRG-05373,2025-09-09,CT1,Civil,In-person,37,N,N
HRG-05374,2025-09-09,CT1,Commercial,Virtual,50,N,N
HRG-05375,2025-09-09,CT1,Criminal,In-person,38,Y,N
HRG-05376,2025-09-09,CT1,Criminal,In-person,50,N,N
HRG-05377,2025-09-09,CT1,Criminal,Virtual,35,N,N
HRG-05378,2025-09-09,CT1,Criminal,In-person,63,N,N
HRG-05379,2025-09-09,CT1,Commercial,Virtual,35,N,N
HRG-05380,2025-09-09,CT1,Commercial,Virtual,46,N,N
HRG-05381,2025-09-09,CT1,Commercial,In-person,62,Y,N
HRG-05382,2025-09-09,CT1,Civil,Hybrid,35,N,N
HRG-05383,2025-09-09,CT1,Family,Virtual,17,N,N
HRG-05384,2025-09-09,CT1,Civil,Virtual,41,Y,N
HRG-05385,2025-09-09,CT1,Commercial,Virtual,28,N,N
HRG-05386,2025-09-09,CT1,Appeal,In-person,61,N,N
HRG-05387,2025-09-09,CT1,Civil,In-person,46,N,N
HRG-05388,2025-09-09,CT2,Criminal,Virtual,51,N,N
HRG-05389,2025-09-09,CT2,Civil,In-person,33,Y,N
HRG-05390,2025-09-09,CT2,Civil,Virtual,50,N,N
HRG-05391,2025-09-09,CT2,Civil,Virtual,27,N,N
HRG-05392,2025-09-09,CT2,Civil,In-person,14,N,N
HRG-05393,2025-09-09,CT2,Civil,In-person,23,Y,N
HRG-05394,2025-09-09,CT2,Civil,In-person,70,N,N
HRG-05395,2025-09-09,CT2,Civil,In-person,53,Y,N
HRG-05396,2025-09-09,CT2,Criminal,In-person,50,N,N
HRG-05397,2025-09-09,CT2,Appeal,Virtual,28,N,N
HRG-05398,2025-09-09,CT2,Criminal,Virtual,38,N,N
HRG-05399,2025-09-09,CT3,Civil,In-person,63,N,N
HRG-05400,2025-09-09,CT3,Criminal,In-person,55,N,N
HRG-05401,2025-09-09,CT3,Appeal,Hybrid,43,N,N
HRG-05402,2025-09-09,CT3,Commercial,In-person,47,N,N
HRG-05403,2025-09-09,CT3,Civil,Hybrid,46,Y,Y
HRG-05404,2025-09-09,CT3,Civil,In-person,65,N,N
HRG-05405,2025-09-09,CT3,Criminal,Virtual,45,N,N
HRG-05406,2025-09-09,CT3,Civil,In-person,71,Y,N
HRG-05407,2025-09-09,CT3,Family,In-person,44,N,N
HRG-05408,2025-09-09,CT3,Civil,In-person,62,N,N
HRG-05409,2025-09-10,CT1,Civil,Hybrid,28,N,N
HRG-05410,2025-09-10,CT1,Family,Virtual,46,N,N
HRG-05411,2025-09-10,CT1,Family,Virtual,42,N,N
HRG-05412,2025-09-10,CT1,Commercial,Virtual,42,Y,N
HRG-05413,2025-09-10,CT1,Commercial,Virtual,51,N,N
HRG-05414,2025-09-10,CT1,Civil,Virtual,34,N,N
HRG-05415,2025-09-10,CT1,Commercial,In-person,52,Y,N
HRG-05416,2025-09-10,CT1,Civil,In-person,48,N,N
HRG-05417,2025-09-10,CT1,Commercial,Virtual,39,Y,Y
HRG-05418,2025-09-10,CT1,Civil,In-person,65,N,N
HRG-05419,2025-09-10,CT1,Criminal,In-person,64,N,N
HRG-05420,2025-09-10,CT2,Civil,Hybrid,43,N,N
HRG-05421,2025-09-10,CT2,Civil,Virtual,35,N,N
HRG-05422,2025-09-10,CT2,Civil,Virtual,50,N,N
HRG-05423,2025-09-10,CT2,Commercial,In-person,59,N,N
HRG-05424,2025-09-10,CT2,Commercial,Virtual,34,N,N
HRG-05425,2025-09-10,CT2,Criminal,In-person,60,N,N
HRG-05426,2025-09-10,CT2,Family,Hybrid,36,Y,N
HRG-05427,2025-09-10,CT2,Criminal,In-person,53,N,N
HRG-05428,2025-09-10,CT2,Family,In-person,43,N,N
HRG-05429,2025-09-10,CT2,Civil,In-person,62,N,N
HRG-05430,2025-09-10,CT3,Civil,Virtual,35,Y,Y
HRG-05431,2025-09-10,CT3,Criminal,In-person,66,N,N
HRG-05432,2025-09-10,CT3,Criminal,In-person,44,N,N
HRG-05433,2025-09-10,CT3,Criminal,In-person,30,Y,N
HRG-05434,2025-09-10,CT3,Commercial,In-person,30,N,N
HRG-05435,2025-09-10,CT3,Appeal,Hybrid,50,Y,N
HRG-05436,2025-09-10,CT3,Commercial,In-person,57,N,N
HRG-05437,2025-09-10,CT3,Civil,In-person,37,N,N
HRG-05438,2025-09-10,CT3,Civil,Virtual,15,N,Y
HRG-05439,2025-09-10,CT3,Civil,In-person,31,N,N
HRG-05440,2025-09-10,CT3,Appeal,In-person,54,N,N
HRG-05441,2025-09-10,CT3,Family,In-person,96,Y,N
HRG-05442,2025-09-11,CT1,Civil,In-person,38,Y,N
HRG-05443,2025-09-11,CT1,Civil,Virtual,20,N,N
HRG-05444,2025-09-11,CT1,Criminal,In-person,53,Y,N
HRG-05445,2025-09-11,CT1,Commercial,In-person,14,N,N
HRG-05446,2025-09-11,CT1,Civil,In-person,67,N,N
HRG-05447,2025-09-11,CT1,Commercial,In-person,47,N,N
HRG-05448,2025-09-11,CT1,Commercial,Hybrid,33,N,N
HRG-05449,2025-09-11,CT1,Civil,Virtual,30,N,N
HRG-05450,2025-09-11,CT1,Civil,In-person,13,N,N
HRG-05451,2025-09-11,CT1,Civil,Hybrid,25,N,N
HRG-05452,2025-09-11,CT1,Civil,In-person,69,N,N
HRG-05453,2025-09-11,CT1,Commercial,Virtual,46,N,N
HRG-05454,2025-09-11,CT1,Appeal,In-person,53,N,N
HRG-05455,2025-09-11,CT2,Appeal,Hybrid,51,N,N
HRG-05456,2025-09-11,CT2,Civil,Virtual,53,Y,N
HRG-05457,2025-09-11,CT2,Criminal,Virtual,25,Y,N
HRG-05458,2025-09-11,CT2,Commercial,In-person,60,N,N
HRG-05459,2025-09-11,CT2,Civil,Virtual,20,N,N
HRG-05460,2025-09-11,CT2,Criminal,In-person,60,N,N
HRG-05461,2025-09-11,CT2,Civil,In-person,52,Y,N
HRG-05462,2025-09-11,CT2,Civil,Virtual,47,N,N
HRG-05463,2025-09-11,CT2,Commercial,Hybrid,41,N,N
HRG-05464,2025-09-11,CT3,Civil,In-person,73,N,N
HRG-05465,2025-09-11,CT3,Criminal,In-person,39,N,N
HRG-05466,2025-09-11,CT3,Appeal,Virtual,42,N,N
HRG-05467,2025-09-11,CT3,Commercial,Virtual,19,N,N
HRG-05468,2025-09-11,CT3,Civil,Virtual,44,N,N
HRG-05469,2025-09-11,CT3,Family,Virtual,84,N,N
HRG-05470,2025-09-11,CT3,Appeal,Virtual,45,N,N
HRG-05471,2025-09-11,CT3,Commercial,Hybrid,31,N,N
HRG-05472,2025-09-11,CT3,Civil,In-person,23,N,N
HRG-05473,2025-09-11,CT3,Civil,Virtual,33,Y,Y
HRG-05474,2025-09-11,CT3,Appeal,Virtual,43,N,N
HRG-05475,2025-09-12,CT1,Commercial,Virtual,24,N,N
HRG-05476,2025-09-12,CT1,Appeal,In-person,46,N,N
HRG-05477,2025-09-12,CT1,Criminal,In-person,59,N,N
HRG-05478,2025-09-12,CT1,Appeal,In-person,40,N,N
HRG-05479,2025-09-12,CT1,Criminal,In-person,49,N,N
HRG-05480,2025-09-12,CT1,Civil,Hybrid,20,Y,N
HRG-05481,2025-09-12,CT1,Criminal,Virtual,46,N,N
HRG-05482,2025-09-12,CT1,Family,In-person,56,N,N
HRG-05483,2025-09-12,CT1,Commercial,Virtual,20,N,N
HRG-05484,2025-09-12,CT1,Civil,Virtual,10,N,N
HRG-05485,2025-09-12,CT1,Civil,Virtual,29,N,N
HRG-05486,2025-09-12,CT1,Family,In-person,52,N,N
HRG-05487,2025-09-12,CT1,Commercial,In-person,56,N,N
HRG-05488,2025-09-12,CT1,Family,Virtual,46,N,N
HRG-05489,2025-09-12,CT2,Family,In-person,54,N,N
HRG-05490,2025-09-12,CT2,Family,In-person,43,N,N
HRG-05491,2025-09-12,CT2,Commercial,Virtual,30,N,N
HRG-05492,2025-09-12,CT2,Commercial,In-person,21,N,N
HRG-05493,2025-09-12,CT2,Civil,In-person,26,N,N
HRG-05494,2025-09-12,CT2,Civil,Hybrid,60,N,N
HRG-05495,2025-09-12,CT2,Civil,In-person,40,Y,N
HRG-05496,2025-09-12,CT2,Family,In-person,38,N,N
HRG-05497,2025-09-12,CT3,Family,Virtual,43,N,Y
HRG-05498,2025-09-12,CT3,Civil,In-person,47,N,N
HRG-05499,2025-09-12,CT3,Family,Hybrid,32,N,N
HRG-05500,2025-09-12,CT3,Civil,Hybrid,25,N,N
HRG-05501,2025-09-12,CT3,Civil,In-person,46,N,N
HRG-05502,2025-09-12,CT3,Appeal,Hybrid,38,N,N
HRG-05503,2025-09-12,CT3,Family,In-person,24,N,N
HRG-05504,2025-09-12,CT3,Civil,In-person,59,N,N
HRG-05505,2025-09-12,CT3,Commercial,In-person,68,N,N
HRG-05506,2025-09-12,CT3,Civil,In-person,43,N,N
HRG-05507,2025-09-12,CT3,Civil,In-person,53,N,N
HRG-05508,2025-09-12,CT3,Commercial,Hybrid,41,N,N
HRG-05509,2025-09-12,CT3,Civil,In-person,54,N,N
HRG-05510,2025-09-15,CT1,Appeal,Hybrid,65,N,N
HRG-05511,2025-09-15,CT1,Family,Virtual,39,N,N
HRG-05512,2025-09-15,CT1,Commercial,Hybrid,65,N,N
HRG-05513,2025-09-15,CT1,Civil,Virtual,32,Y,N
HRG-05514,2025-09-15,CT1,Appeal,Virtual,57,N,N
HRG-05515,2025-09-15,CT1,Criminal,Virtual,43,Y,N
HRG-05516,2025-09-15,CT1,Commercial,Hybrid,33,N,N
HRG-05517,2025-09-15,CT1,Civil,In-person,28,N,N
HRG-05518,2025-09-15,CT1,Criminal,Virtual,51,Y,N
HRG-05519,2025-09-15,CT1,Criminal,In-person,69,N,N
HRG-05520,2025-09-15,CT1,Civil,Virtual,48,N,N
HRG-05521,2025-09-15,CT1,Civil,In-person,61,Y,N
HRG-05522,2025-09-15,CT2,Civil,In-person,67,N,N
HRG-05523,2025-09-15,CT2,Criminal,In-person,11,N,N
HRG-05524,2025-09-15,CT2,Criminal,In-person,53,N,N
HRG-05525,2025-09-15,CT2,Commercial,In-person,76,Y,N
HRG-05526,2025-09-15,CT2,Appeal,In-person,57,N,N
HRG-05527,2025-09-15,CT2,Commercial,In-person,52,N,N
HRG-05528,2025-09-15,CT2,Appeal,Virtual,34,N,Y
HRG-05529,2025-09-15,CT2,Civil,In-person,39,Y,N
HRG-05530,2025-09-15,CT2,Civil,In-person,53,N,N
HRG-05531,2025-09-15,CT2,Family,In-person,35,N,N
HRG-05532,2025-09-15,CT2,Criminal,Virtual,49,N,Y
HRG-05533,2025-09-15,CT3,Family,In-person,54,N,N
HRG-05534,2025-09-15,CT3,Family,In-person,28,Y,N
HRG-05535,2025-09-15,CT3,Civil,Hybrid,17,N,N
HRG-05536,2025-09-15,CT3,Civil,In-person,49,N,N
HRG-05537,2025-09-15,CT3,Commercial,In-person,55,N,N
HRG-05538,2025-09-15,CT3,Appeal,In-person,34,Y,N
HRG-05539,2025-09-15,CT3,Civil,In-person,42,N,N
HRG-05540,2025-09-15,CT3,Commercial,In-person,72,N,N
HRG-05541,2025-09-15,CT3,Commercial,In-person,59,Y,N
HRG-05542,2025-09-16,CT1,Civil,Virtual,29,N,Y
HRG-05543,2025-09-16,CT1,Commercial,Virtual,22,N,N
HRG-05544,2025-09-16,CT1,Family,Virtual,44,N,N
HRG-05545,2025-09-16,CT1,Family,Virtual,52,N,N
HRG-05546,2025-09-16,CT1,Family,In-person,59,N,N
HRG-05547,2025-09-16,CT1,Criminal,In-person,31,N,N
HRG-05548,2025-09-16,CT1,Civil,Virtual,10,N,N
HRG-05549,2025-09-16,CT1,Civil,In-person,13,N,N
HRG-05550,2025-09-16,CT1,Criminal,Virtual,10,N,N
HRG-05551,2025-09-16,CT1,Appeal,In-person,61,N,N
HRG-05552,2025-09-16,CT1,Criminal,In-person,55,N,N
HRG-05553,2025-09-16,CT2,Civil,In-person,67,N,N
HRG-05554,2025-09-16,CT2,Family,In-person,52,Y,N
HRG-05555,2025-09-16,CT2,Commercial,In-person,46,N,N
HRG-05556,2025-09-16,CT2,Civil,Virtual,20,Y,N
HRG-05557,2025-09-16,CT2,Criminal,In-person,46,Y,N
HRG-05558,2025-09-16,CT2,Appeal,In-person,64,N,N
HRG-05559,2025-09-16,CT2,Criminal,Virtual,47,N,N
HRG-05560,2025-09-16,CT2,Criminal,In-person,50,N,N
HRG-05561,2025-09-16,CT3,Civil,Virtual,44,N,N
HRG-05562,2025-09-16,CT3,Appeal,Hybrid,45,N,N
HRG-05563,2025-09-16,CT3,Civil,Virtual,47,N,Y
HRG-05564,2025-09-16,CT3,Criminal,In-person,57,N,N
HRG-05565,2025-09-16,CT3,Family,In-person,60,N,N
HRG-05566,2025-09-16,CT3,Appeal,In-person,45,N,N
HRG-05567,2025-09-16,CT3,Commercial,In-person,60,N,N
HRG-05568,2025-09-16,CT3,Criminal,In-person,60,Y,N
HRG-05569,2025-09-16,CT3,Appeal,In-person,62,N,N
HRG-05570,2025-09-16,CT3,Commercial,In-person,63,Y,N
HRG-05571,2025-09-16,CT3,Commercial,In-person,44,Y,N
HRG-05572,2025-09-16,CT3,Appeal,In-person,52,N,N
HRG-05573,2025-09-16,CT3,Criminal,In-person,38,Y,N
HRG-05574,2025-09-16,CT3,Civil,Hybrid,42,N,N
HRG-05575,2025-09-17,CT1,Criminal,Virtual,11,N,N
HRG-05576,2025-09-17,CT1,Commercial,In-person,33,N,N
HRG-05577,2025-09-17,CT1,Family,Virtual,40,N,N
HRG-05578,2025-09-17,CT1,Civil,In-person,68,Y,N
HRG-05579,2025-09-17,CT1,Commercial,In-person,40,N,N
HRG-05580,2025-09-17,CT1,Appeal,In-person,56,N,N
HRG-05581,2025-09-17,CT1,Family,Virtual,42,N,N
HRG-05582,2025-09-17,CT1,Appeal,In-person,56,Y,N
HRG-05583,2025-09-17,CT1,Civil,In-person,50,Y,N
HRG-05584,2025-09-17,CT1,Civil,In-person,55,N,N
HRG-05585,2025-09-17,CT1,Civil,Virtual,37,N,N
HRG-05586,2025-09-17,CT1,Commercial,Virtual,54,Y,N
HRG-05587,2025-09-17,CT1,Civil,Virtual,39,Y,Y
HRG-05588,2025-09-17,CT2,Civil,In-person,68,N,N
HRG-05589,2025-09-17,CT2,Criminal,In-person,37,N,N
HRG-05590,2025-09-17,CT2,Civil,In-person,67,N,N
HRG-05591,2025-09-17,CT2,Family,In-person,29,Y,N
HRG-05592,2025-09-17,CT2,Appeal,In-person,55,N,N
HRG-05593,2025-09-17,CT2,Family,Virtual,25,N,N
HRG-05594,2025-09-17,CT2,Criminal,In-person,41,N,N
HRG-05595,2025-09-17,CT2,Civil,Virtual,49,N,N
HRG-05596,2025-09-17,CT2,Family,In-person,59,N,N
HRG-05597,2025-09-17,CT2,Criminal,Virtual,18,N,N
HRG-05598,2025-09-17,CT3,Civil,In-person,50,Y,N
HRG-05599,2025-09-17,CT3,Civil,Virtual,29,N,N
HRG-05600,2025-09-17,CT3,Criminal,In-person,56,N,N
HRG-05601,2025-09-17,CT3,Commercial,In-person,45,N,N
HRG-05602,2025-09-17,CT3,Commercial,In-person,43,N,N
HRG-05603,2025-09-17,CT3,Appeal,In-person,27,Y,N
HRG-05604,2025-09-17,CT3,Criminal,Virtual,34,N,N
HRG-05605,2025-09-17,CT3,Criminal,In-person,57,N,N
HRG-05606,2025-09-17,CT3,Criminal,Virtual,48,N,N
HRG-05607,2025-09-17,CT3,Criminal,Virtual,34,Y,N
HRG-05608,2025-09-18,CT1,Family,Virtual,48,Y,Y
HRG-05609,2025-09-18,CT1,Family,Virtual,52,N,N
HRG-05610,2025-09-18,CT1,Appeal,In-person,74,N,N
HRG-05611,2025-09-18,CT1,Civil,In-person,47,N,N
HRG-05612,2025-09-18,CT1,Civil,In-person,42,N,N
HRG-05613,2025-09-18,CT1,Civil,Virtual,30,Y,N
HRG-05614,2025-09-18,CT1,Civil,Hybrid,45,N,N
HRG-05615,2025-09-18,CT1,Criminal,In-person,33,N,N
HRG-05616,2025-09-18,CT1,Civil,Hybrid,61,Y,N
HRG-05617,2025-09-18,CT1,Commercial,In-person,20,N,N
HRG-05618,2025-09-18,CT1,Commercial,Virtual,42,N,N
HRG-05619,2025-09-18,CT1,Civil,Hybrid,53,N,N
HRG-05620,2025-09-18,CT2,Civil,In-person,43,N,N
HRG-05621,2025-09-18,CT2,Criminal,Virtual,26,N,N
HRG-05622,2025-09-18,CT2,Criminal,In-person,47,Y,N
HRG-05623,2025-09-18,CT2,Family,In-person,46,Y,N
HRG-05624,2025-09-18,CT2,Commercial,Virtual,19,N,N
HRG-05625,2025-09-18,CT2,Family,Hybrid,26,Y,N
HRG-05626,2025-09-18,CT2,Civil,Virtual,26,N,N
HRG-05627,2025-09-18,CT2,Appeal,In-person,61,N,N
HRG-05628,2025-09-18,CT2,Criminal,In-person,47,Y,N
HRG-05629,2025-09-18,CT2,Commercial,Hybrid,26,N,Y
HRG-05630,2025-09-18,CT3,Criminal,In-person,64,Y,N
HRG-05631,2025-09-18,CT3,Criminal,In-person,55,N,N
HRG-05632,2025-09-18,CT3,Criminal,In-person,50,N,N
HRG-05633,2025-09-18,CT3,Appeal,Virtual,36,N,Y
HRG-05634,2025-09-18,CT3,Criminal,In-person,10,Y,N
HRG-05635,2025-09-18,CT3,Family,In-person,39,N,N
HRG-05636,2025-09-18,CT3,Appeal,In-person,59,N,N
HRG-05637,2025-09-18,CT3,Civil,In-person,64,N,N
HRG-05638,2025-09-18,CT3,Civil,In-person,41,N,N
HRG-05639,2025-09-18,CT3,Appeal,In-person,70,N,N
HRG-05640,2025-09-18,CT3,Commercial,In-person,37,Y,N
HRG-05641,2025-09-19,CT1,Criminal,In-person,41,Y,N
HRG-05642,2025-09-19,CT1,Civil,In-person,43,Y,N
HRG-05643,2025-09-19,CT1,Family,In-person,72,N,N
HRG-05644,2025-09-19,CT1,Criminal,In-person,81,Y,N
HRG-05645,2025-09-19,CT1,Criminal,In-person,50,N,N
HRG-05646,2025-09-19,CT1,Criminal,In-person,47,Y,N
HRG-05647,2025-09-19,CT1,Criminal,Hybrid,27,N,N
HRG-05648,2025-09-19,CT1,Family,Virtual,37,N,N
HRG-05649,2025-09-19,CT1,Civil,Virtual,57,N,N
HRG-05650,2025-09-19,CT1,Commercial,Virtual,32,N,N
HRG-05651,2025-09-19,CT1,Civil,Virtual,63,N,N
HRG-05652,2025-09-19,CT1,Criminal,In-person,51,Y,N
HRG-05653,2025-09-19,CT1,Family,Hybrid,65,N,N
HRG-05654,2025-09-19,CT1,Criminal,Virtual,71,N,Y
HRG-05655,2025-09-19,CT1,Commercial,Virtual,37,N,N
HRG-05656,2025-09-19,CT2,Criminal,In-person,47,N,N
HRG-05657,2025-09-19,CT2,Civil,Virtual,55,N,Y
HRG-05658,2025-09-19,CT2,Commercial,In-person,44,N,N
HRG-05659,2025-09-19,CT2,Family,Hybrid,42,N,N
HRG-05660,2025-09-19,CT2,Appeal,Virtual,43,N,N
HRG-05661,2025-09-19,CT2,Appeal,Virtual,49,N,N
HRG-05662,2025-09-19,CT2,Criminal,In-person,55,Y,N
HRG-05663,2025-09-19,CT2,Criminal,In-person,27,Y,N
HRG-05664,2025-09-19,CT2,Civil,In-person,35,N,N
HRG-05665,2025-09-19,CT2,Civil,Virtual,49,Y,N
HRG-05666,2025-09-19,CT2,Criminal,In-person,35,N,N
HRG-05667,2025-09-19,CT3,Civil,Hybrid,38,N,N
HRG-05668,2025-09-19,CT3,Commercial,In-person,42,N,N
HRG-05669,2025-09-19,CT3,Civil,In-person,51,N,N
HRG-05670,2025-09-19,CT3,Commercial,In-person,62,N,N
HRG-05671,2025-09-19,CT3,Civil,In-person,22,N,N
HRG-05672,2025-09-19,CT3,Civil,Hybrid,47,N,Y
HRG-05673,2025-09-19,CT3,Commercial,In-person,64,N,N
HRG-05674,2025-09-19,CT3,Commercial,In-person,29,N,N
HRG-05675,2025-09-19,CT3,Family,Virtual,24,Y,Y
HRG-05676,2025-09-19,CT3,Civil,Virtual,69,N,N
HRG-05677,2025-09-19,CT3,Civil,In-person,79,Y,N
HRG-05678,2025-09-22,CT1,Family,Virtual,14,Y,N
HRG-05679,2025-09-22,CT1,Civil,Virtual,44,N,N
HRG-05680,2025-09-22,CT1,Criminal,Hybrid,48,Y,N
HRG-05681,2025-09-22,CT1,Civil,Virtual,40,N,N
HRG-05682,2025-09-22,CT1,Civil,Virtual,34,Y,N
HRG-05683,2025-09-22,CT1,Commercial,Hybrid,29,Y,N
HRG-05684,2025-09-22,CT1,Commercial,Virtual,18,Y,N
HRG-05685,2025-09-22,CT1,Commercial,Hybrid,19,N,N
HRG-05686,2025-09-22,CT1,Criminal,In-person,29,Y,N
HRG-05687,2025-09-22,CT1,Family,In-person,58,N,N
HRG-05688,2025-09-22,CT1,Appeal,In-person,59,N,N
HRG-05689,2025-09-22,CT1,Civil,Hybrid,37,N,N
HRG-05690,2025-09-22,CT2,Civil,In-person,68,N,N
HRG-05691,2025-09-22,CT2,Commercial,In-person,21,Y,N
HRG-05692,2025-09-22,CT2,Civil,In-person,40,N,N
HRG-05693,2025-09-22,CT2,Civil,In-person,55,N,N
HRG-05694,2025-09-22,CT2,Criminal,Hybrid,32,N,N
HRG-05695,2025-09-22,CT2,Criminal,In-person,63,Y,N
HRG-05696,2025-09-22,CT2,Commercial,In-person,34,Y,N
HRG-05697,2025-09-22,CT2,Criminal,In-person,57,N,N
HRG-05698,2025-09-22,CT3,Civil,In-person,29,N,N
HRG-05699,2025-09-22,CT3,Family,In-person,48,Y,N
HRG-05700,2025-09-22,CT3,Criminal,In-person,56,Y,N
HRG-05701,2025-09-22,CT3,Civil,In-person,26,N,N
HRG-05702,2025-09-22,CT3,Criminal,In-person,89,N,N
HRG-05703,2025-09-22,CT3,Family,Hybrid,11,N,N
HRG-05704,2025-09-22,CT3,Family,Virtual,37,N,N
HRG-05705,2025-09-22,CT3,Civil,In-person,32,N,N
HRG-05706,2025-09-22,CT3,Civil,In-person,35,N,N
HRG-05707,2025-09-22,CT3,Family,In-person,49,Y,N
HRG-05708,2025-09-23,CT1,Criminal,Virtual,57,Y,Y
HRG-05709,2025-09-23,CT1,Criminal,In-person,41,N,N
HRG-05710,2025-09-23,CT1,Appeal,Virtual,27,N,N
HRG-05711,2025-09-23,CT1,Criminal,Virtual,63,N,N
HRG-05712,2025-09-23,CT1,Civil,In-person,50,N,N
HRG-05713,2025-09-23,CT1,Commercial,Hybrid,16,Y,N
HRG-05714,2025-09-23,CT1,Commercial,Virtual,68,Y,N
HRG-05715,2025-09-23,CT1,Civil,In-person,76,N,N
HRG-05716,2025-09-23,CT1,Criminal,In-person,54,N,N
HRG-05717,2025-09-23,CT1,Appeal,In-person,47,N,N
HRG-05718,2025-09-23,CT1,Family,In-person,40,N,N
HRG-05719,2025-09-23,CT1,Criminal,Virtual,55,N,N
HRG-05720,2025-09-23,CT1,Family,In-person,73,Y,N
HRG-05721,2025-09-23,CT2,Civil,Virtual,60,N,N
HRG-05722,2025-09-23,CT2,Civil,In-person,55,N,N
HRG-05723,2025-09-23,CT2,Commercial,Virtual,52,N,N
HRG-05724,2025-09-23,CT2,Commercial,In-person,52,N,N
HRG-05725,2025-09-23,CT2,Commercial,Hybrid,30,N,N
HRG-05726,2025-09-23,CT2,Family,Virtual,27,N,N
HRG-05727,2025-09-23,CT2,Criminal,In-person,47,N,N
HRG-05728,2025-09-23,CT2,Commercial,Hybrid,49,N,N
HRG-05729,2025-09-23,CT3,Commercial,Virtual,40,N,N
HRG-05730,2025-09-23,CT3,Commercial,In-person,62,N,N
HRG-05731,2025-09-23,CT3,Civil,In-person,40,N,N
HRG-05732,2025-09-23,CT3,Civil,In-person,45,N,N
HRG-05733,2025-09-23,CT3,Civil,In-person,26,N,N
HRG-05734,2025-09-23,CT3,Commercial,In-person,55,N,N
HRG-05735,2025-09-23,CT3,Family,In-person,57,N,N
HRG-05736,2025-09-23,CT3,Commercial,In-person,58,N,N
HRG-05737,2025-09-23,CT3,Civil,In-person,29,Y,N
HRG-05738,2025-09-23,CT3,Civil,In-person,51,N,N
HRG-05739,2025-09-23,CT3,Criminal,In-person,60,Y,N
HRG-05740,2025-09-24,CT1,Family,In-person,53,N,N
HRG-05741,2025-09-24,CT1,Commercial,Virtual,57,Y,N
HRG-05742,2025-09-24,CT1,Civil,In-person,55,N,N
HRG-05743,2025-09-24,CT1,Criminal,Virtual,23,N,N
HRG-05744,2025-09-24,CT1,Criminal,Virtual,39,N,N
HRG-05745,2025-09-24,CT1,Commercial,In-person,37,N,N
HRG-05746,2025-09-24,CT1,Appeal,In-person,40,N,N
HRG-05747,2025-09-24,CT1,Family,Hybrid,46,N,N
HRG-05748,2025-09-24,CT1,Commercial,In-person,47,N,N
HRG-05749,2025-09-24,CT1,Civil,Virtual,22,N,N
HRG-05750,2025-09-24,CT1,Commercial,Virtual,56,N,N
HRG-05751,2025-09-24,CT2,Criminal,Hybrid,68,N,N
HRG-05752,2025-09-24,CT2,Criminal,In-person,42,Y,N
HRG-05753,2025-09-24,CT2,Family,In-person,42,N,N
HRG-05754,2025-09-24,CT2,Civil,In-person,66,N,N
HRG-05755,2025-09-24,CT2,Family,In-person,46,N,N
HRG-05756,2025-09-24,CT2,Family,Virtual,60,N,Y
HRG-05757,2025-09-24,CT2,Appeal,Hybrid,33,Y,Y
HRG-05758,2025-09-24,CT2,Family,In-person,16,N,N
HRG-05759,2025-09-24,CT2,Commercial,In-person,56,N,N
HRG-05760,2025-09-24,CT3,Civil,In-person,34,N,N
HRG-05761,2025-09-24,CT3,Commercial,Virtual,40,Y,N
HRG-05762,2025-09-24,CT3,Civil,In-person,39,N,N
HRG-05763,2025-09-24,CT3,Civil,In-person,23,N,N
HRG-05764,2025-09-24,CT3,Civil,In-person,40,Y,N
HRG-05765,2025-09-24,CT3,Family,In-person,75,N,N
HRG-05766,2025-09-24,CT3,Criminal,Virtual,38,N,N
HRG-05767,2025-09-24,CT3,Family,In-person,71,Y,N
HRG-05768,2025-09-24,CT3,Criminal,Virtual,26,N,N
HRG-05769,2025-09-24,CT3,Civil,In-person,66,N,N
HRG-05770,2025-09-24,CT3,Criminal,In-person,15,Y,N
HRG-05771,2025-09-24,CT3,Appeal,In-person,35,Y,N
HRG-05772,2025-09-24,CT3,Family,Virtual,39,N,N
HRG-05773,2025-09-24,CT3,Criminal,In-person,77,N,N
HRG-05774,2025-09-24,CT3,Civil,In-person,59,N,N
HRG-05775,2025-09-25,CT1,Criminal,Virtual,42,Y,N
HRG-05776,2025-09-25,CT1,Family,In-person,55,N,N
HRG-05777,2025-09-25,CT1,Commercial,Hybrid,49,Y,N
HRG-05778,2025-09-25,CT1,Civil,Hybrid,50,N,N
HRG-05779,2025-09-25,CT1,Criminal,In-person,20,N,N
HRG-05780,2025-09-25,CT1,Appeal,Virtual,33,N,N
HRG-05781,2025-09-25,CT1,Civil,Virtual,45,N,Y
HRG-05782,2025-09-25,CT1,Criminal,In-person,52,Y,N
HRG-05783,2025-09-25,CT1,Criminal,In-person,55,N,N
HRG-05784,2025-09-25,CT1,Civil,Virtual,73,N,N
HRG-05785,2025-09-25,CT1,Commercial,Virtual,37,N,N
HRG-05786,2025-09-25,CT1,Civil,Hybrid,34,N,N
HRG-05787,2025-09-25,CT2,Commercial,In-person,85,N,N
HRG-05788,2025-09-25,CT2,Family,In-person,50,N,N
HRG-05789,2025-09-25,CT2,Commercial,In-person,69,N,N
HRG-05790,2025-09-25,CT2,Civil,In-person,43,N,N
HRG-05791,2025-09-25,CT2,Criminal,In-person,35,N,N
HRG-05792,2025-09-25,CT2,Civil,In-person,53,N,N
HRG-05793,2025-09-25,CT2,Civil,In-person,67,N,N
HRG-05794,2025-09-25,CT2,Family,Virtual,62,N,N
HRG-05795,2025-09-25,CT3,Civil,In-person,52,N,N
HRG-05796,2025-09-25,CT3,Civil,Virtual,42,N,N
HRG-05797,2025-09-25,CT3,Family,In-person,55,Y,N
HRG-05798,2025-09-25,CT3,Criminal,Virtual,45,N,N
HRG-05799,2025-09-25,CT3,Civil,In-person,58,N,N
HRG-05800,2025-09-25,CT3,Criminal,In-person,43,Y,N
HRG-05801,2025-09-25,CT3,Civil,In-person,17,Y,N
HRG-05802,2025-09-25,CT3,Family,In-person,38,Y,N
HRG-05803,2025-09-25,CT3,Commercial,In-person,58,N,N
HRG-05804,2025-09-25,CT3,Appeal,In-person,45,Y,N
HRG-05805,2025-09-25,CT3,Family,In-person,71,N,N
HRG-05806,2025-09-26,CT1,Commercial,In-person,46,N,N
HRG-05807,2025-09-26,CT1,Family,Virtual,30,N,N
HRG-05808,2025-09-26,CT1,Family,In-person,32,N,N
HRG-05809,2025-09-26,CT1,Civil,In-person,31,N,N
HRG-05810,2025-09-26,CT1,Family,In-person,50,N,N
HRG-05811,2025-09-26,CT1,Family,In-person,29,Y,N
HRG-05812,2025-09-26,CT1,Civil,Virtual,13,N,N
HRG-05813,2025-09-26,CT1,Civil,In-person,10,N,N
HRG-05814,2025-09-26,CT1,Commercial,In-person,23,N,N
HRG-05815,2025-09-26,CT1,Civil,In-person,64,N,N
HRG-05816,2025-09-26,CT1,Civil,In-person,38,Y,N
HRG-05817,2025-09-26,CT1,Civil,Hybrid,41,N,N
HRG-05818,2025-09-26,CT1,Civil,In-person,37,N,N
HRG-05819,2025-09-26,CT1,Civil,Virtual,32,N,N
HRG-05820,2025-09-26,CT1,Appeal,In-person,66,N,N
HRG-05821,2025-09-26,CT2,Family,In-person,38,N,N
HRG-05822,2025-09-26,CT2,Commercial,In-person,49,Y,N
HRG-05823,2025-09-26,CT2,Family,In-person,40,N,N
HRG-05824,2025-09-26,CT2,Criminal,In-person,52,N,N
HRG-05825,2025-09-26,CT2,Family,Virtual,39,N,N
HRG-05826,2025-09-26,CT2,Civil,Hybrid,45,N,N
HRG-05827,2025-09-26,CT2,Criminal,Virtual,69,Y,N
HRG-05828,2025-09-26,CT2,Civil,In-person,27,N,N
HRG-05829,2025-09-26,CT2,Civil,In-person,34,Y,N
HRG-05830,2025-09-26,CT3,Family,In-person,70,N,N
HRG-05831,2025-09-26,CT3,Civil,In-person,52,N,N
HRG-05832,2025-09-26,CT3,Family,Hybrid,60,N,N
HRG-05833,2025-09-26,CT3,Criminal,In-person,77,N,N
HRG-05834,2025-09-26,CT3,Commercial,In-person,31,N,N
HRG-05835,2025-09-26,CT3,Civil,In-person,34,N,N
HRG-05836,2025-09-26,CT3,Commercial,Virtual,33,N,N
HRG-05837,2025-09-26,CT3,Commercial,In-person,79,N,N
HRG-05838,2025-09-26,CT3,Commercial,In-person,70,Y,N
HRG-05839,2025-09-26,CT3,Civil,Virtual,38,N,N
HRG-05840,2025-09-26,CT3,Appeal,Virtual,48,N,N
HRG-05841,2025-09-26,CT3,Civil,Virtual,14,N,N
HRG-05842,2025-09-26,CT3,Civil,Virtual,10,N,N
HRG-05843,2025-09-29,CT1,Civil,In-person,33,N,N
HRG-05844,2025-09-29,CT1,Criminal,In-person,45,N,N
HRG-05845,2025-09-29,CT1,Commercial,Virtual,34,N,N
HRG-05846,2025-09-29,CT1,Civil,Hybrid,24,Y,N
HRG-05847,2025-09-29,CT1,Civil,In-person,42,N,N
HRG-05848,2025-09-29,CT1,Appeal,Virtual,30,Y,N
HRG-05849,2025-09-29,CT1,Criminal,Virtual,28,N,N
HRG-05850,2025-09-29,CT1,Commercial,Virtual,31,N,N
HRG-05851,2025-09-29,CT1,Commercial,In-person,10,Y,N
HRG-05852,2025-09-29,CT1,Civil,In-person,51,N,N
HRG-05853,2025-09-29,CT1,Criminal,In-person,45,Y,N
HRG-05854,2025-09-29,CT1,Civil,In-person,59,N,N
HRG-05855,2025-09-29,CT1,Family,Virtual,53,N,N
HRG-05856,2025-09-29,CT2,Family,Hybrid,54,N,N
HRG-05857,2025-09-29,CT2,Appeal,In-person,60,N,N
HRG-05858,2025-09-29,CT2,Civil,Hybrid,38,N,N
HRG-05859,2025-09-29,CT2,Civil,Virtual,17,N,N
HRG-05860,2025-09-29,CT2,Family,Virtual,19,N,N
HRG-05861,2025-09-29,CT2,Criminal,Hybrid,58,N,N
HRG-05862,2025-09-29,CT2,Civil,In-person,56,N,N
HRG-05863,2025-09-29,CT2,Civil,Hybrid,17,N,N
HRG-05864,2025-09-29,CT3,Criminal,In-person,42,N,N
HRG-05865,2025-09-29,CT3,Criminal,In-person,67,N,N
HRG-05866,2025-09-29,CT3,Civil,Virtual,37,N,Y
HRG-05867,2025-09-29,CT3,Family,Virtual,41,Y,N
HRG-05868,2025-09-29,CT3,Commercial,In-person,61,N,N
HRG-05869,2025-09-29,CT3,Commercial,In-person,46,N,N
HRG-05870,2025-09-29,CT3,Criminal,Virtual,16,N,N
HRG-05871,2025-09-29,CT3,Appeal,In-person,57,Y,N
HRG-05872,2025-09-29,CT3,Civil,Virtual,60,N,N
HRG-05873,2025-09-29,CT3,Family,In-person,80,N,N
HRG-05874,2025-09-29,CT3,Criminal,In-person,56,N,N
HRG-05875,2025-09-29,CT3,Family,Virtual,28,N,N
HRG-05876,2025-09-30,CT1,Criminal,Virtual,45,N,N
HRG-05877,2025-09-30,CT1,Civil,Virtual,42,N,N
HRG-05878,2025-09-30,CT1,Family,In-person,36,N,N
HRG-05879,2025-09-30,CT1,Civil,Virtual,41,N,N
HRG-05880,2025-09-30,CT1,Criminal,Virtual,31,N,N
HRG-05881,2025-09-30,CT1,Family,In-person,46,N,N
HRG-05882,2025-09-30,CT1,Criminal,Virtual,27,N,N
HRG-05883,2025-09-30,CT1,Civil,In-person,42,N,N
HRG-05884,2025-09-30,CT1,Commercial,Virtual,27,N,N
HRG-05885,2025-09-30,CT1,Family,Virtual,60,N,N
HRG-05886,2025-09-30,CT1,Civil,In-person,55,N,N
HRG-05887,2025-09-30,CT1,Family,Virtual,49,N,N
HRG-05888,2025-09-30,CT1,Criminal,In-person,66,Y,N
HRG-05889,2025-09-30,CT2,Appeal,Virtual,41,N,N
HRG-05890,2025-09-30,CT2,Appeal,In-person,20,N,N
HRG-05891,2025-09-30,CT2,Civil,In-person,67,Y,N
HRG-05892,2025-09-30,CT2,Civil,In-person,54,N,N
HRG-05893,2025-09-30,CT2,Criminal,In-person,40,N,N
HRG-05894,2025-09-30,CT2,Appeal,In-person,50,N,N
HRG-05895,2025-09-30,CT2,Commercial,In-person,61,Y,N
HRG-05896,2025-09-30,CT3,Family,In-person,67,Y,N
HRG-05897,2025-09-30,CT3,Civil,In-person,49,N,N
HRG-05898,2025-09-30,CT3,Appeal,Virtual,26,N,N
HRG-05899,2025-09-30,CT3,Commercial,Virtual,38,N,N
HRG-05900,2025-09-30,CT3,Family,In-person,19,Y,N
HRG-05901,2025-09-30,CT3,Commercial,In-person,51,Y,N
HRG-05902,2025-09-30,CT3,Family,In-person,49,Y,N
HRG-05903,2025-09-30,CT3,Criminal,In-person,64,N,N
HRG-05904,2025-09-30,CT3,Criminal,In-person,75,N,N
HRG-05905,2025-10-01,CT1,Criminal,In-person,41,N,N
HRG-05906,2025-10-01,CT1,Civil,In-person,62,Y,N
HRG-05907,2025-10-01,CT1,Criminal,In-person,18,N,N
HRG-05908,2025-10-01,CT1,Criminal,Hybrid,64,N,N
HRG-05909,2025-10-01,CT1,Commercial,Virtual,52,N,N
HRG-05910,2025-10-01,CT1,Appeal,In-person,34,N,N
HRG-05911,2025-10-01,CT1,Commercial,In-person,58,N,N
HRG-05912,2025-10-01,CT1,Civil,Virtual,45,N,N
HRG-05913,2025-10-01,CT1,Civil,In-person,46,Y,N
HRG-05914,2025-10-01,CT1,Civil,Virtual,31,N,N
HRG-05915,2025-10-01,CT1,Commercial,Hybrid,49,Y,N
HRG-05916,2025-10-01,CT1,Family,In-person,50,N,N
HRG-05917,2025-10-01,CT1,Civil,In-person,58,N,N
HRG-05918,2025-10-01,CT1,Civil,Hybrid,31,N,N
HRG-05919,2025-10-01,CT1,Appeal,In-person,57,N,N
HRG-05920,2025-10-01,CT1,Criminal,In-person,55,N,N
HRG-05921,2025-10-01,CT2,Criminal,Hybrid,29,N,N
HRG-05922,2025-10-01,CT2,Appeal,Virtual,30,N,Y
HRG-05923,2025-10-01,CT2,Civil,Virtual,11,N,N
HRG-05924,2025-10-01,CT2,Commercial,In-person,43,Y,N
HRG-05925,2025-10-01,CT2,Civil,Virtual,39,N,N
HRG-05926,2025-10-01,CT2,Family,Virtual,38,N,N
HRG-05927,2025-10-01,CT2,Commercial,In-person,32,N,N
HRG-05928,2025-10-01,CT2,Criminal,In-person,22,N,N
HRG-05929,2025-10-01,CT3,Appeal,Hybrid,36,N,N
HRG-05930,2025-10-01,CT3,Civil,Virtual,25,N,N
HRG-05931,2025-10-01,CT3,Criminal,Hybrid,47,N,N
HRG-05932,2025-10-01,CT3,Appeal,In-person,57,N,N
HRG-05933,2025-10-01,CT3,Commercial,Virtual,47,N,N
HRG-05934,2025-10-01,CT3,Appeal,In-person,51,N,N
HRG-05935,2025-10-02,CT1,Civil,In-person,67,N,N
HRG-05936,2025-10-02,CT1,Civil,Virtual,39,N,N
HRG-05937,2025-10-02,CT1,Commercial,Virtual,36,N,N
HRG-05938,2025-10-02,CT1,Civil,Hybrid,54,N,N
HRG-05939,2025-10-02,CT1,Civil,In-person,70,N,N
HRG-05940,2025-10-02,CT1,Civil,Hybrid,26,N,N
HRG-05941,2025-10-02,CT1,Civil,In-person,46,N,N
HRG-05942,2025-10-02,CT1,Civil,Hybrid,50,N,N
HRG-05943,2025-10-02,CT1,Criminal,In-person,37,N,N
HRG-05944,2025-10-02,CT1,Criminal,Virtual,52,N,N
HRG-05945,2025-10-02,CT1,Civil,In-person,56,Y,N
HRG-05946,2025-10-02,CT1,Commercial,Virtual,41,N,N
HRG-05947,2025-10-02,CT1,Commercial,In-person,19,N,N
HRG-05948,2025-10-02,CT1,Criminal,Virtual,52,N,N
HRG-05949,2025-10-02,CT1,Commercial,Virtual,38,Y,N
HRG-05950,2025-10-02,CT1,Criminal,Virtual,34,N,N
HRG-05951,2025-10-02,CT1,Civil,Hybrid,45,N,N
HRG-05952,2025-10-02,CT1,Family,In-person,65,Y,N
HRG-05953,2025-10-02,CT2,Criminal,In-person,44,N,N
HRG-05954,2025-10-02,CT2,Appeal,Virtual,21,N,N
HRG-05955,2025-10-02,CT2,Family,In-person,55,N,N
HRG-05956,2025-10-02,CT2,Commercial,Virtual,39,Y,N
HRG-05957,2025-10-02,CT2,Commercial,In-person,49,N,N
HRG-05958,2025-10-02,CT2,Civil,In-person,42,N,N
HRG-05959,2025-10-02,CT3,Commercial,In-person,32,N,N
HRG-05960,2025-10-02,CT3,Appeal,Virtual,22,N,N
HRG-05961,2025-10-02,CT3,Family,In-person,41,N,N
HRG-05962,2025-10-02,CT3,Civil,In-person,83,N,N
HRG-05963,2025-10-02,CT3,Criminal,In-person,39,Y,N
HRG-05964,2025-10-02,CT3,Commercial,Virtual,36,N,N
HRG-05965,2025-10-02,CT3,Criminal,In-person,32,N,N
HRG-05966,2025-10-02,CT3,Civil,In-person,30,Y,N
HRG-05967,2025-10-02,CT3,Civil,In-person,51,N,N
HRG-05968,2025-10-02,CT3,Civil,In-person,78,N,N
HRG-05969,2025-10-02,CT3,Civil,In-person,48,Y,N
HRG-05970,2025-10-03,CT1,Criminal,Virtual,35,N,N
HRG-05971,2025-10-03,CT1,Family,In-person,56,N,N
HRG-05972,2025-10-03,CT1,Appeal,Virtual,57,N,Y
HRG-05973,2025-10-03,CT1,Civil,In-person,52,Y,N
HRG-05974,2025-10-03,CT1,Civil,In-person,21,N,N
HRG-05975,2025-10-03,CT1,Civil,In-person,66,Y,N
HRG-05976,2025-10-03,CT1,Civil,Virtual,36,N,N
HRG-05977,2025-10-03,CT1,Commercial,Hybrid,12,N,N
HRG-05978,2025-10-03,CT1,Appeal,Virtual,32,Y,N
HRG-05979,2025-10-03,CT1,Appeal,Hybrid,10,N,N
HRG-05980,2025-10-03,CT1,Family,In-person,48,N,N
HRG-05981,2025-10-03,CT2,Criminal,Virtual,21,N,N
HRG-05982,2025-10-03,CT2,Family,In-person,43,N,N
HRG-05983,2025-10-03,CT2,Civil,In-person,61,N,N
HRG-05984,2025-10-03,CT3,Civil,Virtual,46,N,N
HRG-05985,2025-10-03,CT3,Family,In-person,48,Y,N
HRG-05986,2025-10-03,CT3,Criminal,In-person,40,N,N
HRG-05987,2025-10-03,CT3,Civil,In-person,39,N,N
HRG-05988,2025-10-03,CT3,Commercial,In-person,42,N,N
HRG-05989,2025-10-03,CT3,Commercial,In-person,77,N,N
HRG-05990,2025-10-03,CT3,Criminal,Virtual,28,N,N
HRG-05991,2025-10-03,CT3,Civil,In-person,10,N,N
HRG-05992,2025-10-03,CT3,Civil,In-person,33,N,N
HRG-05993,2025-10-03,CT3,Family,Virtual,53,N,N
HRG-05994,2025-10-03,CT3,Family,Hybrid,58,N,Y
HRG-05995,2025-10-03,CT3,Commercial,In-person,40,N,N
HRG-05996,2025-10-03,CT3,Criminal,In-person,25,N,N
HRG-05997,2025-10-06,CT1,Appeal,Virtual,45,N,N
HRG-05998,2025-10-06,CT1,Civil,Virtual,39,N,N
HRG-05999,2025-10-06,CT1,Commercial,In-person,52,Y,N
HRG-06000,2025-10-06,CT1,Civil,Virtual,39,N,N
HRG-06001,2025-10-06,CT1,Family,In-person,59,N,N
HRG-06002,2025-10-06,CT1,Criminal,In-person,42,Y,N
HRG-06003,2025-10-06,CT1,Criminal,Virtual,42,Y,N
HRG-06004,2025-10-06,CT1,Criminal,In-person,48,N,N
HRG-06005,2025-10-06,CT1,Civil,Virtual,41,N,N
HRG-06006,2025-10-06,CT1,Family,In-person,49,N,N
HRG-06007,2025-10-06,CT1,Criminal,Hybrid,39,N,N
HRG-06008,2025-10-06,CT1,Civil,Virtual,48,N,N
HRG-06009,2025-10-06,CT1,Civil,Virtual,48,N,N
HRG-06010,2025-10-06,CT2,Appeal,In-person,58,N,N
HRG-06011,2025-10-06,CT2,Commercial,In-person,49,Y,N
HRG-06012,2025-10-06,CT2,Civil,In-person,61,N,N
HRG-06013,2025-10-06,CT2,Civil,Virtual,28,N,N
HRG-06014,2025-10-06,CT2,Civil,In-person,69,Y,N
HRG-06015,2025-10-06,CT2,Appeal,In-person,38,N,N
HRG-06016,2025-10-06,CT2,Family,In-person,43,N,N
HRG-06017,2025-10-06,CT2,Civil,In-person,29,Y,N
HRG-06018,2025-10-06,CT3,Family,In-person,41,N,N
HRG-06019,2025-10-06,CT3,Civil,In-person,53,N,N
HRG-06020,2025-10-06,CT3,Civil,In-person,23,N,N
HRG-06021,2025-10-06,CT3,Appeal,In-person,57,N,N
HRG-06022,2025-10-06,CT3,Family,In-person,24,N,N
HRG-06023,2025-10-06,CT3,Commercial,Virtual,41,N,N
HRG-06024,2025-10-06,CT3,Criminal,In-person,51,N,N
HRG-06025,2025-10-06,CT3,Civil,In-person,28,N,N
HRG-06026,2025-10-06,CT3,Civil,Hybrid,29,N,N
HRG-06027,2025-10-06,CT3,Criminal,In-person,70,N,N
HRG-06028,2025-10-06,CT3,Appeal,Virtual,27,N,N
HRG-06029,2025-10-06,CT3,Civil,In-person,61,Y,N
HRG-06030,2025-10-06,CT3,Criminal,Hybrid,16,N,N
HRG-06031,2025-10-07,CT1,Criminal,Virtual,41,N,N
HRG-06032,2025-10-07,CT1,Civil,In-person,58,N,N
HRG-06033,2025-10-07,CT1,Civil,Hybrid,28,N,N
HRG-06034,2025-10-07,CT1,Civil,In-person,59,Y,N
HRG-06035,2025-10-07,CT1,Civil,Virtual,70,Y,N
HRG-06036,2025-10-07,CT1,Criminal,Virtual,27,N,N
HRG-06037,2025-10-07,CT1,Civil,Virtual,48,N,N
HRG-06038,2025-10-07,CT1,Criminal,In-person,48,N,N
HRG-06039,2025-10-07,CT1,Civil,In-person,49,Y,N
HRG-06040,2025-10-07,CT1,Appeal,Virtual,51,N,N
HRG-06041,2025-10-07,CT1,Family,In-person,44,N,N
HRG-06042,2025-10-07,CT2,Civil,Virtual,38,N,N
HRG-06043,2025-10-07,CT2,Criminal,Virtual,25,N,N
HRG-06044,2025-10-07,CT2,Commercial,Virtual,41,N,N
HRG-06045,2025-10-07,CT2,Criminal,Virtual,44,N,N
HRG-06046,2025-10-07,CT2,Criminal,In-person,72,N,N
HRG-06047,2025-10-07,CT2,Commercial,In-person,36,Y,N
HRG-06048,2025-10-07,CT2,Criminal,In-person,45,Y,N
HRG-06049,2025-10-07,CT2,Criminal,In-person,71,N,N
HRG-06050,2025-10-07,CT2,Civil,Virtual,38,N,N
HRG-06051,2025-10-07,CT2,Civil,In-person,39,Y,N
HRG-06052,2025-10-07,CT2,Family,In-person,58,N,N
HRG-06053,2025-10-07,CT3,Family,In-person,61,N,N
HRG-06054,2025-10-07,CT3,Appeal,In-person,47,Y,N
HRG-06055,2025-10-07,CT3,Criminal,In-person,24,N,N
HRG-06056,2025-10-07,CT3,Civil,Virtual,46,N,N
HRG-06057,2025-10-07,CT3,Civil,In-person,53,Y,N
HRG-06058,2025-10-07,CT3,Criminal,In-person,47,N,N
HRG-06059,2025-10-07,CT3,Civil,In-person,71,Y,N
HRG-06060,2025-10-07,CT3,Civil,Virtual,43,N,N
HRG-06061,2025-10-07,CT3,Civil,In-person,33,N,N
HRG-06062,2025-10-07,CT3,Criminal,Virtual,39,N,N
HRG-06063,2025-10-07,CT3,Commercial,Virtual,23,Y,N
HRG-06064,2025-10-07,CT3,Family,In-person,55,Y,N
HRG-06065,2025-10-08,CT1,Civil,Virtual,55,N,N
HRG-06066,2025-10-08,CT1,Criminal,Hybrid,51,Y,N
HRG-06067,2025-10-08,CT1,Civil,Virtual,29,Y,Y
HRG-06068,2025-10-08,CT1,Criminal,Virtual,51,Y,N
HRG-06069,2025-10-08,CT1,Criminal,In-person,55,Y,N
HRG-06070,2025-10-08,CT1,Family,In-person,92,Y,N
HRG-06071,2025-10-08,CT1,Appeal,Hybrid,48,Y,N
HRG-06072,2025-10-08,CT1,Commercial,In-person,53,N,N
HRG-06073,2025-10-08,CT1,Criminal,Virtual,38,N,Y
HRG-06074,2025-10-08,CT1,Civil,Virtual,35,Y,N
HRG-06075,2025-10-08,CT1,Criminal,Virtual,45,N,N
HRG-06076,2025-10-08,CT1,Civil,Virtual,21,N,Y
HRG-06077,2025-10-08,CT1,Criminal,In-person,28,N,N
HRG-06078,2025-10-08,CT1,Civil,In-person,44,N,N
HRG-06079,2025-10-08,CT2,Criminal,Virtual,42,N,N
HRG-06080,2025-10-08,CT2,Civil,In-person,53,N,N
HRG-06081,2025-10-08,CT2,Appeal,Hybrid,43,N,N
HRG-06082,2025-10-08,CT2,Civil,Virtual,48,Y,N
HRG-06083,2025-10-08,CT2,Criminal,In-person,39,N,N
HRG-06084,2025-10-08,CT2,Commercial,In-person,32,Y,N
HRG-06085,2025-10-08,CT2,Family,In-person,42,N,N
HRG-06086,2025-10-08,CT2,Civil,Virtual,25,Y,N
HRG-06087,2025-10-08,CT2,Criminal,Virtual,10,N,Y
HRG-06088,2025-10-08,CT2,Family,In-person,57,N,N
HRG-06089,2025-10-08,CT3,Criminal,In-person,77,N,N
HRG-06090,2025-10-08,CT3,Commercial,Virtual,34,N,N
HRG-06091,2025-10-08,CT3,Commercial,Hybrid,36,N,N
HRG-06092,2025-10-08,CT3,Commercial,In-person,59,N,N
HRG-06093,2025-10-08,CT3,Family,Virtual,35,N,N
HRG-06094,2025-10-08,CT3,Family,In-person,78,N,N
HRG-06095,2025-10-08,CT3,Civil,In-person,44,N,N
HRG-06096,2025-10-08,CT3,Criminal,Virtual,53,N,N
HRG-06097,2025-10-08,CT3,Criminal,In-person,70,N,N
HRG-06098,2025-10-08,CT3,Civil,Hybrid,17,N,N
HRG-06099,2025-10-08,CT3,Criminal,Virtual,24,N,N
HRG-06100,2025-10-08,CT3,Family,In-person,39,Y,N
HRG-06101,2025-10-09,CT1,Criminal,Virtual,59,Y,Y
HRG-06102,2025-10-09,CT1,Appeal,In-person,47,N,N
HRG-06103,2025-10-09,CT1,Commercial,Virtual,67,N,Y
HRG-06104,2025-10-09,CT1,Civil,Virtual,59,N,N
HRG-06105,2025-10-09,CT1,Criminal,In-person,55,N,N
HRG-06106,2025-10-09,CT1,Criminal,In-person,61,N,N
HRG-06107,2025-10-09,CT1,Criminal,Hybrid,43,N,N
HRG-06108,2025-10-09,CT1,Commercial,Virtual,39,N,N
HRG-06109,2025-10-09,CT1,Family,Virtual,20,N,N
HRG-06110,2025-10-09,CT1,Criminal,Virtual,34,N,N
HRG-06111,2025-10-09,CT1,Civil,In-person,57,Y,N
HRG-06112,2025-10-09,CT2,Criminal,In-person,37,Y,N
HRG-06113,2025-10-09,CT2,Civil,Virtual,29,Y,N
HRG-06114,2025-10-09,CT2,Civil,In-person,33,Y,N
HRG-06115,2025-10-09,CT2,Criminal,Hybrid,10,N,N
HRG-06116,2025-10-09,CT2,Commercial,Virtual,30,N,N
HRG-06117,2025-10-09,CT2,Civil,Virtual,52,N,N
HRG-06118,2025-10-09,CT2,Criminal,In-person,53,Y,N
HRG-06119,2025-10-09,CT2,Criminal,In-person,54,Y,N
HRG-06120,2025-10-09,CT2,Commercial,Hybrid,33,Y,N
HRG-06121,2025-10-09,CT3,Appeal,In-person,33,Y,N
HRG-06122,2025-10-09,CT3,Criminal,In-person,39,N,N
HRG-06123,2025-10-09,CT3,Appeal,Hybrid,45,N,N
HRG-06124,2025-10-09,CT3,Criminal,In-person,45,N,N
HRG-06125,2025-10-09,CT3,Family,Virtual,40,N,N
HRG-06126,2025-10-09,CT3,Criminal,Virtual,56,Y,N
HRG-06127,2025-10-09,CT3,Criminal,In-person,35,N,N
HRG-06128,2025-10-09,CT3,Civil,In-person,39,Y,N
HRG-06129,2025-10-09,CT3,Appeal,In-person,57,N,N
HRG-06130,2025-10-09,CT3,Civil,In-person,47,N,N
HRG-06131,2025-10-10,CT1,Civil,In-person,46,Y,N
HRG-06132,2025-10-10,CT1,Civil,Hybrid,32,Y,N
HRG-06133,2025-10-10,CT1,Civil,Virtual,70,Y,N
HRG-06134,2025-10-10,CT1,Criminal,Virtual,30,N,N
HRG-06135,2025-10-10,CT1,Criminal,In-person,23,N,N
HRG-06136,2025-10-10,CT1,Family,Hybrid,79,N,N
HRG-06137,2025-10-10,CT1,Civil,Virtual,42,N,N
HRG-06138,2025-10-10,CT1,Civil,In-person,64,N,N
HRG-06139,2025-10-10,CT1,Appeal,Virtual,57,N,N
HRG-06140,2025-10-10,CT1,Civil,Virtual,23,N,N
HRG-06141,2025-10-10,CT1,Commercial,In-person,51,Y,N
HRG-06142,2025-10-10,CT1,Civil,Virtual,32,N,N
HRG-06143,2025-10-10,CT1,Criminal,In-person,51,N,N
HRG-06144,2025-10-10,CT1,Commercial,Virtual,56,N,N
HRG-06145,2025-10-10,CT1,Family,Virtual,40,N,N
HRG-06146,2025-10-10,CT2,Appeal,Virtual,56,Y,N
HRG-06147,2025-10-10,CT2,Civil,In-person,38,N,N
HRG-06148,2025-10-10,CT2,Civil,Virtual,12,N,N
HRG-06149,2025-10-10,CT2,Criminal,In-person,50,N,N
HRG-06150,2025-10-10,CT2,Family,In-person,63,N,N
HRG-06151,2025-10-10,CT2,Appeal,In-person,55,N,N
HRG-06152,2025-10-10,CT2,Criminal,Virtual,43,N,N
HRG-06153,2025-10-10,CT2,Family,In-person,41,Y,N
HRG-06154,2025-10-10,CT3,Commercial,In-person,54,Y,N
HRG-06155,2025-10-10,CT3,Commercial,In-person,51,N,N
HRG-06156,2025-10-10,CT3,Commercial,In-person,52,N,N
HRG-06157,2025-10-10,CT3,Civil,In-person,25,N,N
HRG-06158,2025-10-10,CT3,Criminal,In-person,36,N,N
HRG-06159,2025-10-10,CT3,Commercial,In-person,37,N,N
HRG-06160,2025-10-10,CT3,Civil,In-person,79,N,N
HRG-06161,2025-10-10,CT3,Family,Hybrid,24,N,N
HRG-06162,2025-10-10,CT3,Commercial,In-person,32,N,N
HRG-06163,2025-10-10,CT3,Family,In-person,48,N,N
HRG-06164,2025-10-13,CT1,Criminal,In-person,59,Y,N
HRG-06165,2025-10-13,CT1,Commercial,In-person,39,N,N
HRG-06166,2025-10-13,CT1,Family,In-person,36,N,N
HRG-06167,2025-10-13,CT1,Family,In-person,44,N,N
HRG-06168,2025-10-13,CT1,Criminal,Virtual,49,N,N
HRG-06169,2025-10-13,CT1,Family,In-person,55,Y,N
HRG-06170,2025-10-13,CT1,Civil,In-person,45,N,N
HRG-06171,2025-10-13,CT1,Civil,In-person,39,N,N
HRG-06172,2025-10-13,CT1,Criminal,Hybrid,17,Y,N
HRG-06173,2025-10-13,CT2,Criminal,In-person,20,N,N
HRG-06174,2025-10-13,CT2,Civil,Virtual,25,N,N
HRG-06175,2025-10-13,CT2,Family,In-person,54,N,N
HRG-06176,2025-10-13,CT2,Civil,In-person,54,N,N
HRG-06177,2025-10-13,CT2,Criminal,Virtual,54,N,N
HRG-06178,2025-10-13,CT2,Family,Virtual,72,N,N
HRG-06179,2025-10-13,CT2,Commercial,Virtual,59,N,N
HRG-06180,2025-10-13,CT2,Criminal,In-person,53,Y,N
HRG-06181,2025-10-13,CT2,Criminal,In-person,33,N,N
HRG-06182,2025-10-13,CT2,Commercial,Hybrid,54,N,N
HRG-06183,2025-10-13,CT2,Civil,Virtual,50,N,N
HRG-06184,2025-10-13,CT3,Criminal,In-person,42,N,N
HRG-06185,2025-10-13,CT3,Family,In-person,36,Y,N
HRG-06186,2025-10-13,CT3,Commercial,Hybrid,51,Y,N
HRG-06187,2025-10-13,CT3,Civil,Hybrid,37,N,N
HRG-06188,2025-10-13,CT3,Civil,In-person,29,Y,N
HRG-06189,2025-10-13,CT3,Civil,In-person,46,N,N
HRG-06190,2025-10-13,CT3,Criminal,In-person,19,N,N
HRG-06191,2025-10-13,CT3,Criminal,In-person,39,N,N
HRG-06192,2025-10-13,CT3,Criminal,Virtual,33,Y,N
HRG-06193,2025-10-13,CT3,Appeal,In-person,56,N,N
HRG-06194,2025-10-13,CT3,Civil,In-person,20,N,N
HRG-06195,2025-10-13,CT3,Civil,Virtual,40,N,N
HRG-06196,2025-10-13,CT3,Civil,In-person,59,N,N
HRG-06197,2025-10-13,CT3,Civil,Virtual,34,N,N
HRG-06198,2025-10-13,CT3,Criminal,In-person,27,N,N
HRG-06199,2025-10-13,CT3,Family,In-person,60,Y,N
HRG-06200,2025-10-13,CT3,Civil,In-person,59,N,N
HRG-06201,2025-10-14,CT1,Civil,In-person,48,N,N
HRG-06202,2025-10-14,CT1,Commercial,In-person,22,N,N
HRG-06203,2025-10-14,CT1,Criminal,Virtual,12,N,N
HRG-06204,2025-10-14,CT1,Civil,Virtual,13,N,N
HRG-06205,2025-10-14,CT1,Civil,In-person,60,Y,N
HRG-06206,2025-10-14,CT1,Appeal,In-person,44,N,N
HRG-06207,2025-10-14,CT1,Civil,Virtual,50,N,N
HRG-06208,2025-10-14,CT1,Civil,Virtual,36,Y,N
HRG-06209,2025-10-14,CT1,Criminal,In-person,55,Y,N
HRG-06210,2025-10-14,CT1,Civil,Virtual,10,N,N
HRG-06211,2025-10-14,CT1,Civil,In-person,48,N,N
HRG-06212,2025-10-14,CT1,Family,In-person,33,N,N
HRG-06213,2025-10-14,CT1,Commercial,Virtual,29,N,N
HRG-06214,2025-10-14,CT1,Civil,Hybrid,50,N,N
HRG-06215,2025-10-14,CT1,Criminal,In-person,62,N,N
HRG-06216,2025-10-14,CT2,Criminal,In-person,58,N,N
HRG-06217,2025-10-14,CT2,Appeal,In-person,47,N,N
HRG-06218,2025-10-14,CT2,Family,In-person,57,N,N
HRG-06219,2025-10-14,CT2,Criminal,Virtual,28,N,N
HRG-06220,2025-10-14,CT2,Civil,In-person,61,Y,N
HRG-06221,2025-10-14,CT2,Family,In-person,34,N,N
HRG-06222,2025-10-14,CT2,Civil,In-person,43,N,N
HRG-06223,2025-10-14,CT2,Commercial,Hybrid,77,N,N
HRG-06224,2025-10-14,CT2,Criminal,Virtual,37,N,N
HRG-06225,2025-10-14,CT2,Criminal,In-person,42,Y,N
HRG-06226,2025-10-14,CT3,Criminal,In-person,24,N,N
HRG-06227,2025-10-14,CT3,Commercial,In-person,87,N,N
HRG-06228,2025-10-14,CT3,Commercial,In-person,33,Y,N
HRG-06229,2025-10-14,CT3,Civil,Virtual,49,Y,Y
HRG-06230,2025-10-14,CT3,Civil,Virtual,55,N,N
HRG-06231,2025-10-14,CT3,Civil,Virtual,15,Y,Y
HRG-06232,2025-10-14,CT3,Civil,In-person,49,N,N
HRG-06233,2025-10-14,CT3,Criminal,In-person,61,N,N
HRG-06234,2025-10-14,CT3,Criminal,In-person,10,N,N
HRG-06235,2025-10-14,CT3,Family,In-person,64,N,N
HRG-06236,2025-10-14,CT3,Criminal,In-person,46,N,N
HRG-06237,2025-10-14,CT3,Appeal,Virtual,21,N,N
HRG-06238,2025-10-14,CT3,Civil,In-person,64,N,N
HRG-06239,2025-10-15,CT1,Civil,In-person,48,N,N
HRG-06240,2025-10-15,CT1,Civil,Virtual,40,N,N
HRG-06241,2025-10-15,CT1,Criminal,Virtual,43,N,N
HRG-06242,2025-10-15,CT1,Commercial,Virtual,42,Y,Y
HRG-06243,2025-10-15,CT1,Commercial,Virtual,62,N,N
HRG-06244,2025-10-15,CT1,Civil,In-person,32,Y,N
HRG-06245,2025-10-15,CT1,Civil,In-person,47,N,N
HRG-06246,2025-10-15,CT1,Family,Virtual,35,N,N
HRG-06247,2025-10-15,CT1,Civil,Virtual,50,N,Y
HRG-06248,2025-10-15,CT1,Family,Virtual,11,N,N
HRG-06249,2025-10-15,CT1,Commercial,In-person,31,N,N
HRG-06250,2025-10-15,CT1,Criminal,Hybrid,24,Y,N
HRG-06251,2025-10-15,CT1,Commercial,Virtual,33,N,N
HRG-06252,2025-10-15,CT1,Appeal,Virtual,26,N,N
HRG-06253,2025-10-15,CT1,Civil,In-person,41,N,N
HRG-06254,2025-10-15,CT1,Commercial,Virtual,53,N,N
HRG-06255,2025-10-15,CT1,Appeal,In-person,51,N,N
HRG-06256,2025-10-15,CT2,Criminal,In-person,53,N,N
HRG-06257,2025-10-15,CT2,Civil,Virtual,18,N,N
HRG-06258,2025-10-15,CT2,Family,In-person,51,N,N
HRG-06259,2025-10-15,CT2,Appeal,In-person,42,Y,N
HRG-06260,2025-10-15,CT2,Civil,Virtual,10,N,N
HRG-06261,2025-10-15,CT2,Criminal,Virtual,13,N,N
HRG-06262,2025-10-15,CT2,Civil,In-person,52,Y,N
HRG-06263,2025-10-15,CT2,Criminal,Virtual,34,N,N
HRG-06264,2025-10-15,CT2,Criminal,In-person,54,N,N
HRG-06265,2025-10-15,CT2,Criminal,In-person,23,N,N
HRG-06266,2025-10-15,CT3,Family,Virtual,43,N,N
HRG-06267,2025-10-15,CT3,Family,In-person,49,Y,N
HRG-06268,2025-10-15,CT3,Civil,In-person,62,N,N
HRG-06269,2025-10-15,CT3,Civil,In-person,68,N,N
HRG-06270,2025-10-15,CT3,Civil,Hybrid,62,Y,N
HRG-06271,2025-10-15,CT3,Criminal,Virtual,37,N,Y
HRG-06272,2025-10-15,CT3,Civil,In-person,29,N,N
HRG-06273,2025-10-15,CT3,Family,In-person,61,N,N
HRG-06274,2025-10-15,CT3,Civil,In-person,41,N,N
HRG-06275,2025-10-15,CT3,Civil,In-person,54,Y,N
HRG-06276,2025-10-15,CT3,Civil,In-person,48,Y,N
HRG-06277,2025-10-16,CT1,Civil,Virtual,10,N,N
HRG-06278,2025-10-16,CT1,Civil,In-person,49,Y,N
HRG-06279,2025-10-16,CT1,Family,In-person,69,N,N
HRG-06280,2025-10-16,CT1,Criminal,In-person,41,Y,N
HRG-06281,2025-10-16,CT1,Commercial,In-person,42,N,N
HRG-06282,2025-10-16,CT1,Criminal,In-person,43,Y,N
HRG-06283,2025-10-16,CT1,Commercial,In-person,49,N,N
HRG-06284,2025-10-16,CT1,Civil,In-person,51,N,N
HRG-06285,2025-10-16,CT1,Civil,In-person,41,N,N
HRG-06286,2025-10-16,CT1,Criminal,Virtual,25,Y,Y
HRG-06287,2025-10-16,CT1,Appeal,In-person,49,N,N
HRG-06288,2025-10-16,CT1,Civil,Virtual,42,N,N
HRG-06289,2025-10-16,CT1,Civil,In-person,54,Y,N
HRG-06290,2025-10-16,CT1,Criminal,Hybrid,58,N,N
HRG-06291,2025-10-16,CT2,Civil,In-person,49,N,N
HRG-06292,2025-10-16,CT2,Family,In-person,32,N,N
HRG-06293,2025-10-16,CT2,Criminal,In-person,53,N,N
HRG-06294,2025-10-16,CT2,Criminal,Virtual,51,N,N
HRG-06295,2025-10-16,CT2,Criminal,In-person,30,N,N
HRG-06296,2025-10-16,CT2,Civil,Hybrid,26,N,N
HRG-06297,2025-10-16,CT2,Civil,Virtual,48,N,N
HRG-06298,2025-10-16,CT2,Civil,Virtual,26,N,N
HRG-06299,2025-10-16,CT2,Civil,Virtual,55,N,N
HRG-06300,2025-10-16,CT2,Criminal,Virtual,24,Y,N
HRG-06301,2025-10-16,CT3,Family,In-person,46,N,N
HRG-06302,2025-10-16,CT3,Appeal,In-person,51,N,N
HRG-06303,2025-10-16,CT3,Civil,In-person,54,N,N
HRG-06304,2025-10-16,CT3,Civil,Hybrid,13,N,N
HRG-06305,2025-10-16,CT3,Civil,Virtual,59,N,N
HRG-06306,2025-10-16,CT3,Civil,In-person,51,Y,N
HRG-06307,2025-10-16,CT3,Civil,In-person,43,Y,N
HRG-06308,2025-10-16,CT3,Commercial,In-person,51,N,N
HRG-06309,2025-10-16,CT3,Commercial,In-person,58,N,N
HRG-06310,2025-10-16,CT3,Civil,Virtual,17,N,N
HRG-06311,2025-10-17,CT1,Family,Virtual,42,N,N
HRG-06312,2025-10-17,CT1,Criminal,Hybrid,45,N,N
HRG-06313,2025-10-17,CT1,Civil,Virtual,52,N,N
HRG-06314,2025-10-17,CT1,Commercial,Virtual,44,N,N
HRG-06315,2025-10-17,CT1,Appeal,Hybrid,41,N,N
HRG-06316,2025-10-17,CT1,Family,Virtual,53,N,N
HRG-06317,2025-10-17,CT1,Civil,In-person,10,N,N
HRG-06318,2025-10-17,CT1,Commercial,Virtual,49,Y,N
HRG-06319,2025-10-17,CT1,Family,In-person,30,N,N
HRG-06320,2025-10-17,CT1,Civil,In-person,50,N,N
HRG-06321,2025-10-17,CT1,Criminal,In-person,55,Y,N
HRG-06322,2025-10-17,CT1,Criminal,In-person,40,Y,N
HRG-06323,2025-10-17,CT1,Criminal,Virtual,27,N,N
HRG-06324,2025-10-17,CT2,Civil,In-person,58,N,N
HRG-06325,2025-10-17,CT2,Criminal,In-person,51,Y,N
HRG-06326,2025-10-17,CT2,Civil,In-person,37,N,N
HRG-06327,2025-10-17,CT2,Commercial,Virtual,59,N,N
HRG-06328,2025-10-17,CT2,Criminal,Virtual,34,N,N
HRG-06329,2025-10-17,CT2,Criminal,In-person,68,N,N
HRG-06330,2025-10-17,CT2,Criminal,Virtual,49,N,N
HRG-06331,2025-10-17,CT2,Commercial,Virtual,40,N,N
HRG-06332,2025-10-17,CT2,Family,In-person,29,N,N
HRG-06333,2025-10-17,CT3,Civil,Virtual,19,Y,N
HRG-06334,2025-10-17,CT3,Civil,In-person,48,N,N
HRG-06335,2025-10-17,CT3,Criminal,In-person,38,N,N
HRG-06336,2025-10-17,CT3,Criminal,In-person,45,N,N
HRG-06337,2025-10-17,CT3,Criminal,Virtual,44,N,N
HRG-06338,2025-10-17,CT3,Criminal,Virtual,13,N,N
HRG-06339,2025-10-17,CT3,Criminal,In-person,62,N,N
HRG-06340,2025-10-20,CT1,Criminal,Virtual,53,N,N
HRG-06341,2025-10-20,CT1,Appeal,Virtual,42,N,N
HRG-06342,2025-10-20,CT1,Criminal,In-person,62,N,N
HRG-06343,2025-10-20,CT1,Civil,In-person,19,N,N
HRG-06344,2025-10-20,CT1,Appeal,In-person,49,N,N
HRG-06345,2025-10-20,CT1,Criminal,In-person,55,Y,N
HRG-06346,2025-10-20,CT1,Family,Virtual,44,N,N
HRG-06347,2025-10-20,CT1,Commercial,In-person,34,Y,N
HRG-06348,2025-10-20,CT1,Appeal,In-person,63,N,N
HRG-06349,2025-10-20,CT1,Commercial,Hybrid,27,N,N
HRG-06350,2025-10-20,CT1,Criminal,In-person,17,N,N
HRG-06351,2025-10-20,CT1,Civil,Virtual,33,N,N
HRG-06352,2025-10-20,CT1,Civil,Virtual,64,N,N
HRG-06353,2025-10-20,CT2,Civil,Virtual,27,N,N
HRG-06354,2025-10-20,CT2,Criminal,In-person,56,N,N
HRG-06355,2025-10-20,CT2,Criminal,In-person,46,N,N
HRG-06356,2025-10-20,CT2,Civil,In-person,52,N,N
HRG-06357,2025-10-20,CT2,Family,In-person,81,N,N
HRG-06358,2025-10-20,CT2,Commercial,Virtual,22,N,N
HRG-06359,2025-10-20,CT2,Civil,In-person,33,N,N
HRG-06360,2025-10-20,CT2,Civil,In-person,40,N,N
HRG-06361,2025-10-20,CT3,Civil,In-person,53,N,N
HRG-06362,2025-10-20,CT3,Appeal,In-person,57,N,N
HRG-06363,2025-10-20,CT3,Appeal,In-person,75,N,N
HRG-06364,2025-10-20,CT3,Civil,In-person,55,N,N
HRG-06365,2025-10-20,CT3,Civil,In-person,42,Y,N
HRG-06366,2025-10-20,CT3,Commercial,In-person,43,N,N
HRG-06367,2025-10-20,CT3,Criminal,Hybrid,41,N,N
HRG-06368,2025-10-20,CT3,Appeal,In-person,47,Y,N
HRG-06369,2025-10-20,CT3,Criminal,In-person,51,N,N
HRG-06370,2025-10-20,CT3,Civil,In-person,44,Y,N
HRG-06371,2025-10-20,CT3,Criminal,In-person,58,Y,N
HRG-06372,2025-10-20,CT3,Commercial,In-person,48,N,N
HRG-06373,2025-10-20,CT3,Civil,In-person,60,N,N
HRG-06374,2025-10-21,CT1,Civil,Hybrid,51,N,N
HRG-06375,2025-10-21,CT1,Civil,Virtual,43,N,N
HRG-06376,2025-10-21,CT1,Criminal,Virtual,30,N,N
HRG-06377,2025-10-21,CT1,Criminal,In-person,46,N,N
HRG-06378,2025-10-21,CT1,Commercial,Virtual,55,N,N
HRG-06379,2025-10-21,CT1,Civil,In-person,45,N,N
HRG-06380,2025-10-21,CT1,Civil,In-person,66,N,N
HRG-06381,2025-10-21,CT1,Civil,Virtual,35,N,N
HRG-06382,2025-10-21,CT1,Criminal,Virtual,62,Y,N
HRG-06383,2025-10-21,CT1,Civil,In-person,36,N,N
HRG-06384,2025-10-21,CT1,Criminal,Hybrid,10,N,N
HRG-06385,2025-10-21,CT1,Family,In-person,48,N,N
HRG-06386,2025-10-21,CT1,Civil,In-person,10,N,N
HRG-06387,2025-10-21,CT1,Civil,Virtual,32,N,N
HRG-06388,2025-10-21,CT1,Family,Hybrid,59,N,N
HRG-06389,2025-10-21,CT2,Civil,In-person,66,N,N
HRG-06390,2025-10-21,CT2,Criminal,Hybrid,37,N,N
HRG-06391,2025-10-21,CT2,Civil,Virtual,23,Y,N
HRG-06392,2025-10-21,CT2,Criminal,Virtual,34,Y,Y
HRG-06393,2025-10-21,CT2,Appeal,In-person,56,N,N
HRG-06394,2025-10-21,CT2,Commercial,In-person,76,N,N
HRG-06395,2025-10-21,CT2,Civil,Hybrid,44,N,N
HRG-06396,2025-10-21,CT2,Commercial,In-person,55,Y,N
HRG-06397,2025-10-21,CT2,Civil,In-person,33,N,N
HRG-06398,2025-10-21,CT2,Family,In-person,65,N,N
HRG-06399,2025-10-21,CT2,Family,In-person,37,N,N
HRG-06400,2025-10-21,CT3,Family,In-person,51,N,N
HRG-06401,2025-10-21,CT3,Appeal,In-person,51,Y,N
HRG-06402,2025-10-21,CT3,Civil,Virtual,54,N,N
HRG-06403,2025-10-21,CT3,Family,In-person,32,N,N
HRG-06404,2025-10-21,CT3,Civil,Hybrid,17,N,N
HRG-06405,2025-10-21,CT3,Civil,In-person,49,N,N
HRG-06406,2025-10-21,CT3,Commercial,Hybrid,23,N,N
HRG-06407,2025-10-21,CT3,Civil,Virtual,45,N,N
HRG-06408,2025-10-21,CT3,Civil,In-person,39,Y,N
HRG-06409,2025-10-21,CT3,Civil,Virtual,20,N,N
HRG-06410,2025-10-22,CT1,Civil,In-person,54,N,N
HRG-06411,2025-10-22,CT1,Civil,In-person,43,N,N
HRG-06412,2025-10-22,CT1,Criminal,Virtual,46,N,N
HRG-06413,2025-10-22,CT1,Appeal,In-person,80,N,N
HRG-06414,2025-10-22,CT1,Civil,Hybrid,34,N,N
HRG-06415,2025-10-22,CT1,Civil,Hybrid,33,N,N
HRG-06416,2025-10-22,CT1,Civil,In-person,51,N,N
HRG-06417,2025-10-22,CT1,Family,Hybrid,15,Y,N
HRG-06418,2025-10-22,CT1,Civil,Virtual,46,N,N
HRG-06419,2025-10-22,CT1,Criminal,Hybrid,40,Y,N
HRG-06420,2025-10-22,CT1,Civil,In-person,49,N,N
HRG-06421,2025-10-22,CT1,Civil,Hybrid,46,N,N
HRG-06422,2025-10-22,CT1,Criminal,Virtual,37,N,N
HRG-06423,2025-10-22,CT1,Civil,Virtual,45,Y,N
HRG-06424,2025-10-22,CT2,Commercial,In-person,41,N,N
HRG-06425,2025-10-22,CT2,Family,In-person,31,N,N
HRG-06426,2025-10-22,CT2,Civil,Virtual,46,Y,N
HRG-06427,2025-10-22,CT2,Criminal,In-person,34,N,N
HRG-06428,2025-10-22,CT2,Criminal,Virtual,31,N,N
HRG-06429,2025-10-22,CT2,Civil,Hybrid,26,Y,N
HRG-06430,2025-10-22,CT2,Appeal,In-person,36,N,N
HRG-06431,2025-10-22,CT2,Appeal,Hybrid,10,N,N
HRG-06432,2025-10-22,CT2,Criminal,In-person,65,N,N
HRG-06433,2025-10-22,CT2,Criminal,Virtual,22,N,Y
HRG-06434,2025-10-22,CT3,Criminal,Hybrid,45,Y,N
HRG-06435,2025-10-22,CT3,Criminal,In-person,45,N,N
HRG-06436,2025-10-22,CT3,Commercial,In-person,28,Y,N
HRG-06437,2025-10-22,CT3,Criminal,In-person,45,N,N
HRG-06438,2025-10-22,CT3,Civil,In-person,46,N,N
HRG-06439,2025-10-22,CT3,Appeal,In-person,39,Y,N
HRG-06440,2025-10-22,CT3,Criminal,In-person,32,N,N
HRG-06441,2025-10-22,CT3,Commercial,Hybrid,29,N,N
HRG-06442,2025-10-22,CT3,Commercial,Virtual,42,N,N
HRG-06443,2025-10-22,CT3,Family,In-person,44,Y,N
HRG-06444,2025-10-22,CT3,Appeal,In-person,44,N,N
HRG-06445,2025-10-23,CT1,Civil,In-person,33,N,N
HRG-06446,2025-10-23,CT1,Commercial,Virtual,56,N,N
HRG-06447,2025-10-23,CT1,Civil,In-person,52,Y,N
HRG-06448,2025-10-23,CT1,Criminal,Virtual,36,N,N
HRG-06449,2025-10-23,CT1,Criminal,Virtual,31,N,N
HRG-06450,2025-10-23,CT1,Civil,Hybrid,47,N,N
HRG-06451,2025-10-23,CT1,Appeal,In-person,44,N,N
HRG-06452,2025-10-23,CT1,Commercial,In-person,47,Y,N
HRG-06453,2025-10-23,CT1,Family,Hybrid,49,N,N
HRG-06454,2025-10-23,CT1,Appeal,Virtual,15,N,N
HRG-06455,2025-10-23,CT1,Commercial,In-person,36,N,N
HRG-06456,2025-10-23,CT1,Commercial,In-person,32,N,N
HRG-06457,2025-10-23,CT2,Commercial,Virtual,25,N,N
HRG-06458,2025-10-23,CT2,Civil,In-person,34,Y,N
HRG-06459,2025-10-23,CT2,Criminal,Virtual,27,N,N
HRG-06460,2025-10-23,CT2,Civil,In-person,75,N,N
HRG-06461,2025-10-23,CT2,Civil,In-person,91,Y,N
HRG-06462,2025-10-23,CT2,Civil,Virtual,32,N,N
HRG-06463,2025-10-23,CT2,Civil,In-person,39,N,N
HRG-06464,2025-10-23,CT2,Civil,In-person,53,N,N
HRG-06465,2025-10-23,CT2,Civil,In-person,51,N,N
HRG-06466,2025-10-23,CT3,Criminal,In-person,60,N,N
HRG-06467,2025-10-23,CT3,Criminal,In-person,53,Y,N
HRG-06468,2025-10-23,CT3,Criminal,In-person,39,N,N
HRG-06469,2025-10-23,CT3,Commercial,Virtual,37,N,N
HRG-06470,2025-10-23,CT3,Criminal,In-person,48,N,N
HRG-06471,2025-10-23,CT3,Family,In-person,44,N,N
HRG-06472,2025-10-23,CT3,Civil,Hybrid,71,N,N
HRG-06473,2025-10-23,CT3,Criminal,Virtual,66,N,N
HRG-06474,2025-10-23,CT3,Criminal,In-person,65,N,N
HRG-06475,2025-10-24,CT1,Civil,In-person,64,N,N
HRG-06476,2025-10-24,CT1,Civil,Virtual,43,N,N
HRG-06477,2025-10-24,CT1,Criminal,In-person,39,N,N
HRG-06478,2025-10-24,CT1,Civil,Virtual,36,N,N
HRG-06479,2025-10-24,CT1,Civil,In-person,48,N,N
HRG-06480,2025-10-24,CT1,Appeal,Hybrid,49,N,N
HRG-06481,2025-10-24,CT1,Civil,In-person,63,N,N
HRG-06482,2025-10-24,CT1,Commercial,In-person,53,N,N
HRG-06483,2025-10-24,CT1,Criminal,Virtual,16,N,N
HRG-06484,2025-10-24,CT1,Criminal,In-person,38,N,N
HRG-06485,2025-10-24,CT1,Criminal,In-person,54,N,N
HRG-06486,2025-10-24,CT1,Criminal,In-person,38,N,N
HRG-06487,2025-10-24,CT1,Criminal,In-person,55,N,N
HRG-06488,2025-10-24,CT1,Appeal,In-person,33,Y,N
HRG-06489,2025-10-24,CT1,Criminal,In-person,24,Y,N
HRG-06490,2025-10-24,CT2,Family,In-person,34,N,N
HRG-06491,2025-10-24,CT2,Appeal,In-person,35,N,N
HRG-06492,2025-10-24,CT2,Appeal,In-person,64,N,N
HRG-06493,2025-10-24,CT2,Criminal,In-person,50,Y,N
HRG-06494,2025-10-24,CT2,Commercial,In-person,48,Y,N
HRG-06495,2025-10-24,CT2,Criminal,In-person,68,N,N
HRG-06496,2025-10-24,CT2,Criminal,In-person,63,N,N
HRG-06497,2025-10-24,CT2,Criminal,In-person,47,N,N
HRG-06498,2025-10-24,CT2,Criminal,In-person,71,N,N
HRG-06499,2025-10-24,CT2,Family,In-person,45,N,N
HRG-06500,2025-10-24,CT3,Family,In-person,37,N,N
HRG-06501,2025-10-24,CT3,Commercial,In-person,35,N,N
HRG-06502,2025-10-24,CT3,Appeal,In-person,18,Y,N
HRG-06503,2025-10-24,CT3,Appeal,In-person,68,N,N
HRG-06504,2025-10-24,CT3,Civil,Virtual,38,N,N
HRG-06505,2025-10-24,CT3,Appeal,In-person,25,N,N
HRG-06506,2025-10-24,CT3,Commercial,In-person,43,Y,N
HRG-06507,2025-10-24,CT3,Family,In-person,50,N,N
HRG-06508,2025-10-24,CT3,Family,In-person,28,N,N
HRG-06509,2025-10-24,CT3,Civil,In-person,54,N,N
HRG-06510,2025-10-24,CT3,Civil,In-person,62,N,N
HRG-06511,2025-10-24,CT3,Criminal,Hybrid,24,N,N
HRG-06512,2025-10-24,CT3,Criminal,Virtual,47,N,N
HRG-06513,2025-10-27,CT1,Civil,In-person,41,N,N
HRG-06514,2025-10-27,CT1,Family,In-person,43,N,N
HRG-06515,2025-10-27,CT1,Civil,Virtual,34,N,N
HRG-06516,2025-10-27,CT1,Criminal,Virtual,12,N,N
HRG-06517,2025-10-27,CT1,Civil,Hybrid,10,N,N
HRG-06518,2025-10-27,CT1,Criminal,Virtual,35,N,N
HRG-06519,2025-10-27,CT1,Civil,In-person,38,N,N
HRG-06520,2025-10-27,CT1,Civil,Hybrid,42,N,N
HRG-06521,2025-10-27,CT1,Civil,In-person,44,N,N
HRG-06522,2025-10-27,CT1,Civil,In-person,40,N,N
HRG-06523,2025-10-27,CT1,Family,In-person,72,Y,N
HRG-06524,2025-10-27,CT1,Family,In-person,16,Y,N
HRG-06525,2025-10-27,CT1,Commercial,Hybrid,23,N,N
HRG-06526,2025-10-27,CT1,Appeal,Virtual,31,N,N
HRG-06527,2025-10-27,CT1,Criminal,Virtual,33,N,N
HRG-06528,2025-10-27,CT1,Criminal,Virtual,17,N,N
HRG-06529,2025-10-27,CT2,Criminal,Virtual,10,N,N
HRG-06530,2025-10-27,CT2,Commercial,In-person,51,N,N
HRG-06531,2025-10-27,CT2,Appeal,In-person,31,N,N
HRG-06532,2025-10-27,CT2,Family,Virtual,49,N,N
HRG-06533,2025-10-27,CT2,Civil,In-person,33,N,N
HRG-06534,2025-10-27,CT2,Civil,In-person,51,N,N
HRG-06535,2025-10-27,CT3,Commercial,Virtual,49,N,N
HRG-06536,2025-10-27,CT3,Criminal,Virtual,46,Y,Y
HRG-06537,2025-10-27,CT3,Civil,In-person,47,N,N
HRG-06538,2025-10-27,CT3,Criminal,In-person,52,N,N
HRG-06539,2025-10-27,CT3,Appeal,In-person,59,N,N
HRG-06540,2025-10-27,CT3,Criminal,Hybrid,29,N,N
HRG-06541,2025-10-27,CT3,Civil,Hybrid,20,N,N
HRG-06542,2025-10-27,CT3,Family,In-person,54,N,N
HRG-06543,2025-10-27,CT3,Criminal,Hybrid,46,N,N
HRG-06544,2025-10-27,CT3,Commercial,Virtual,47,Y,N
HRG-06545,2025-10-27,CT3,Criminal,In-person,54,N,N
HRG-06546,2025-10-28,CT1,Civil,In-person,27,N,N
HRG-06547,2025-10-28,CT1,Family,Hybrid,51,Y,N
HRG-06548,2025-10-28,CT1,Criminal,Virtual,34,N,N
HRG-06549,2025-10-28,CT1,Criminal,Virtual,39,N,N
HRG-06550,2025-10-28,CT1,Commercial,Hybrid,40,Y,N
HRG-06551,2025-10-28,CT1,Appeal,In-person,32,N,N
HRG-06552,2025-10-28,CT1,Family,In-person,50,N,N
HRG-06553,2025-10-28,CT1,Civil,Virtual,25,N,N
HRG-06554,2025-10-28,CT1,Civil,Virtual,39,N,N
HRG-06555,2025-10-28,CT1,Commercial,In-person,36,N,N
HRG-06556,2025-10-28,CT1,Commercial,In-person,40,N,N
HRG-06557,2025-10-28,CT1,Family,In-person,74,N,N
HRG-06558,2025-10-28,CT1,Civil,Hybrid,51,N,N
HRG-06559,2025-10-28,CT1,Criminal,Virtual,41,N,N
HRG-06560,2025-10-28,CT1,Civil,Virtual,30,Y,N
HRG-06561,2025-10-28,CT1,Criminal,Hybrid,12,N,N
HRG-06562,2025-10-28,CT2,Civil,Hybrid,45,Y,N
HRG-06563,2025-10-28,CT2,Criminal,In-person,30,N,N
HRG-06564,2025-10-28,CT2,Commercial,Virtual,20,N,N
HRG-06565,2025-10-28,CT2,Criminal,Virtual,47,N,N
HRG-06566,2025-10-28,CT2,Civil,Virtual,29,N,N
HRG-06567,2025-10-28,CT2,Criminal,In-person,65,N,N
HRG-06568,2025-10-28,CT2,Civil,In-person,33,N,N
HRG-06569,2025-10-28,CT2,Civil,In-person,29,N,N
HRG-06570,2025-10-28,CT2,Criminal,In-person,43,N,N
HRG-06571,2025-10-28,CT2,Criminal,Virtual,48,Y,N
HRG-06572,2025-10-28,CT2,Commercial,Virtual,32,Y,N
HRG-06573,2025-10-28,CT2,Civil,Virtual,25,Y,N
HRG-06574,2025-10-28,CT3,Appeal,Hybrid,39,N,Y
HRG-06575,2025-10-28,CT3,Civil,Virtual,20,N,N
HRG-06576,2025-10-28,CT3,Commercial,Virtual,10,N,N
HRG-06577,2025-10-28,CT3,Civil,In-person,35,N,N
HRG-06578,2025-10-28,CT3,Commercial,In-person,63,N,N
HRG-06579,2025-10-28,CT3,Civil,Virtual,28,N,N
HRG-06580,2025-10-28,CT3,Civil,In-person,36,Y,N
HRG-06581,2025-10-28,CT3,Family,In-person,50,N,N
HRG-06582,2025-10-28,CT3,Commercial,Virtual,38,N,N
HRG-06583,2025-10-28,CT3,Criminal,In-person,50,N,N
HRG-06584,2025-10-28,CT3,Criminal,In-person,62,N,N
HRG-06585,2025-10-28,CT3,Civil,Virtual,30,N,N
HRG-06586,2025-10-28,CT3,Civil,In-person,39,Y,N
HRG-06587,2025-10-28,CT3,Commercial,Virtual,11,N,N
HRG-06588,2025-10-29,CT1,Civil,In-person,45,Y,N
HRG-06589,2025-10-29,CT1,Criminal,In-person,46,N,N
HRG-06590,2025-10-29,CT1,Criminal,In-person,50,N,N
HRG-06591,2025-10-29,CT1,Family,Virtual,57,N,N
HRG-06592,2025-10-29,CT1,Commercial,In-person,52,Y,N
HRG-06593,2025-10-29,CT1,Commercial,Virtual,47,N,N
HRG-06594,2025-10-29,CT1,Civil,Virtual,16,N,Y
HRG-06595,2025-10-29,CT1,Commercial,In-person,51,N,N
HRG-06596,2025-10-29,CT1,Appeal,In-person,72,N,N
HRG-06597,2025-10-29,CT1,Civil,In-person,59,N,N
HRG-06598,2025-10-29,CT1,Family,In-person,66,N,N
HRG-06599,2025-10-29,CT1,Commercial,In-person,66,Y,N
HRG-06600,2025-10-29,CT1,Family,Virtual,35,N,N
HRG-06601,2025-10-29,CT1,Commercial,Virtual,52,N,N
HRG-06602,2025-10-29,CT2,Family,Virtual,61,Y,Y
HRG-06603,2025-10-29,CT2,Appeal,In-person,57,N,N
HRG-06604,2025-10-29,CT2,Criminal,Virtual,42,N,N
HRG-06605,2025-10-29,CT2,Family,Hybrid,13,N,N
HRG-06606,2025-10-29,CT2,Family,In-person,31,N,N
HRG-06607,2025-10-29,CT2,Family,Virtual,25,N,N
HRG-06608,2025-10-29,CT2,Civil,Virtual,39,N,Y
HRG-06609,2025-10-29,CT2,Criminal,Virtual,60,Y,Y
HRG-06610,2025-10-29,CT3,Criminal,Virtual,21,N,N
HRG-06611,2025-10-29,CT3,Commercial,In-person,10,N,N
HRG-06612,2025-10-29,CT3,Civil,Virtual,33,N,N
HRG-06613,2025-10-29,CT3,Family,Hybrid,55,N,N
HRG-06614,2025-10-29,CT3,Civil,Virtual,49,Y,N
HRG-06615,2025-10-29,CT3,Criminal,Virtual,37,N,N
HRG-06616,2025-10-29,CT3,Civil,In-person,71,N,N
HRG-06617,2025-10-29,CT3,Commercial,In-person,55,N,N
HRG-06618,2025-10-29,CT3,Civil,Virtual,43,N,N
HRG-06619,2025-10-29,CT3,Appeal,Virtual,38,N,N
HRG-06620,2025-10-29,CT3,Criminal,In-person,40,Y,N
HRG-06621,2025-10-29,CT3,Commercial,Hybrid,20,N,N
HRG-06622,2025-10-30,CT1,Commercial,Virtual,58,N,N
HRG-06623,2025-10-30,CT1,Appeal,Virtual,23,N,N
HRG-06624,2025-10-30,CT1,Criminal,Hybrid,36,N,N
HRG-06625,2025-10-30,CT1,Commercial,In-person,25,N,N
HRG-06626,2025-10-30,CT1,Criminal,In-person,39,N,N
HRG-06627,2025-10-30,CT1,Family,In-person,53,N,N
HRG-06628,2025-10-30,CT1,Criminal,Virtual,29,N,N
HRG-06629,2025-10-30,CT1,Appeal,Virtual,58,Y,N
HRG-06630,2025-10-30,CT1,Appeal,Virtual,43,N,N
HRG-06631,2025-10-30,CT1,Civil,Virtual,50,N,N
HRG-06632,2025-10-30,CT1,Family,In-person,35,N,N
HRG-06633,2025-10-30,CT1,Criminal,Virtual,31,N,N
HRG-06634,2025-10-30,CT1,Criminal,Hybrid,48,Y,N
HRG-06635,2025-10-30,CT1,Criminal,In-person,58,Y,N
HRG-06636,2025-10-30,CT1,Criminal,In-person,51,N,N
HRG-06637,2025-10-30,CT2,Civil,Virtual,32,N,N
HRG-06638,2025-10-30,CT2,Criminal,Virtual,38,Y,N
HRG-06639,2025-10-30,CT2,Civil,Virtual,15,N,N
HRG-06640,2025-10-30,CT2,Commercial,In-person,40,N,N
HRG-06641,2025-10-30,CT2,Family,Virtual,42,N,N
HRG-06642,2025-10-30,CT2,Civil,Hybrid,56,N,N
HRG-06643,2025-10-30,CT2,Family,In-person,41,N,N
HRG-06644,2025-10-30,CT3,Civil,In-person,40,N,N
HRG-06645,2025-10-30,CT3,Criminal,In-person,40,N,N
HRG-06646,2025-10-30,CT3,Civil,In-person,35,Y,N
HRG-06647,2025-10-30,CT3,Appeal,In-person,38,N,N
HRG-06648,2025-10-30,CT3,Criminal,In-person,66,N,N
HRG-06649,2025-10-30,CT3,Criminal,In-person,62,Y,N
HRG-06650,2025-10-30,CT3,Civil,In-person,45,N,N
HRG-06651,2025-10-30,CT3,Civil,Virtual,40,N,N
HRG-06652,2025-10-30,CT3,Appeal,In-person,46,N,N
HRG-06653,2025-10-30,CT3,Civil,In-person,56,Y,N
HRG-06654,2025-10-30,CT3,Civil,In-person,27,N,N
HRG-06655,2025-10-30,CT3,Appeal,Hybrid,39,N,N
HRG-06656,2025-10-30,CT3,Commercial,In-person,63,N,N
HRG-06657,2025-10-31,CT1,Civil,In-person,45,N,N
HRG-06658,2025-10-31,CT1,Commercial,Virtual,57,N,N
HRG-06659,2025-10-31,CT1,Criminal,In-person,54,Y,N
HRG-06660,2025-10-31,CT1,Commercial,In-person,43,N,N
HRG-06661,2025-10-31,CT1,Criminal,Virtual,25,N,N
HRG-06662,2025-10-31,CT1,Criminal,In-person,71,N,N
HRG-06663,2025-10-31,CT1,Commercial,Virtual,52,N,N
HRG-06664,2025-10-31,CT1,Criminal,Hybrid,26,N,N
HRG-06665,2025-10-31,CT1,Civil,In-person,41,N,N
HRG-06666,2025-10-31,CT1,Civil,In-person,64,N,N
HRG-06667,2025-10-31,CT1,Criminal,Virtual,36,Y,N
HRG-06668,2025-10-31,CT1,Commercial,Virtual,36,N,N
HRG-06669,2025-10-31,CT1,Family,In-person,58,N,N
HRG-06670,2025-10-31,CT2,Family,Hybrid,46,N,N
HRG-06671,2025-10-31,CT2,Criminal,Hybrid,59,N,N
HRG-06672,2025-10-31,CT2,Criminal,In-person,39,N,N
HRG-06673,2025-10-31,CT2,Criminal,In-person,44,N,N
HRG-06674,2025-10-31,CT2,Civil,In-person,42,Y,N
HRG-06675,2025-10-31,CT2,Criminal,Hybrid,33,N,N
HRG-06676,2025-10-31,CT2,Criminal,In-person,39,N,N
HRG-06677,2025-10-31,CT3,Civil,In-person,35,N,N
HRG-06678,2025-10-31,CT3,Civil,In-person,47,N,N
HRG-06679,2025-10-31,CT3,Civil,In-person,50,Y,N
HRG-06680,2025-10-31,CT3,Commercial,In-person,32,N,N
HRG-06681,2025-10-31,CT3,Family,Hybrid,25,N,N
HRG-06682,2025-10-31,CT3,Criminal,In-person,41,N,N
HRG-06683,2025-10-31,CT3,Civil,Hybrid,32,N,N
HRG-06684,2025-10-31,CT3,Criminal,In-person,72,Y,N
HRG-06685,2025-10-31,CT3,Criminal,In-person,57,Y,N
HRG-06686,2025-10-31,CT3,Family,In-person,35,N,N
HRG-06687,2025-10-31,CT3,Appeal,Hybrid,23,N,N
HRG-06688,2025-11-03,CT1,Civil,Hybrid,48,N,N
HRG-06689,2025-11-03,CT1,Criminal,In-person,24,N,N
HRG-06690,2025-11-03,CT1,Civil,Virtual,49,Y,N
HRG-06691,2025-11-03,CT1,Criminal,In-person,62,Y,N
HRG-06692,2025-11-03,CT1,Appeal,In-person,53,N,N
HRG-06693,2025-11-03,CT1,Commercial,In-person,16,N,N
HRG-06694,2025-11-03,CT1,Criminal,In-person,29,N,N
HRG-06695,2025-11-03,CT1,Civil,Virtual,53,N,N
HRG-06696,2025-11-03,CT1,Appeal,Virtual,27,N,N
HRG-06697,2025-11-03,CT1,Civil,In-person,48,N,N
HRG-06698,2025-11-03,CT1,Civil,In-person,63,N,N
HRG-06699,2025-11-03,CT1,Civil,In-person,60,N,N
HRG-06700,2025-11-03,CT1,Family,In-person,40,N,N
HRG-06701,2025-11-03,CT1,Family,Virtual,11,N,N
HRG-06702,2025-11-03,CT1,Criminal,Virtual,33,N,N
HRG-06703,2025-11-03,CT1,Civil,Virtual,44,Y,N
HRG-06704,2025-11-03,CT1,Appeal,In-person,67,N,N
HRG-06705,2025-11-03,CT2,Appeal,In-person,35,N,N
HRG-06706,2025-11-03,CT2,Civil,In-person,24,N,N
HRG-06707,2025-11-03,CT2,Family,In-person,49,Y,N
HRG-06708,2025-11-03,CT2,Criminal,In-person,54,N,N
HRG-06709,2025-11-03,CT2,Criminal,In-person,20,N,N
HRG-06710,2025-11-03,CT2,Criminal,In-person,51,Y,N
HRG-06711,2025-11-03,CT2,Appeal,In-person,30,N,N
HRG-06712,2025-11-03,CT2,Family,Virtual,23,N,N
HRG-06713,2025-11-03,CT2,Criminal,In-person,42,N,N
HRG-06714,2025-11-03,CT2,Criminal,In-person,52,N,N
HRG-06715,2025-11-03,CT2,Civil,Virtual,17,N,N
HRG-06716,2025-11-03,CT3,Civil,In-person,55,N,N
HRG-06717,2025-11-03,CT3,Civil,Hybrid,67,N,N
HRG-06718,2025-11-03,CT3,Criminal,In-person,56,N,N
HRG-06719,2025-11-03,CT3,Civil,In-person,65,Y,N
HRG-06720,2025-11-03,CT3,Civil,In-person,59,N,N
HRG-06721,2025-11-03,CT3,Family,In-person,62,N,N
HRG-06722,2025-11-03,CT3,Civil,In-person,74,Y,N
HRG-06723,2025-11-03,CT3,Commercial,Virtual,26,Y,Y
HRG-06724,2025-11-03,CT3,Commercial,Virtual,30,N,Y
HRG-06725,2025-11-03,CT3,Civil,In-person,29,Y,N
HRG-06726,2025-11-03,CT3,Criminal,In-person,38,N,N
HRG-06727,2025-11-03,CT3,Criminal,Virtual,53,N,N
HRG-06728,2025-11-03,CT3,Commercial,In-person,60,Y,N
HRG-06729,2025-11-03,CT3,Criminal,Virtual,39,N,Y
HRG-06730,2025-11-04,CT1,Civil,In-person,59,N,N
HRG-06731,2025-11-04,CT1,Family,In-person,46,Y,N
HRG-06732,2025-11-04,CT1,Criminal,In-person,47,N,N
HRG-06733,2025-11-04,CT1,Appeal,In-person,48,N,N
HRG-06734,2025-11-04,CT1,Appeal,Virtual,37,N,N
HRG-06735,2025-11-04,CT1,Appeal,Virtual,30,N,N
HRG-06736,2025-11-04,CT1,Criminal,Hybrid,45,N,N
HRG-06737,2025-11-04,CT1,Commercial,Hybrid,12,N,N
HRG-06738,2025-11-04,CT1,Civil,In-person,62,N,N
HRG-06739,2025-11-04,CT1,Criminal,Hybrid,19,N,N
HRG-06740,2025-11-04,CT1,Criminal,In-person,62,N,N
HRG-06741,2025-11-04,CT1,Criminal,In-person,44,Y,N
HRG-06742,2025-11-04,CT1,Criminal,In-person,77,Y,N
HRG-06743,2025-11-04,CT1,Civil,In-person,57,Y,N
HRG-06744,2025-11-04,CT2,Criminal,In-person,55,N,N
HRG-06745,2025-11-04,CT2,Commercial,In-person,33,N,N
HRG-06746,2025-11-04,CT2,Civil,Hybrid,64,N,N
HRG-06747,2025-11-04,CT2,Appeal,Hybrid,25,N,N
HRG-06748,2025-11-04,CT2,Commercial,In-person,52,N,N
HRG-06749,2025-11-04,CT2,Criminal,Virtual,46,N,N
HRG-06750,2025-11-04,CT2,Family,In-person,51,N,N
HRG-06751,2025-11-04,CT2,Appeal,Virtual,57,N,N
HRG-06752,2025-11-04,CT3,Family,Hybrid,15,Y,N
HRG-06753,2025-11-04,CT3,Civil,Virtual,14,N,N
HRG-06754,2025-11-04,CT3,Civil,In-person,30,N,N
HRG-06755,2025-11-04,CT3,Civil,Virtual,31,N,N
HRG-06756,2025-11-04,CT3,Commercial,In-person,41,N,N
HRG-06757,2025-11-04,CT3,Criminal,In-person,22,N,N
HRG-06758,2025-11-04,CT3,Civil,In-person,54,Y,N
HRG-06759,2025-11-04,CT3,Civil,Virtual,41,N,N
HRG-06760,2025-11-04,CT3,Civil,In-person,34,Y,N
HRG-06761,2025-11-05,CT1,Commercial,Virtual,27,N,N
HRG-06762,2025-11-05,CT1,Commercial,Virtual,34,N,N
HRG-06763,2025-11-05,CT1,Civil,Virtual,50,N,N
HRG-06764,2025-11-05,CT1,Criminal,Hybrid,40,N,N
HRG-06765,2025-11-05,CT1,Civil,In-person,44,Y,N
HRG-06766,2025-11-05,CT1,Civil,In-person,63,N,N
HRG-06767,2025-11-05,CT1,Commercial,Hybrid,34,N,N
HRG-06768,2025-11-05,CT1,Civil,Virtual,66,N,N
HRG-06769,2025-11-05,CT1,Civil,Hybrid,37,N,N
HRG-06770,2025-11-05,CT1,Civil,In-person,22,N,N
HRG-06771,2025-11-05,CT1,Civil,Virtual,29,N,N
HRG-06772,2025-11-05,CT1,Appeal,Hybrid,41,N,N
HRG-06773,2025-11-05,CT1,Family,In-person,45,N,N
HRG-06774,2025-11-05,CT2,Civil,In-person,48,N,N
HRG-06775,2025-11-05,CT2,Civil,In-person,54,N,N
HRG-06776,2025-11-05,CT2,Commercial,Virtual,53,Y,N
HRG-06777,2025-11-05,CT2,Appeal,Virtual,41,N,N
HRG-06778,2025-11-05,CT2,Family,In-person,53,N,N
HRG-06779,2025-11-05,CT2,Commercial,Virtual,34,N,N
HRG-06780,2025-11-05,CT2,Civil,In-person,47,N,N
HRG-06781,2025-11-05,CT2,Commercial,Virtual,29,Y,Y
HRG-06782,2025-11-05,CT2,Family,Virtual,21,N,N
HRG-06783,2025-11-05,CT2,Civil,In-person,28,Y,N
HRG-06784,2025-11-05,CT2,Family,In-person,57,N,N
HRG-06785,2025-11-05,CT3,Civil,Virtual,12,N,N
HRG-06786,2025-11-05,CT3,Appeal,Virtual,23,N,N
HRG-06787,2025-11-05,CT3,Appeal,In-person,85,Y,N
HRG-06788,2025-11-05,CT3,Civil,Virtual,15,Y,N
HRG-06789,2025-11-05,CT3,Civil,Virtual,47,N,N
HRG-06790,2025-11-05,CT3,Commercial,In-person,42,N,N
HRG-06791,2025-11-05,CT3,Family,Hybrid,36,N,N
HRG-06792,2025-11-05,CT3,Civil,Virtual,46,N,N
HRG-06793,2025-11-05,CT3,Civil,In-person,48,Y,N
HRG-06794,2025-11-05,CT3,Commercial,In-person,47,N,N
HRG-06795,2025-11-05,CT3,Commercial,In-person,47,N,N
HRG-06796,2025-11-06,CT1,Appeal,Virtual,24,N,N
HRG-06797,2025-11-06,CT1,Appeal,Hybrid,47,Y,N
HRG-06798,2025-11-06,CT1,Family,In-person,47,N,N
HRG-06799,2025-11-06,CT1,Family,In-person,55,N,N
HRG-06800,2025-11-06,CT1,Criminal,Virtual,36,N,N
HRG-06801,2025-11-06,CT1,Criminal,In-person,45,N,N
HRG-06802,2025-11-06,CT1,Criminal,In-person,80,N,N
HRG-06803,2025-11-06,CT1,Commercial,In-person,51,Y,N
HRG-06804,2025-11-06,CT1,Civil,In-person,52,N,N
HRG-06805,2025-11-06,CT1,Commercial,Hybrid,38,N,N
HRG-06806,2025-11-06,CT1,Appeal,In-person,42,N,N
HRG-06807,2025-11-06,CT1,Commercial,In-person,37,N,N
HRG-06808,2025-11-06,CT1,Civil,Virtual,40,Y,N
HRG-06809,2025-11-06,CT2,Criminal,Virtual,52,Y,N
HRG-06810,2025-11-06,CT2,Commercial,In-person,41,N,N
HRG-06811,2025-11-06,CT2,Criminal,In-person,66,N,N
HRG-06812,2025-11-06,CT2,Civil,Virtual,31,Y,N
HRG-06813,2025-11-06,CT2,Criminal,Virtual,56,N,N
HRG-06814,2025-11-06,CT2,Family,In-person,58,N,N
HRG-06815,2025-11-06,CT2,Criminal,Virtual,39,Y,N
HRG-06816,2025-11-06,CT2,Criminal,Virtual,44,Y,N
HRG-06817,2025-11-06,CT3,Commercial,In-person,32,N,N
HRG-06818,2025-11-06,CT3,Criminal,Hybrid,39,N,N
HRG-06819,2025-11-06,CT3,Appeal,In-person,57,Y,N
HRG-06820,2025-11-06,CT3,Criminal,Virtual,50,N,N
HRG-06821,2025-11-06,CT3,Civil,In-person,50,Y,N
HRG-06822,2025-11-06,CT3,Commercial,In-person,59,N,N
HRG-06823,2025-11-06,CT3,Criminal,In-person,51,N,N
HRG-06824,2025-11-06,CT3,Civil,In-person,17,N,N
HRG-06825,2025-11-06,CT3,Criminal,In-person,63,N,N
HRG-06826,2025-11-06,CT3,Civil,In-person,36,N,N
HRG-06827,2025-11-06,CT3,Criminal,Virtual,56,N,N
HRG-06828,2025-11-07,CT1,Commercial,Hybrid,52,N,N
HRG-06829,2025-11-07,CT1,Civil,Virtual,62,N,N
HRG-06830,2025-11-07,CT1,Civil,In-person,58,Y,N
HRG-06831,2025-11-07,CT1,Civil,Virtual,46,N,N
HRG-06832,2025-11-07,CT1,Commercial,In-person,57,N,N
HRG-06833,2025-11-07,CT1,Civil,In-person,37,Y,N
HRG-06834,2025-11-07,CT1,Civil,Hybrid,28,Y,Y
HRG-06835,2025-11-07,CT1,Criminal,In-person,61,N,N
HRG-06836,2025-11-07,CT1,Commercial,Hybrid,34,N,N
HRG-06837,2025-11-07,CT1,Criminal,In-person,66,N,N
HRG-06838,2025-11-07,CT1,Appeal,In-person,69,N,N
HRG-06839,2025-11-07,CT1,Criminal,In-person,17,N,N
HRG-06840,2025-11-07,CT1,Civil,Virtual,34,N,N
HRG-06841,2025-11-07,CT2,Family,In-person,42,N,N
HRG-06842,2025-11-07,CT2,Criminal,Virtual,37,Y,N
HRG-06843,2025-11-07,CT2,Civil,Virtual,33,N,N
HRG-06844,2025-11-07,CT2,Criminal,Virtual,34,N,N
HRG-06845,2025-11-07,CT2,Civil,In-person,56,N,N
HRG-06846,2025-11-07,CT2,Family,Hybrid,40,N,N
HRG-06847,2025-11-07,CT2,Civil,Virtual,33,N,N
HRG-06848,2025-11-07,CT2,Criminal,In-person,73,Y,N
HRG-06849,2025-11-07,CT2,Commercial,In-person,58,Y,N
HRG-06850,2025-11-07,CT2,Civil,Virtual,62,N,N
HRG-06851,2025-11-07,CT2,Commercial,Virtual,39,N,N
HRG-06852,2025-11-07,CT2,Civil,In-person,42,N,N
HRG-06853,2025-11-07,CT2,Civil,In-person,54,N,N
HRG-06854,2025-11-07,CT3,Civil,In-person,46,Y,N
HRG-06855,2025-11-07,CT3,Civil,In-person,46,N,N
HRG-06856,2025-11-07,CT3,Civil,In-person,51,Y,N
HRG-06857,2025-11-07,CT3,Civil,Virtual,40,N,N
HRG-06858,2025-11-07,CT3,Civil,In-person,53,N,N
HRG-06859,2025-11-07,CT3,Civil,In-person,57,N,N
HRG-06860,2025-11-07,CT3,Criminal,In-person,47,N,N
HRG-06861,2025-11-07,CT3,Civil,Virtual,25,N,N
HRG-06862,2025-11-07,CT3,Appeal,Virtual,44,N,N
HRG-06863,2025-11-07,CT3,Criminal,In-person,31,Y,N
HRG-06864,2025-11-07,CT3,Civil,In-person,92,Y,N
HRG-06865,2025-11-10,CT1,Appeal,Virtual,36,N,N
HRG-06866,2025-11-10,CT1,Civil,Virtual,23,N,N
HRG-06867,2025-11-10,CT1,Civil,Virtual,32,N,N
HRG-06868,2025-11-10,CT1,Family,In-person,24,N,N
HRG-06869,2025-11-10,CT1,Civil,Hybrid,21,N,N
HRG-06870,2025-11-10,CT1,Civil,Virtual,62,N,N
HRG-06871,2025-11-10,CT1,Civil,Virtual,70,N,N
HRG-06872,2025-11-10,CT1,Family,In-person,43,N,N
HRG-06873,2025-11-10,CT1,Criminal,In-person,23,Y,N
HRG-06874,2025-11-10,CT1,Family,Virtual,49,N,N
HRG-06875,2025-11-10,CT1,Commercial,Virtual,37,N,N
HRG-06876,2025-11-10,CT1,Criminal,In-person,54,Y,N
HRG-06877,2025-11-10,CT1,Civil,Hybrid,62,N,N
HRG-06878,2025-11-10,CT1,Civil,In-person,28,Y,N
HRG-06879,2025-11-10,CT2,Appeal,In-person,57,N,N
HRG-06880,2025-11-10,CT2,Civil,In-person,72,N,N
HRG-06881,2025-11-10,CT2,Criminal,Virtual,44,N,N
HRG-06882,2025-11-10,CT2,Civil,Virtual,47,N,N
HRG-06883,2025-11-10,CT2,Criminal,In-person,66,Y,N
HRG-06884,2025-11-10,CT2,Criminal,Virtual,12,N,N
HRG-06885,2025-11-10,CT2,Family,Virtual,27,N,N
HRG-06886,2025-11-10,CT2,Civil,In-person,32,Y,N
HRG-06887,2025-11-10,CT2,Criminal,In-person,36,Y,N
HRG-06888,2025-11-10,CT3,Family,Virtual,19,N,N
HRG-06889,2025-11-10,CT3,Appeal,Virtual,36,N,N
HRG-06890,2025-11-10,CT3,Civil,In-person,28,Y,N
HRG-06891,2025-11-10,CT3,Civil,Virtual,43,Y,Y
HRG-06892,2025-11-10,CT3,Civil,Virtual,35,N,N
HRG-06893,2025-11-10,CT3,Family,In-person,32,N,N
HRG-06894,2025-11-10,CT3,Appeal,Virtual,33,N,N
HRG-06895,2025-11-10,CT3,Criminal,In-person,42,N,N
HRG-06896,2025-11-10,CT3,Commercial,In-person,60,N,N
HRG-06897,2025-11-11,CT1,Civil,Virtual,58,N,N
HRG-06898,2025-11-11,CT1,Criminal,In-person,53,N,N
HRG-06899,2025-11-11,CT1,Civil,In-person,75,N,N
HRG-06900,2025-11-11,CT1,Civil,Hybrid,55,N,N
HRG-06901,2025-11-11,CT1,Family,Virtual,56,N,N
HRG-06902,2025-11-11,CT1,Civil,In-person,30,N,N
HRG-06903,2025-11-11,CT1,Family,In-person,31,Y,N
HRG-06904,2025-11-11,CT1,Criminal,Virtual,14,N,N
HRG-06905,2025-11-11,CT1,Family,In-person,34,N,N
HRG-06906,2025-11-11,CT1,Criminal,In-person,69,N,N
HRG-06907,2025-11-11,CT1,Civil,Virtual,65,N,N
HRG-06908,2025-11-11,CT1,Family,Virtual,43,N,N
HRG-06909,2025-11-11,CT1,Commercial,In-person,49,Y,N
HRG-06910,2025-11-11,CT1,Family,In-person,47,Y,N
HRG-06911,2025-11-11,CT2,Commercial,Hybrid,21,N,N
HRG-06912,2025-11-11,CT2,Commercial,Virtual,33,N,N
HRG-06913,2025-11-11,CT2,Appeal,Virtual,63,Y,N
HRG-06914,2025-11-11,CT2,Criminal,Hybrid,37,N,N
HRG-06915,2025-11-11,CT2,Criminal,Virtual,24,N,N
HRG-06916,2025-11-11,CT2,Commercial,Virtual,45,N,N
HRG-06917,2025-11-11,CT2,Criminal,Virtual,42,N,N
HRG-06918,2025-11-11,CT2,Criminal,Virtual,12,N,N
HRG-06919,2025-11-11,CT2,Civil,In-person,62,Y,N
HRG-06920,2025-11-11,CT3,Civil,In-person,52,N,N
HRG-06921,2025-11-11,CT3,Civil,Hybrid,30,N,N
HRG-06922,2025-11-11,CT3,Family,Virtual,40,N,N
HRG-06923,2025-11-11,CT3,Civil,In-person,40,N,N
HRG-06924,2025-11-11,CT3,Family,In-person,43,N,N
HRG-06925,2025-11-11,CT3,Civil,Hybrid,26,N,N
HRG-06926,2025-11-11,CT3,Family,In-person,39,N,N
HRG-06927,2025-11-11,CT3,Criminal,Virtual,19,Y,N
HRG-06928,2025-11-11,CT3,Appeal,Virtual,48,N,N
HRG-06929,2025-11-11,CT3,Commercial,In-person,27,Y,N
HRG-06930,2025-11-11,CT3,Commercial,Virtual,35,N,Y
HRG-06931,2025-11-11,CT3,Civil,In-person,39,Y,N
HRG-06932,2025-11-12,CT1,Criminal,In-person,28,Y,N
HRG-06933,2025-11-12,CT1,Family,Virtual,46,N,N
HRG-06934,2025-11-12,CT1,Civil,Virtual,18,N,N
HRG-06935,2025-11-12,CT1,Commercial,Virtual,49,N,N
HRG-06936,2025-11-12,CT1,Criminal,Hybrid,26,N,N
HRG-06937,2025-11-12,CT1,Civil,In-person,59,N,N
HRG-06938,2025-11-12,CT1,Civil,In-person,39,N,N
HRG-06939,2025-11-12,CT1,Criminal,In-person,42,N,N
HRG-06940,2025-11-12,CT1,Civil,Hybrid,46,N,N
HRG-06941,2025-11-12,CT1,Commercial,Hybrid,58,Y,N
HRG-06942,2025-11-12,CT1,Commercial,In-person,40,Y,N
HRG-06943,2025-11-12,CT1,Family,In-person,54,Y,N
HRG-06944,2025-11-12,CT1,Criminal,Hybrid,28,N,N
HRG-06945,2025-11-12,CT1,Appeal,In-person,52,N,N
HRG-06946,2025-11-12,CT2,Commercial,In-person,51,N,N
HRG-06947,2025-11-12,CT2,Commercial,In-person,51,N,N
HRG-06948,2025-11-12,CT2,Family,In-person,45,Y,N
HRG-06949,2025-11-12,CT2,Civil,Virtual,52,N,N
HRG-06950,2025-11-12,CT2,Family,In-person,36,N,N
HRG-06951,2025-11-12,CT2,Commercial,In-person,58,N,N
HRG-06952,2025-11-12,CT2,Criminal,Hybrid,53,N,N
HRG-06953,2025-11-12,CT2,Family,Virtual,29,Y,N
HRG-06954,2025-11-12,CT2,Commercial,In-person,45,N,N
HRG-06955,2025-11-12,CT2,Criminal,In-person,47,N,N
HRG-06956,2025-11-12,CT3,Civil,In-person,56,N,N
HRG-06957,2025-11-12,CT3,Commercial,In-person,60,N,N
HRG-06958,2025-11-12,CT3,Criminal,Virtual,51,N,N
HRG-06959,2025-11-12,CT3,Civil,Virtual,36,N,N
HRG-06960,2025-11-12,CT3,Criminal,In-person,21,N,N
HRG-06961,2025-11-12,CT3,Civil,Virtual,28,Y,Y
HRG-06962,2025-11-12,CT3,Criminal,In-person,55,N,N
HRG-06963,2025-11-12,CT3,Civil,In-person,30,N,N
HRG-06964,2025-11-12,CT3,Commercial,In-person,22,N,N
HRG-06965,2025-11-12,CT3,Appeal,In-person,81,N,N
HRG-06966,2025-11-13,CT1,Civil,Virtual,34,N,N
HRG-06967,2025-11-13,CT1,Civil,Virtual,30,N,N
HRG-06968,2025-11-13,CT1,Civil,In-person,41,N,N
HRG-06969,2025-11-13,CT1,Criminal,Virtual,55,N,N
HRG-06970,2025-11-13,CT1,Family,In-person,15,N,N
HRG-06971,2025-11-13,CT1,Civil,In-person,35,Y,N
HRG-06972,2025-11-13,CT1,Criminal,Virtual,31,N,N
HRG-06973,2025-11-13,CT1,Criminal,In-person,53,Y,N
HRG-06974,2025-11-13,CT1,Criminal,Virtual,16,Y,N
HRG-06975,2025-11-13,CT1,Commercial,Hybrid,40,N,Y
HRG-06976,2025-11-13,CT1,Commercial,Virtual,43,N,N
HRG-06977,2025-11-13,CT1,Criminal,In-person,42,N,N
HRG-06978,2025-11-13,CT1,Family,Virtual,48,N,N
HRG-06979,2025-11-13,CT1,Criminal,Virtual,24,N,N
HRG-06980,2025-11-13,CT1,Civil,Virtual,36,N,N
HRG-06981,2025-11-13,CT1,Commercial,In-person,43,Y,N
HRG-06982,2025-11-13,CT1,Commercial,In-person,29,N,N
HRG-06983,2025-11-13,CT2,Family,Hybrid,52,Y,N
HRG-06984,2025-11-13,CT2,Family,Virtual,15,N,N
HRG-06985,2025-11-13,CT2,Civil,Hybrid,24,N,N
HRG-06986,2025-11-13,CT2,Civil,In-person,32,N,N
HRG-06987,2025-11-13,CT2,Civil,In-person,50,Y,N
HRG-06988,2025-11-13,CT2,Criminal,Hybrid,50,N,N
HRG-06989,2025-11-13,CT2,Criminal,In-person,43,N,N
HRG-06990,2025-11-13,CT2,Criminal,Hybrid,22,Y,N
HRG-06991,2025-11-13,CT2,Criminal,Virtual,12,N,N
HRG-06992,2025-11-13,CT3,Criminal,In-person,10,N,N
HRG-06993,2025-11-13,CT3,Civil,In-person,12,N,N
HRG-06994,2025-11-13,CT3,Civil,Hybrid,36,N,N
HRG-06995,2025-11-13,CT3,Appeal,Virtual,50,N,N
HRG-06996,2025-11-13,CT3,Commercial,Virtual,38,N,N
HRG-06997,2025-11-13,CT3,Civil,In-person,25,N,N
HRG-06998,2025-11-13,CT3,Civil,In-person,51,N,N
HRG-06999,2025-11-13,CT3,Commercial,Virtual,40,N,N
HRG-07000,2025-11-13,CT3,Commercial,Hybrid,44,N,N
HRG-07001,2025-11-13,CT3,Civil,Virtual,30,N,N
HRG-07002,2025-11-14,CT1,Civil,Virtual,64,N,N
HRG-07003,2025-11-14,CT1,Civil,In-person,49,N,N
HRG-07004,2025-11-14,CT1,Commercial,Virtual,32,N,N
HRG-07005,2025-11-14,CT1,Criminal,In-person,48,N,N
HRG-07006,2025-11-14,CT1,Civil,In-person,63,N,N
HRG-07007,2025-11-14,CT1,Family,Hybrid,52,N,N
HRG-07008,2025-11-14,CT1,Criminal,Virtual,25,N,N
HRG-07009,2025-11-14,CT1,Family,Hybrid,52,N,N
HRG-07010,2025-11-14,CT1,Criminal,In-person,78,N,N
HRG-07011,2025-11-14,CT2,Civil,In-person,41,N,N
HRG-07012,2025-11-14,CT2,Criminal,In-person,58,N,N
HRG-07013,2025-11-14,CT2,Commercial,In-person,44,N,N
HRG-07014,2025-11-14,CT2,Appeal,In-person,50,N,N
HRG-07015,2025-11-14,CT2,Civil,Hybrid,45,N,N
HRG-07016,2025-11-14,CT2,Civil,In-person,61,N,N
HRG-07017,2025-11-14,CT2,Appeal,Virtual,38,Y,N
HRG-07018,2025-11-14,CT2,Commercial,In-person,47,N,N
HRG-07019,2025-11-14,CT2,Commercial,In-person,59,N,N
HRG-07020,2025-11-14,CT2,Family,In-person,76,N,N
HRG-07021,2025-11-14,CT2,Criminal,In-person,40,N,N
HRG-07022,2025-11-14,CT3,Criminal,Virtual,43,N,N
HRG-07023,2025-11-14,CT3,Civil,In-person,53,Y,N
HRG-07024,2025-11-14,CT3,Civil,Virtual,19,N,N
HRG-07025,2025-11-14,CT3,Civil,In-person,50,N,N
HRG-07026,2025-11-14,CT3,Civil,In-person,58,N,N
HRG-07027,2025-11-14,CT3,Criminal,Hybrid,48,N,N
HRG-07028,2025-11-14,CT3,Criminal,In-person,53,N,N
HRG-07029,2025-11-14,CT3,Commercial,Virtual,20,N,N
HRG-07030,2025-11-14,CT3,Criminal,Virtual,45,N,N
HRG-07031,2025-11-14,CT3,Commercial,Hybrid,56,N,N
HRG-07032,2025-11-14,CT3,Criminal,In-person,30,N,N
HRG-07033,2025-11-14,CT3,Civil,Hybrid,31,N,N
HRG-07034,2025-11-14,CT3,Criminal,Virtual,37,N,N
HRG-07035,2025-11-14,CT3,Civil,In-person,52,Y,N
HRG-07036,2025-11-17,CT1,Civil,Hybrid,60,N,N
HRG-07037,2025-11-17,CT1,Criminal,Virtual,36,N,Y
HRG-07038,2025-11-17,CT1,Civil,Virtual,23,N,Y
HRG-07039,2025-11-17,CT1,Civil,Hybrid,42,N,N
HRG-07040,2025-11-17,CT1,Civil,Virtual,39,N,N
HRG-07041,2025-11-17,CT1,Civil,Virtual,33,N,N
HRG-07042,2025-11-17,CT1,Civil,Virtual,54,N,N
HRG-07043,2025-11-17,CT1,Civil,In-person,67,Y,N
HRG-07044,2025-11-17,CT1,Commercial,Hybrid,33,N,N
HRG-07045,2025-11-17,CT1,Commercial,In-person,66,Y,N
HRG-07046,2025-11-17,CT1,Criminal,Virtual,47,N,N
HRG-07047,2025-11-17,CT1,Criminal,Hybrid,24,N,N
HRG-07048,2025-11-17,CT1,Criminal,In-person,40,Y,N
HRG-07049,2025-11-17,CT2,Civil,In-person,60,N,N
HRG-07050,2025-11-17,CT2,Appeal,Virtual,76,N,N
HRG-07051,2025-11-17,CT2,Civil,Virtual,37,N,N
HRG-07052,2025-11-17,CT2,Appeal,In-person,45,N,N
HRG-07053,2025-11-17,CT2,Criminal,In-person,63,Y,N
HRG-07054,2025-11-17,CT2,Civil,Hybrid,30,N,N
HRG-07055,2025-11-17,CT2,Civil,Virtual,37,Y,N
HRG-07056,2025-11-17,CT2,Commercial,In-person,50,Y,N
HRG-07057,2025-11-17,CT2,Family,Hybrid,10,N,N
HRG-07058,2025-11-17,CT2,Civil,In-person,71,N,N
HRG-07059,2025-11-17,CT3,Civil,In-person,68,N,N
HRG-07060,2025-11-17,CT3,Civil,In-person,47,N,N
HRG-07061,2025-11-17,CT3,Civil,In-person,35,N,N
HRG-07062,2025-11-17,CT3,Civil,Virtual,40,N,N
HRG-07063,2025-11-17,CT3,Criminal,Virtual,47,N,N
HRG-07064,2025-11-17,CT3,Civil,Virtual,50,N,N
HRG-07065,2025-11-17,CT3,Criminal,Virtual,32,Y,Y
HRG-07066,2025-11-17,CT3,Criminal,Virtual,29,N,N
HRG-07067,2025-11-17,CT3,Civil,In-person,63,Y,N
HRG-07068,2025-11-17,CT3,Civil,In-person,47,N,N
HRG-07069,2025-11-17,CT3,Family,Virtual,39,N,N
HRG-07070,2025-11-17,CT3,Commercial,Virtual,28,N,N
HRG-07071,2025-11-18,CT1,Commercial,In-person,27,N,N
HRG-07072,2025-11-18,CT1,Appeal,In-person,66,N,N
HRG-07073,2025-11-18,CT1,Civil,In-person,80,N,N
HRG-07074,2025-11-18,CT1,Civil,In-person,44,N,N
HRG-07075,2025-11-18,CT1,Civil,Virtual,60,N,N
HRG-07076,2025-11-18,CT1,Civil,In-person,42,N,N
HRG-07077,2025-11-18,CT1,Appeal,Hybrid,70,N,N
HRG-07078,2025-11-18,CT1,Commercial,Hybrid,45,Y,N
HRG-07079,2025-11-18,CT1,Commercial,Virtual,61,N,Y
HRG-07080,2025-11-18,CT1,Criminal,In-person,29,N,N
HRG-07081,2025-11-18,CT1,Family,Hybrid,40,N,N
HRG-07082,2025-11-18,CT1,Criminal,In-person,48,N,N
HRG-07083,2025-11-18,CT1,Civil,In-person,52,N,N
HRG-07084,2025-11-18,CT1,Family,In-person,64,Y,N
HRG-07085,2025-11-18,CT2,Criminal,In-person,53,N,N
HRG-07086,2025-11-18,CT2,Commercial,In-person,46,N,N
HRG-07087,2025-11-18,CT2,Civil,In-person,41,N,N
HRG-07088,2025-11-18,CT2,Civil,Virtual,25,N,N
HRG-07089,2025-11-18,CT2,Family,Virtual,25,N,N
HRG-07090,2025-11-18,CT2,Civil,Virtual,43,N,N
HRG-07091,2025-11-18,CT2,Criminal,In-person,67,N,N
HRG-07092,2025-11-18,CT2,Criminal,Virtual,62,N,N
HRG-07093,2025-11-18,CT2,Appeal,Hybrid,24,N,N
HRG-07094,2025-11-18,CT2,Criminal,Hybrid,54,N,Y
HRG-07095,2025-11-18,CT3,Criminal,Virtual,47,N,N
HRG-07096,2025-11-18,CT3,Family,Hybrid,57,N,N
HRG-07097,2025-11-18,CT3,Commercial,In-person,41,N,N
HRG-07098,2025-11-18,CT3,Family,Virtual,38,N,N
HRG-07099,2025-11-18,CT3,Commercial,Virtual,20,N,N
HRG-07100,2025-11-18,CT3,Criminal,Hybrid,24,N,N
HRG-07101,2025-11-18,CT3,Criminal,Hybrid,37,N,N
HRG-07102,2025-11-18,CT3,Civil,In-person,62,N,N
HRG-07103,2025-11-18,CT3,Civil,Virtual,48,N,N
HRG-07104,2025-11-18,CT3,Civil,In-person,46,N,N
HRG-07105,2025-11-18,CT3,Criminal,In-person,41,N,N
HRG-07106,2025-11-18,CT3,Criminal,Hybrid,29,N,N
HRG-07107,2025-11-18,CT3,Criminal,In-person,26,N,N
HRG-07108,2025-11-18,CT3,Appeal,In-person,48,Y,N
HRG-07109,2025-11-19,CT1,Commercial,In-person,32,N,N
HRG-07110,2025-11-19,CT1,Civil,In-person,42,N,N
HRG-07111,2025-11-19,CT1,Criminal,In-person,34,Y,N
HRG-07112,2025-11-19,CT1,Civil,In-person,60,N,N
HRG-07113,2025-11-19,CT1,Criminal,In-person,41,N,N
HRG-07114,2025-11-19,CT1,Criminal,Hybrid,22,N,N
HRG-07115,2025-11-19,CT1,Civil,Hybrid,15,N,N
HRG-07116,2025-11-19,CT1,Appeal,Virtual,59,N,N
HRG-07117,2025-11-19,CT1,Criminal,In-person,52,Y,N
HRG-07118,2025-11-19,CT1,Criminal,In-person,23,N,N
HRG-07119,2025-11-19,CT1,Appeal,In-person,50,N,N
HRG-07120,2025-11-19,CT1,Civil,In-person,55,N,N
HRG-07121,2025-11-19,CT2,Appeal,In-person,48,N,N
HRG-07122,2025-11-19,CT2,Criminal,Hybrid,24,Y,N
HRG-07123,2025-11-19,CT2,Commercial,Hybrid,61,N,N
HRG-07124,2025-11-19,CT2,Commercial,In-person,63,N,N
HRG-07125,2025-11-19,CT2,Family,In-person,61,N,N
HRG-07126,2025-11-19,CT2,Civil,Virtual,11,N,N
HRG-07127,2025-11-19,CT2,Criminal,Virtual,43,N,N
HRG-07128,2025-11-19,CT2,Criminal,Hybrid,67,N,N
HRG-07129,2025-11-19,CT3,Civil,In-person,62,N,N
HRG-07130,2025-11-19,CT3,Commercial,In-person,30,Y,N
HRG-07131,2025-11-19,CT3,Family,Virtual,51,N,N
HRG-07132,2025-11-19,CT3,Civil,Hybrid,32,N,N
HRG-07133,2025-11-19,CT3,Criminal,In-person,28,Y,N
HRG-07134,2025-11-19,CT3,Commercial,Virtual,60,N,Y
HRG-07135,2025-11-19,CT3,Criminal,Hybrid,30,Y,N
HRG-07136,2025-11-19,CT3,Criminal,Hybrid,33,N,N
HRG-07137,2025-11-19,CT3,Criminal,In-person,56,N,N
HRG-07138,2025-11-19,CT3,Appeal,Virtual,10,Y,N
HRG-07139,2025-11-19,CT3,Civil,In-person,61,Y,N
HRG-07140,2025-11-20,CT1,Civil,Virtual,34,N,N
HRG-07141,2025-11-20,CT1,Civil,Virtual,10,N,N
HRG-07142,2025-11-20,CT1,Civil,Hybrid,39,N,N
HRG-07143,2025-11-20,CT1,Criminal,In-person,71,N,N
HRG-07144,2025-11-20,CT1,Civil,Hybrid,16,N,N
HRG-07145,2025-11-20,CT1,Civil,In-person,22,N,N
HRG-07146,2025-11-20,CT1,Commercial,In-person,22,Y,N
HRG-07147,2025-11-20,CT1,Civil,In-person,31,N,N
HRG-07148,2025-11-20,CT1,Criminal,Virtual,27,Y,N
HRG-07149,2025-11-20,CT1,Civil,In-person,58,N,N
HRG-07150,2025-11-20,CT1,Commercial,Virtual,24,N,N
HRG-07151,2025-11-20,CT1,Commercial,In-person,57,Y,N
HRG-07152,2025-11-20,CT2,Civil,In-person,26,Y,N
HRG-07153,2025-11-20,CT2,Civil,In-person,51,N,N
HRG-07154,2025-11-20,CT2,Commercial,Virtual,60,N,N
HRG-07155,2025-11-20,CT2,Family,Virtual,38,N,N
HRG-07156,2025-11-20,CT2,Civil,In-person,37,Y,N
HRG-07157,2025-11-20,CT2,Civil,In-person,65,Y,N
HRG-07158,2025-11-20,CT2,Civil,In-person,59,N,N
HRG-07159,2025-11-20,CT3,Commercial,Hybrid,33,N,N
HRG-07160,2025-11-20,CT3,Family,In-person,51,N,N
HRG-07161,2025-11-20,CT3,Civil,Virtual,28,N,N
HRG-07162,2025-11-20,CT3,Civil,Hybrid,30,N,N
HRG-07163,2025-11-20,CT3,Civil,In-person,49,Y,N
HRG-07164,2025-11-20,CT3,Family,In-person,59,N,N
HRG-07165,2025-11-20,CT3,Civil,Virtual,42,N,N
HRG-07166,2025-11-20,CT3,Criminal,Hybrid,60,N,N
HRG-07167,2025-11-20,CT3,Family,In-person,48,N,N
HRG-07168,2025-11-20,CT3,Civil,Virtual,12,N,N
HRG-07169,2025-11-21,CT1,Commercial,In-person,59,N,N
HRG-07170,2025-11-21,CT1,Commercial,In-person,75,N,N
HRG-07171,2025-11-21,CT1,Civil,In-person,51,N,N
HRG-07172,2025-11-21,CT1,Civil,Virtual,25,N,N
HRG-07173,2025-11-21,CT1,Commercial,In-person,53,N,N
HRG-07174,2025-11-21,CT1,Family,Virtual,25,N,N
HRG-07175,2025-11-21,CT1,Civil,Virtual,56,N,N
HRG-07176,2025-11-21,CT1,Civil,In-person,54,Y,N
HRG-07177,2025-11-21,CT1,Civil,Virtual,27,Y,N
HRG-07178,2025-11-21,CT1,Criminal,Virtual,32,N,N
HRG-07179,2025-11-21,CT1,Civil,Virtual,19,N,N
HRG-07180,2025-11-21,CT1,Commercial,Virtual,23,N,N
HRG-07181,2025-11-21,CT2,Family,In-person,45,N,N
HRG-07182,2025-11-21,CT2,Civil,Virtual,35,N,N
HRG-07183,2025-11-21,CT2,Criminal,Virtual,23,N,N
HRG-07184,2025-11-21,CT2,Family,In-person,47,N,N
HRG-07185,2025-11-21,CT2,Family,Virtual,33,Y,Y
HRG-07186,2025-11-21,CT2,Civil,In-person,42,N,N
HRG-07187,2025-11-21,CT2,Civil,In-person,32,N,N
HRG-07188,2025-11-21,CT2,Civil,In-person,19,N,N
HRG-07189,2025-11-21,CT2,Civil,Virtual,53,N,N
HRG-07190,2025-11-21,CT2,Criminal,In-person,39,N,N
HRG-07191,2025-11-21,CT2,Criminal,Virtual,32,Y,N
HRG-07192,2025-11-21,CT2,Criminal,In-person,43,N,N
HRG-07193,2025-11-21,CT3,Commercial,In-person,54,N,N
HRG-07194,2025-11-21,CT3,Family,Virtual,32,N,N
HRG-07195,2025-11-21,CT3,Civil,In-person,33,Y,N
HRG-07196,2025-11-21,CT3,Civil,In-person,39,N,N
HRG-07197,2025-11-21,CT3,Family,In-person,56,N,N
HRG-07198,2025-11-21,CT3,Family,In-person,83,Y,N
HRG-07199,2025-11-21,CT3,Civil,In-person,44,N,N
HRG-07200,2025-11-21,CT3,Criminal,In-person,51,Y,N
HRG-07201,2025-11-21,CT3,Commercial,Virtual,35,N,N
HRG-07202,2025-11-21,CT3,Criminal,In-person,49,N,N
HRG-07203,2025-11-21,CT3,Civil,Hybrid,44,N,N
HRG-07204,2025-11-24,CT1,Civil,Virtual,42,N,N
HRG-07205,2025-11-24,CT1,Civil,Virtual,42,Y,N
HRG-07206,2025-11-24,CT1,Civil,In-person,46,N,N
HRG-07207,2025-11-24,CT1,Civil,In-person,49,N,N
HRG-07208,2025-11-24,CT1,Commercial,In-person,55,N,N
HRG-07209,2025-11-24,CT1,Criminal,Virtual,40,Y,N
HRG-07210,2025-11-24,CT1,Civil,Virtual,35,N,N
HRG-07211,2025-11-24,CT1,Civil,Virtual,12,N,N
HRG-07212,2025-11-24,CT1,Appeal,In-person,49,Y,N
HRG-07213,2025-11-24,CT1,Criminal,In-person,60,N,N
HRG-07214,2025-11-24,CT1,Civil,Virtual,44,Y,N
HRG-07215,2025-11-24,CT1,Commercial,Virtual,14,N,N
HRG-07216,2025-11-24,CT2,Civil,In-person,25,Y,N
HRG-07217,2025-11-24,CT2,Civil,Hybrid,53,N,N
HRG-07218,2025-11-24,CT2,Civil,Virtual,62,N,N
HRG-07219,2025-11-24,CT2,Family,Hybrid,62,N,Y
HRG-07220,2025-11-24,CT2,Criminal,In-person,33,Y,N
HRG-07221,2025-11-24,CT2,Criminal,In-person,61,N,N
HRG-07222,2025-11-24,CT2,Family,In-person,41,N,N
HRG-07223,2025-11-24,CT2,Civil,Hybrid,29,N,N
HRG-07224,2025-11-24,CT2,Civil,Virtual,21,N,N
HRG-07225,2025-11-24,CT2,Civil,Virtual,29,N,N
HRG-07226,2025-11-24,CT2,Criminal,Virtual,25,Y,N
HRG-07227,2025-11-24,CT2,Civil,In-person,50,Y,N
HRG-07228,2025-11-24,CT2,Civil,Hybrid,42,Y,N
HRG-07229,2025-11-24,CT2,Criminal,Virtual,18,N,N
HRG-07230,2025-11-24,CT3,Civil,In-person,53,N,N
HRG-07231,2025-11-24,CT3,Criminal,Virtual,37,N,N
HRG-07232,2025-11-24,CT3,Civil,In-person,50,N,N
HRG-07233,2025-11-24,CT3,Civil,Virtual,46,N,N
HRG-07234,2025-11-24,CT3,Commercial,In-person,51,N,N
HRG-07235,2025-11-24,CT3,Criminal,In-person,43,Y,N
HRG-07236,2025-11-24,CT3,Family,Virtual,60,N,N
HRG-07237,2025-11-24,CT3,Family,Virtual,37,N,N
HRG-07238,2025-11-24,CT3,Commercial,In-person,47,N,N
HRG-07239,2025-11-24,CT3,Civil,Hybrid,34,Y,N
HRG-07240,2025-11-25,CT1,Civil,Virtual,10,N,N
HRG-07241,2025-11-25,CT1,Appeal,Virtual,23,N,N
HRG-07242,2025-11-25,CT1,Civil,In-person,60,N,N
HRG-07243,2025-11-25,CT1,Commercial,In-person,34,N,N
HRG-07244,2025-11-25,CT1,Criminal,Hybrid,41,Y,N
HRG-07245,2025-11-25,CT1,Criminal,In-person,56,N,N
HRG-07246,2025-11-25,CT1,Civil,Virtual,47,N,N
HRG-07247,2025-11-25,CT1,Civil,In-person,57,N,N
HRG-07248,2025-11-25,CT1,Criminal,Virtual,41,N,N
HRG-07249,2025-11-25,CT1,Criminal,Virtual,13,N,N
HRG-07250,2025-11-25,CT1,Appeal,In-person,45,N,N
HRG-07251,2025-11-25,CT1,Civil,Virtual,10,N,N
HRG-07252,2025-11-25,CT1,Civil,In-person,23,N,N
HRG-07253,2025-11-25,CT2,Civil,In-person,31,N,N
HRG-07254,2025-11-25,CT2,Civil,In-person,28,N,N
HRG-07255,2025-11-25,CT2,Civil,Virtual,27,N,N
HRG-07256,2025-11-25,CT2,Civil,In-person,53,N,N
HRG-07257,2025-11-25,CT2,Civil,Virtual,55,Y,N
HRG-07258,2025-11-25,CT2,Appeal,In-person,46,N,N
HRG-07259,2025-11-25,CT2,Civil,Virtual,22,N,N
HRG-07260,2025-11-25,CT2,Criminal,In-person,55,N,N
HRG-07261,2025-11-25,CT2,Civil,Virtual,27,N,N
HRG-07262,2025-11-25,CT3,Civil,Hybrid,56,N,N
HRG-07263,2025-11-25,CT3,Family,Hybrid,35,N,N
HRG-07264,2025-11-25,CT3,Criminal,In-person,45,N,N
HRG-07265,2025-11-25,CT3,Civil,In-person,11,N,N
HRG-07266,2025-11-25,CT3,Criminal,Hybrid,20,Y,N
HRG-07267,2025-11-25,CT3,Appeal,Virtual,45,N,N
HRG-07268,2025-11-25,CT3,Appeal,In-person,63,Y,N
HRG-07269,2025-11-25,CT3,Criminal,Virtual,33,N,N
HRG-07270,2025-11-25,CT3,Commercial,In-person,50,N,N
HRG-07271,2025-11-25,CT3,Criminal,In-person,24,N,N
HRG-07272,2025-11-25,CT3,Civil,Virtual,33,N,N
HRG-07273,2025-11-25,CT3,Criminal,Hybrid,43,N,Y
HRG-07274,2025-11-25,CT3,Commercial,Virtual,36,N,N
HRG-07275,2025-11-25,CT3,Family,In-person,69,N,N
HRG-07276,2025-11-26,CT1,Civil,Virtual,45,N,N
HRG-07277,2025-11-26,CT1,Civil,In-person,59,N,N
HRG-07278,2025-11-26,CT1,Family,In-person,47,N,N
HRG-07279,2025-11-26,CT1,Family,Virtual,27,Y,N
HRG-07280,2025-11-26,CT1,Commercial,Hybrid,54,N,N
HRG-07281,2025-11-26,CT1,Criminal,In-person,53,N,N
HRG-07282,2025-11-26,CT1,Criminal,Hybrid,44,N,N
HRG-07283,2025-11-26,CT1,Commercial,Virtual,26,Y,N
HRG-07284,2025-11-26,CT1,Commercial,In-person,92,N,N
HRG-07285,2025-11-26,CT1,Commercial,Virtual,54,N,N
HRG-07286,2025-11-26,CT1,Family,Virtual,53,Y,N
HRG-07287,2025-11-26,CT1,Civil,Virtual,26,N,N
HRG-07288,2025-11-26,CT2,Civil,In-person,41,N,N
HRG-07289,2025-11-26,CT2,Criminal,Hybrid,49,N,Y
HRG-07290,2025-11-26,CT2,Commercial,Virtual,42,Y,N
HRG-07291,2025-11-26,CT2,Appeal,Virtual,38,N,N
HRG-07292,2025-11-26,CT2,Civil,Virtual,62,N,N
HRG-07293,2025-11-26,CT2,Civil,Virtual,33,Y,Y
HRG-07294,2025-11-26,CT2,Civil,Virtual,30,N,N
HRG-07295,2025-11-26,CT2,Civil,In-person,47,N,N
HRG-07296,2025-11-26,CT2,Criminal,Virtual,37,N,Y
HRG-07297,2025-11-26,CT2,Criminal,Virtual,25,N,Y
HRG-07298,2025-11-26,CT3,Family,Virtual,49,N,N
HRG-07299,2025-11-26,CT3,Criminal,In-person,45,Y,N
HRG-07300,2025-11-26,CT3,Civil,In-person,37,N,N
HRG-07301,2025-11-26,CT3,Civil,Virtual,47,N,N
HRG-07302,2025-11-26,CT3,Commercial,Virtual,22,Y,Y
HRG-07303,2025-11-26,CT3,Civil,In-person,30,N,N
HRG-07304,2025-11-26,CT3,Civil,Virtual,21,Y,N
HRG-07305,2025-11-26,CT3,Commercial,In-person,63,N,N
HRG-07306,2025-11-26,CT3,Civil,In-person,46,Y,N
HRG-07307,2025-11-26,CT3,Civil,Virtual,45,N,N
HRG-07308,2025-11-27,CT1,Criminal,In-person,31,Y,N
HRG-07309,2025-11-27,CT1,Family,Virtual,40,Y,N
HRG-07310,2025-11-27,CT1,Civil,In-person,29,N,N
HRG-07311,2025-11-27,CT1,Criminal,Virtual,40,Y,N
HRG-07312,2025-11-27,CT1,Criminal,In-person,40,N,N
HRG-07313,2025-11-27,CT1,Family,In-person,32,N,N
HRG-07314,2025-11-27,CT1,Criminal,In-person,28,N,N
HRG-07315,2025-11-27,CT1,Criminal,Virtual,31,Y,N
HRG-07316,2025-11-27,CT1,Criminal,Virtual,32,N,N
HRG-07317,2025-11-27,CT1,Appeal,Virtual,37,Y,N
HRG-07318,2025-11-27,CT1,Criminal,Hybrid,27,N,N
HRG-07319,2025-11-27,CT2,Criminal,Virtual,43,N,N
HRG-07320,2025-11-27,CT2,Civil,In-person,69,N,N
HRG-07321,2025-11-27,CT2,Criminal,In-person,24,N,N
HRG-07322,2025-11-27,CT2,Civil,Hybrid,42,Y,Y
HRG-07323,2025-11-27,CT2,Criminal,In-person,66,Y,N
HRG-07324,2025-11-27,CT2,Civil,Virtual,41,N,N
HRG-07325,2025-11-27,CT2,Family,In-person,38,N,N
HRG-07326,2025-11-27,CT2,Criminal,In-person,32,N,N
HRG-07327,2025-11-27,CT2,Criminal,In-person,46,N,N
HRG-07328,2025-11-27,CT2,Civil,In-person,65,N,N
HRG-07329,2025-11-27,CT2,Civil,In-person,45,N,N
HRG-07330,2025-11-27,CT3,Criminal,In-person,53,N,N
HRG-07331,2025-11-27,CT3,Commercial,Virtual,38,N,N
HRG-07332,2025-11-27,CT3,Civil,Virtual,54,N,N
HRG-07333,2025-11-27,CT3,Civil,In-person,50,N,N
HRG-07334,2025-11-27,CT3,Civil,Virtual,47,N,N
HRG-07335,2025-11-27,CT3,Criminal,In-person,62,N,N
HRG-07336,2025-11-27,CT3,Civil,Virtual,37,N,N
HRG-07337,2025-11-27,CT3,Family,Hybrid,32,Y,N
HRG-07338,2025-11-27,CT3,Family,In-person,29,N,N
HRG-07339,2025-11-27,CT3,Civil,Virtual,36,N,N
HRG-07340,2025-11-27,CT3,Criminal,In-person,62,N,N
HRG-07341,2025-11-28,CT1,Civil,In-person,45,N,N
HRG-07342,2025-11-28,CT1,Civil,Hybrid,57,Y,N
HRG-07343,2025-11-28,CT1,Civil,In-person,47,Y,N
HRG-07344,2025-11-28,CT1,Family,Virtual,31,N,N
HRG-07345,2025-11-28,CT1,Commercial,Virtual,40,N,N
HRG-07346,2025-11-28,CT1,Criminal,Virtual,22,N,N
HRG-07347,2025-11-28,CT1,Civil,In-person,60,Y,N
HRG-07348,2025-11-28,CT1,Commercial,Hybrid,32,Y,N
HRG-07349,2025-11-28,CT1,Civil,Hybrid,10,N,N
HRG-07350,2025-11-28,CT2,Criminal,Hybrid,52,N,N
HRG-07351,2025-11-28,CT2,Civil,Virtual,42,Y,N
HRG-07352,2025-11-28,CT2,Criminal,Virtual,18,N,N
HRG-07353,2025-11-28,CT2,Civil,In-person,42,N,N
HRG-07354,2025-11-28,CT2,Commercial,Virtual,34,N,Y
HRG-07355,2025-11-28,CT2,Civil,In-person,51,N,N
HRG-07356,2025-11-28,CT2,Civil,In-person,64,N,N
HRG-07357,2025-11-28,CT2,Appeal,Virtual,23,N,N
HRG-07358,2025-11-28,CT2,Civil,In-person,84,N,N
HRG-07359,2025-11-28,CT2,Family,Virtual,52,N,N
HRG-07360,2025-11-28,CT2,Civil,Virtual,37,N,N
HRG-07361,2025-11-28,CT3,Commercial,In-person,52,N,N
HRG-07362,2025-11-28,CT3,Family,In-person,53,N,N
HRG-07363,2025-11-28,CT3,Criminal,Virtual,35,N,N
HRG-07364,2025-11-28,CT3,Criminal,Virtual,61,N,N
HRG-07365,2025-11-28,CT3,Appeal,In-person,61,N,N
HRG-07366,2025-11-28,CT3,Civil,Virtual,45,N,N
HRG-07367,2025-11-28,CT3,Civil,Hybrid,11,N,N
HRG-07368,2025-11-28,CT3,Civil,Virtual,35,Y,N
HRG-07369,2025-11-28,CT3,Commercial,Virtual,48,Y,N
HRG-07370,2025-11-28,CT3,Family,In-person,24,Y,N
HRG-07371,2025-11-28,CT3,Criminal,Hybrid,16,N,N
HRG-07372,2025-12-01,CT1,Appeal,Hybrid,53,N,N
HRG-07373,2025-12-01,CT1,Appeal,In-person,31,N,N
HRG-07374,2025-12-01,CT1,Family,In-person,69,Y,N
HRG-07375,2025-12-01,CT1,Criminal,Virtual,42,Y,N
HRG-07376,2025-12-01,CT1,Civil,Virtual,39,Y,N
HRG-07377,2025-12-01,CT1,Civil,Virtual,44,N,N
HRG-07378,2025-12-01,CT1,Civil,In-person,37,N,N
HRG-07379,2025-12-01,CT1,Civil,Virtual,39,N,N
HRG-07380,2025-12-01,CT1,Civil,In-person,22,Y,N
HRG-07381,2025-12-01,CT1,Appeal,Hybrid,46,N,N
HRG-07382,2025-12-01,CT1,Criminal,Virtual,48,Y,N
HRG-07383,2025-12-01,CT2,Civil,In-person,27,Y,N
HRG-07384,2025-12-01,CT2,Commercial,Hybrid,28,N,N
HRG-07385,2025-12-01,CT2,Civil,In-person,54,N,N
HRG-07386,2025-12-01,CT2,Appeal,Virtual,39,N,N
HRG-07387,2025-12-01,CT2,Appeal,In-person,50,N,N
HRG-07388,2025-12-01,CT2,Family,Virtual,24,N,N
HRG-07389,2025-12-01,CT2,Civil,Virtual,28,Y,N
HRG-07390,2025-12-01,CT2,Commercial,Hybrid,20,N,N
HRG-07391,2025-12-01,CT2,Civil,In-person,30,N,N
HRG-07392,2025-12-01,CT3,Family,Hybrid,25,N,N
HRG-07393,2025-12-01,CT3,Appeal,In-person,32,N,N
HRG-07394,2025-12-01,CT3,Family,Virtual,42,N,N
HRG-07395,2025-12-01,CT3,Criminal,Hybrid,28,Y,N
HRG-07396,2025-12-01,CT3,Family,In-person,69,Y,N
HRG-07397,2025-12-01,CT3,Civil,In-person,45,N,N
HRG-07398,2025-12-01,CT3,Civil,In-person,20,Y,N
HRG-07399,2025-12-01,CT3,Civil,In-person,28,N,N
HRG-07400,2025-12-01,CT3,Civil,In-person,49,N,N
HRG-07401,2025-12-01,CT3,Civil,In-person,57,N,N
HRG-07402,2025-12-01,CT3,Family,In-person,26,N,N
HRG-07403,2025-12-02,CT1,Criminal,In-person,41,N,N
HRG-07404,2025-12-02,CT1,Commercial,Virtual,27,N,N
HRG-07405,2025-12-02,CT1,Criminal,In-person,39,N,N
HRG-07406,2025-12-02,CT1,Civil,Virtual,51,N,N
HRG-07407,2025-12-02,CT1,Criminal,Hybrid,49,Y,Y
HRG-07408,2025-12-02,CT1,Criminal,In-person,61,N,N
HRG-07409,2025-12-02,CT1,Criminal,Virtual,20,N,N
HRG-07410,2025-12-02,CT1,Criminal,Hybrid,49,N,N
HRG-07411,2025-12-02,CT1,Criminal,Virtual,60,N,N
HRG-07412,2025-12-02,CT1,Civil,Virtual,60,N,N
HRG-07413,2025-12-02,CT1,Criminal,Hybrid,55,N,N
HRG-07414,2025-12-02,CT1,Criminal,Virtual,24,N,N
HRG-07415,2025-12-02,CT2,Family,In-person,16,Y,N
HRG-07416,2025-12-02,CT2,Family,Hybrid,58,N,N
HRG-07417,2025-12-02,CT2,Criminal,Virtual,39,N,N
HRG-07418,2025-12-02,CT2,Civil,In-person,33,N,N
HRG-07419,2025-12-02,CT2,Criminal,Virtual,29,N,N
HRG-07420,2025-12-02,CT3,Criminal,In-person,35,N,N
HRG-07421,2025-12-02,CT3,Civil,Hybrid,47,N,N
HRG-07422,2025-12-02,CT3,Commercial,In-person,60,N,N
HRG-07423,2025-12-02,CT3,Civil,In-person,29,N,N
HRG-07424,2025-12-02,CT3,Commercial,In-person,44,Y,N
HRG-07425,2025-12-02,CT3,Commercial,Virtual,27,Y,N
HRG-07426,2025-12-02,CT3,Appeal,In-person,50,Y,N
HRG-07427,2025-12-02,CT3,Appeal,In-person,14,N,N
HRG-07428,2025-12-02,CT3,Criminal,In-person,56,N,N
HRG-07429,2025-12-02,CT3,Appeal,Virtual,22,N,N
HRG-07430,2025-12-03,CT1,Criminal,In-person,48,N,N
HRG-07431,2025-12-03,CT1,Civil,In-person,51,Y,N
HRG-07432,2025-12-03,CT1,Criminal,In-person,51,N,N
HRG-07433,2025-12-03,CT1,Civil,In-person,35,Y,N
HRG-07434,2025-12-03,CT1,Criminal,In-person,31,N,N
HRG-07435,2025-12-03,CT1,Criminal,Hybrid,27,N,N
HRG-07436,2025-12-03,CT1,Family,Virtual,29,N,N
HRG-07437,2025-12-03,CT1,Civil,Virtual,47,N,N
HRG-07438,2025-12-03,CT1,Civil,In-person,31,N,N
HRG-07439,2025-12-03,CT1,Criminal,In-person,56,N,N
HRG-07440,2025-12-03,CT1,Criminal,Hybrid,28,N,N
HRG-07441,2025-12-03,CT2,Civil,Hybrid,48,N,N
HRG-07442,2025-12-03,CT2,Commercial,Virtual,55,N,N
HRG-07443,2025-12-03,CT2,Civil,Virtual,30,N,N
HRG-07444,2025-12-03,CT2,Appeal,Virtual,34,N,N
HRG-07445,2025-12-03,CT2,Criminal,Virtual,53,Y,Y
HRG-07446,2025-12-03,CT2,Commercial,Virtual,21,Y,N
HRG-07447,2025-12-03,CT2,Civil,In-person,53,N,N
HRG-07448,2025-12-03,CT2,Civil,Virtual,23,Y,N
HRG-07449,2025-12-03,CT2,Criminal,In-person,71,N,N
HRG-07450,2025-12-03,CT2,Civil,Virtual,48,N,N
HRG-07451,2025-12-03,CT3,Family,In-person,35,N,N
HRG-07452,2025-12-03,CT3,Civil,In-person,52,N,N
HRG-07453,2025-12-03,CT3,Appeal,Hybrid,30,N,N
HRG-07454,2025-12-03,CT3,Appeal,Hybrid,16,N,N
HRG-07455,2025-12-03,CT3,Civil,In-person,32,N,N
HRG-07456,2025-12-03,CT3,Criminal,Virtual,21,N,N
HRG-07457,2025-12-03,CT3,Civil,Virtual,49,N,N
HRG-07458,2025-12-03,CT3,Criminal,In-person,46,N,N
HRG-07459,2025-12-03,CT3,Commercial,In-person,62,N,N
HRG-07460,2025-12-03,CT3,Criminal,In-person,59,N,N
HRG-07461,2025-12-03,CT3,Commercial,In-person,58,Y,N
HRG-07462,2025-12-03,CT3,Family,In-person,62,Y,N
HRG-07463,2025-12-03,CT3,Civil,In-person,75,Y,N
HRG-07464,2025-12-04,CT1,Civil,In-person,58,N,N
HRG-07465,2025-12-04,CT1,Appeal,In-person,21,N,N
HRG-07466,2025-12-04,CT1,Civil,Virtual,66,N,N
HRG-07467,2025-12-04,CT1,Civil,In-person,52,Y,N
HRG-07468,2025-12-04,CT1,Civil,In-person,51,Y,N
HRG-07469,2025-12-04,CT1,Family,In-person,79,N,N
HRG-07470,2025-12-04,CT1,Criminal,In-person,54,N,N
HRG-07471,2025-12-04,CT1,Criminal,In-person,37,Y,N
HRG-07472,2025-12-04,CT1,Civil,In-person,33,Y,N
HRG-07473,2025-12-04,CT1,Civil,Virtual,36,N,N
HRG-07474,2025-12-04,CT1,Civil,Virtual,49,Y,N
HRG-07475,2025-12-04,CT1,Criminal,Virtual,25,N,N
HRG-07476,2025-12-04,CT1,Appeal,In-person,71,N,N
HRG-07477,2025-12-04,CT1,Family,In-person,47,N,N
HRG-07478,2025-12-04,CT1,Commercial,In-person,32,Y,N
HRG-07479,2025-12-04,CT2,Criminal,Virtual,44,N,N
HRG-07480,2025-12-04,CT2,Family,Virtual,53,Y,Y
HRG-07481,2025-12-04,CT2,Civil,In-person,48,Y,N
HRG-07482,2025-12-04,CT2,Appeal,Virtual,11,N,N
HRG-07483,2025-12-04,CT2,Civil,In-person,44,N,N
HRG-07484,2025-12-04,CT2,Commercial,Virtual,40,Y,Y
HRG-07485,2025-12-04,CT2,Civil,In-person,38,Y,N
HRG-07486,2025-12-04,CT2,Appeal,Hybrid,50,N,N
HRG-07487,2025-12-04,CT3,Appeal,In-person,33,N,N
HRG-07488,2025-12-04,CT3,Civil,In-person,61,N,N
HRG-07489,2025-12-04,CT3,Family,In-person,51,Y,N
HRG-07490,2025-12-04,CT3,Civil,In-person,46,Y,N
HRG-07491,2025-12-04,CT3,Family,In-person,49,N,N
HRG-07492,2025-12-04,CT3,Commercial,In-person,57,N,N
HRG-07493,2025-12-04,CT3,Criminal,In-person,49,N,N
HRG-07494,2025-12-04,CT3,Criminal,Hybrid,14,N,N
HRG-07495,2025-12-04,CT3,Criminal,In-person,68,Y,N
HRG-07496,2025-12-04,CT3,Commercial,Virtual,28,N,N
HRG-07497,2025-12-05,CT1,Civil,Hybrid,14,N,N
HRG-07498,2025-12-05,CT1,Civil,Virtual,26,N,N
HRG-07499,2025-12-05,CT1,Criminal,Virtual,46,N,N
HRG-07500,2025-12-05,CT1,Civil,Virtual,17,N,N
HRG-07501,2025-12-05,CT1,Criminal,In-person,55,N,N
HRG-07502,2025-12-05,CT1,Appeal,In-person,38,N,N
HRG-07503,2025-12-05,CT1,Criminal,Virtual,53,N,N
HRG-07504,2025-12-05,CT1,Commercial,Virtual,40,N,N
HRG-07505,2025-12-05,CT1,Civil,Virtual,33,N,N
HRG-07506,2025-12-05,CT1,Civil,Virtual,10,N,N
HRG-07507,2025-12-05,CT1,Civil,In-person,44,N,N
HRG-07508,2025-12-05,CT1,Criminal,Virtual,19,N,N
HRG-07509,2025-12-05,CT1,Civil,In-person,36,N,N
HRG-07510,2025-12-05,CT1,Civil,Virtual,57,N,N
HRG-07511,2025-12-05,CT2,Civil,Virtual,55,N,N
HRG-07512,2025-12-05,CT2,Criminal,In-person,54,N,N
HRG-07513,2025-12-05,CT2,Criminal,Virtual,44,N,N
HRG-07514,2025-12-05,CT2,Criminal,Hybrid,21,N,N
HRG-07515,2025-12-05,CT2,Commercial,In-person,18,N,N
HRG-07516,2025-12-05,CT2,Criminal,In-person,43,N,N
HRG-07517,2025-12-05,CT2,Commercial,In-person,55,N,N
HRG-07518,2025-12-05,CT2,Criminal,In-person,36,N,N
HRG-07519,2025-12-05,CT3,Criminal,In-person,64,Y,N
HRG-07520,2025-12-05,CT3,Family,In-person,57,N,N
HRG-07521,2025-12-05,CT3,Criminal,In-person,50,Y,N
HRG-07522,2025-12-05,CT3,Appeal,In-person,45,N,N
HRG-07523,2025-12-05,CT3,Criminal,Virtual,38,N,N
HRG-07524,2025-12-05,CT3,Family,In-person,44,N,N
HRG-07525,2025-12-05,CT3,Appeal,Virtual,45,N,N
HRG-07526,2025-12-05,CT3,Commercial,Virtual,29,N,N
HRG-07527,2025-12-05,CT3,Criminal,Virtual,38,N,N
HRG-07528,2025-12-05,CT3,Criminal,In-person,54,Y,N
HRG-07529,2025-12-05,CT3,Criminal,In-person,46,N,N
HRG-07530,2025-12-08,CT1,Civil,In-person,47,N,N
HRG-07531,2025-12-08,CT1,Criminal,Virtual,45,N,N
HRG-07532,2025-12-08,CT1,Commercial,Hybrid,53,Y,N
HRG-07533,2025-12-08,CT1,Appeal,In-person,20,N,N
HRG-07534,2025-12-08,CT1,Civil,Virtual,62,N,N
HRG-07535,2025-12-08,CT1,Civil,Virtual,66,N,N
HRG-07536,2025-12-08,CT1,Criminal,Virtual,39,N,N
HRG-07537,2025-12-08,CT1,Family,Hybrid,22,N,N
HRG-07538,2025-12-08,CT1,Criminal,In-person,41,N,N
HRG-07539,2025-12-08,CT1,Commercial,Virtual,29,N,N
HRG-07540,2025-12-08,CT1,Commercial,Hybrid,48,N,N
HRG-07541,2025-12-08,CT1,Criminal,Hybrid,32,N,N
HRG-07542,2025-12-08,CT1,Family,In-person,39,Y,N
HRG-07543,2025-12-08,CT1,Criminal,Virtual,52,N,N
HRG-07544,2025-12-08,CT2,Family,Hybrid,50,N,N
HRG-07545,2025-12-08,CT2,Civil,Virtual,28,N,N
HRG-07546,2025-12-08,CT2,Commercial,Virtual,31,N,N
HRG-07547,2025-12-08,CT2,Civil,In-person,58,N,N
HRG-07548,2025-12-08,CT2,Family,Virtual,37,N,N
HRG-07549,2025-12-08,CT2,Commercial,Virtual,44,N,N
HRG-07550,2025-12-08,CT2,Family,In-person,51,N,N
HRG-07551,2025-12-08,CT2,Appeal,Virtual,65,N,N
HRG-07552,2025-12-08,CT2,Civil,Virtual,45,N,N
HRG-07553,2025-12-08,CT3,Criminal,Virtual,31,N,N
HRG-07554,2025-12-08,CT3,Civil,In-person,45,N,N
HRG-07555,2025-12-08,CT3,Criminal,Virtual,34,N,N
HRG-07556,2025-12-08,CT3,Civil,In-person,33,N,N
HRG-07557,2025-12-08,CT3,Criminal,In-person,61,N,N
HRG-07558,2025-12-08,CT3,Appeal,In-person,48,Y,N
HRG-07559,2025-12-08,CT3,Civil,Virtual,34,Y,Y
HRG-07560,2025-12-08,CT3,Appeal,In-person,45,N,N
HRG-07561,2025-12-08,CT3,Appeal,In-person,50,N,N
HRG-07562,2025-12-08,CT3,Civil,Hybrid,53,Y,N
HRG-07563,2025-12-08,CT3,Criminal,In-person,53,N,N
HRG-07564,2025-12-09,CT1,Criminal,Virtual,24,N,N
HRG-07565,2025-12-09,CT1,Criminal,In-person,69,Y,N
HRG-07566,2025-12-09,CT1,Criminal,Hybrid,22,N,N
HRG-07567,2025-12-09,CT1,Commercial,In-person,72,N,N
HRG-07568,2025-12-09,CT1,Criminal,In-person,64,N,N
HRG-07569,2025-12-09,CT1,Civil,Virtual,52,N,N
HRG-07570,2025-12-09,CT1,Criminal,In-person,38,Y,N
HRG-07571,2025-12-09,CT1,Family,In-person,33,Y,N
HRG-07572,2025-12-09,CT1,Appeal,In-person,50,N,N
HRG-07573,2025-12-09,CT1,Appeal,Hybrid,12,N,N
HRG-07574,2025-12-09,CT1,Civil,In-person,74,N,N
HRG-07575,2025-12-09,CT1,Criminal,Virtual,34,N,N
HRG-07576,2025-12-09,CT1,Civil,Hybrid,44,N,N
HRG-07577,2025-12-09,CT2,Civil,Virtual,41,N,N
HRG-07578,2025-12-09,CT2,Civil,Virtual,45,N,N
HRG-07579,2025-12-09,CT2,Criminal,Virtual,42,N,N
HRG-07580,2025-12-09,CT2,Commercial,Virtual,37,N,Y
HRG-07581,2025-12-09,CT2,Criminal,Virtual,26,N,Y
HRG-07582,2025-12-09,CT2,Criminal,Virtual,23,N,N
HRG-07583,2025-12-09,CT3,Criminal,In-person,61,Y,N
HRG-07584,2025-12-09,CT3,Civil,In-person,57,N,N
HRG-07585,2025-12-09,CT3,Civil,Virtual,30,N,N
HRG-07586,2025-12-09,CT3,Appeal,Hybrid,55,N,N
HRG-07587,2025-12-09,CT3,Civil,In-person,82,N,N
HRG-07588,2025-12-09,CT3,Civil,In-person,23,Y,N
HRG-07589,2025-12-09,CT3,Commercial,In-person,14,N,N
HRG-07590,2025-12-09,CT3,Civil,In-person,43,N,N
HRG-07591,2025-12-09,CT3,Family,Virtual,38,N,N
HRG-07592,2025-12-09,CT3,Civil,Virtual,40,N,N
HRG-07593,2025-12-09,CT3,Appeal,Hybrid,41,N,N
HRG-07594,2025-12-10,CT1,Criminal,Virtual,42,N,N
HRG-07595,2025-12-10,CT1,Family,In-person,27,N,N
HRG-07596,2025-12-10,CT1,Criminal,Virtual,32,N,N
HRG-07597,2025-12-10,CT1,Family,Hybrid,35,N,N
HRG-07598,2025-12-10,CT1,Family,Hybrid,26,N,N
HRG-07599,2025-12-10,CT1,Criminal,Hybrid,37,N,N
HRG-07600,2025-12-10,CT1,Civil,Virtual,45,N,N
HRG-07601,2025-12-10,CT1,Appeal,Virtual,45,N,N
HRG-07602,2025-12-10,CT1,Criminal,Virtual,36,N,N
HRG-07603,2025-12-10,CT1,Criminal,Hybrid,40,N,Y
HRG-07604,2025-12-10,CT1,Civil,In-person,36,N,N
HRG-07605,2025-12-10,CT1,Appeal,Virtual,41,Y,N
HRG-07606,2025-12-10,CT1,Criminal,Virtual,33,Y,Y
HRG-07607,2025-12-10,CT2,Commercial,In-person,44,N,N
HRG-07608,2025-12-10,CT2,Appeal,Virtual,15,Y,N
HRG-07609,2025-12-10,CT2,Appeal,In-person,35,N,N
HRG-07610,2025-12-10,CT2,Commercial,Virtual,16,N,N
HRG-07611,2025-12-10,CT2,Civil,In-person,44,Y,N
HRG-07612,2025-12-10,CT2,Appeal,Virtual,76,N,N
HRG-07613,2025-12-10,CT2,Civil,Virtual,29,N,N
HRG-07614,2025-12-10,CT2,Criminal,Virtual,47,N,N
HRG-07615,2025-12-10,CT2,Family,Hybrid,33,N,N
HRG-07616,2025-12-10,CT2,Appeal,In-person,54,N,N
HRG-07617,2025-12-10,CT2,Family,Virtual,44,Y,N
HRG-07618,2025-12-10,CT2,Criminal,Virtual,32,N,N
HRG-07619,2025-12-10,CT3,Family,In-person,40,N,N
HRG-07620,2025-12-10,CT3,Civil,Virtual,17,N,Y
HRG-07621,2025-12-10,CT3,Civil,In-person,18,N,N
HRG-07622,2025-12-10,CT3,Commercial,In-person,49,Y,N
HRG-07623,2025-12-10,CT3,Criminal,In-person,40,N,N
HRG-07624,2025-12-10,CT3,Commercial,In-person,48,Y,N
HRG-07625,2025-12-10,CT3,Commercial,Virtual,10,N,N
HRG-07626,2025-12-10,CT3,Civil,In-person,26,N,N
HRG-07627,2025-12-10,CT3,Civil,Virtual,43,N,N
HRG-07628,2025-12-10,CT3,Commercial,In-person,85,N,N
HRG-07629,2025-12-10,CT3,Appeal,In-person,42,Y,N
HRG-07630,2025-12-11,CT1,Civil,In-person,85,N,N
HRG-07631,2025-12-11,CT1,Commercial,Virtual,36,Y,N
HRG-07632,2025-12-11,CT1,Criminal,In-person,65,N,N
HRG-07633,2025-12-11,CT1,Civil,In-person,53,N,N
HRG-07634,2025-12-11,CT1,Civil,Virtual,54,Y,Y
HRG-07635,2025-12-11,CT1,Appeal,Hybrid,45,N,N
HRG-07636,2025-12-11,CT1,Family,In-person,49,N,N
HRG-07637,2025-12-11,CT1,Civil,Virtual,70,N,N
HRG-07638,2025-12-11,CT1,Criminal,In-person,52,N,N
HRG-07639,2025-12-11,CT1,Appeal,Virtual,48,N,N
HRG-07640,2025-12-11,CT1,Criminal,Hybrid,21,N,N
HRG-07641,2025-12-11,CT1,Family,In-person,41,Y,N
HRG-07642,2025-12-11,CT1,Appeal,In-person,40,Y,N
HRG-07643,2025-12-11,CT1,Appeal,Hybrid,29,N,N
HRG-07644,2025-12-11,CT1,Criminal,Hybrid,54,N,N
HRG-07645,2025-12-11,CT2,Criminal,In-person,48,N,N
HRG-07646,2025-12-11,CT2,Civil,Hybrid,54,N,N
HRG-07647,2025-12-11,CT2,Criminal,Virtual,69,Y,N
HRG-07648,2025-12-11,CT2,Family,Virtual,47,N,N
HRG-07649,2025-12-11,CT2,Criminal,In-person,37,N,N
HRG-07650,2025-12-11,CT2,Criminal,Hybrid,32,N,N
HRG-07651,2025-12-11,CT2,Civil,In-person,63,N,N
HRG-07652,2025-12-11,CT3,Civil,Virtual,43,N,N
HRG-07653,2025-12-11,CT3,Criminal,Hybrid,22,N,N
HRG-07654,2025-12-11,CT3,Criminal,Hybrid,34,N,N
HRG-07655,2025-12-11,CT3,Appeal,Hybrid,60,N,N
HRG-07656,2025-12-11,CT3,Criminal,In-person,87,N,N
HRG-07657,2025-12-11,CT3,Commercial,Virtual,46,Y,Y
HRG-07658,2025-12-11,CT3,Civil,In-person,43,N,N
HRG-07659,2025-12-11,CT3,Family,In-person,35,N,N
HRG-07660,2025-12-11,CT3,Family,Virtual,31,N,N
HRG-07661,2025-12-11,CT3,Civil,Hybrid,48,N,N
HRG-07662,2025-12-11,CT3,Civil,In-person,39,N,N
HRG-07663,2025-12-11,CT3,Criminal,In-person,41,N,N
HRG-07664,2025-12-11,CT3,Civil,Virtual,62,N,N
HRG-07665,2025-12-12,CT1,Civil,In-person,42,N,N
HRG-07666,2025-12-12,CT1,Family,In-person,26,N,N
HRG-07667,2025-12-12,CT1,Civil,Virtual,31,N,N
HRG-07668,2025-12-12,CT1,Commercial,Virtual,57,Y,N
HRG-07669,2025-12-12,CT1,Civil,Hybrid,37,N,N
HRG-07670,2025-12-12,CT1,Criminal,Virtual,45,N,N
HRG-07671,2025-12-12,CT1,Civil,Hybrid,54,N,N
HRG-07672,2025-12-12,CT1,Civil,Hybrid,46,Y,Y
HRG-07673,2025-12-12,CT1,Criminal,In-person,38,N,N
HRG-07674,2025-12-12,CT1,Criminal,Virtual,42,Y,N
HRG-07675,2025-12-12,CT1,Civil,In-person,33,Y,N
HRG-07676,2025-12-12,CT1,Civil,In-person,80,N,N
HRG-07677,2025-12-12,CT1,Civil,In-person,68,Y,N
HRG-07678,2025-12-12,CT1,Civil,In-person,54,Y,N
HRG-07679,2025-12-12,CT2,Civil,In-person,54,Y,N
HRG-07680,2025-12-12,CT2,Criminal,Hybrid,17,N,N
HRG-07681,2025-12-12,CT2,Civil,Hybrid,24,N,N
HRG-07682,2025-12-12,CT2,Criminal,Virtual,10,N,N
HRG-07683,2025-12-12,CT2,Civil,In-person,43,N,N
HRG-07684,2025-12-12,CT2,Criminal,In-person,33,N,N
HRG-07685,2025-12-12,CT2,Appeal,Virtual,36,Y,N
HRG-07686,2025-12-12,CT2,Family,In-person,49,Y,N
HRG-07687,2025-12-12,CT2,Criminal,In-person,55,N,N
HRG-07688,2025-12-12,CT2,Commercial,Virtual,44,N,N
HRG-07689,2025-12-12,CT2,Commercial,Hybrid,35,Y,N
HRG-07690,2025-12-12,CT3,Commercial,Hybrid,29,N,N
HRG-07691,2025-12-12,CT3,Family,Hybrid,60,N,N
HRG-07692,2025-12-12,CT3,Criminal,Virtual,52,N,N
HRG-07693,2025-12-12,CT3,Civil,In-person,55,Y,N
HRG-07694,2025-12-12,CT3,Criminal,Virtual,40,N,N
HRG-07695,2025-12-12,CT3,Commercial,Virtual,10,Y,N
HRG-07696,2025-12-12,CT3,Commercial,In-person,53,N,N
HRG-07697,2025-12-12,CT3,Civil,In-person,31,N,N
HRG-07698,2025-12-12,CT3,Appeal,In-person,33,Y,N
HRG-07699,2025-12-12,CT3,Civil,In-person,73,N,N
HRG-07700,2025-12-12,CT3,Civil,In-person,47,N,N
HRG-07701,2025-12-12,CT3,Appeal,Virtual,34,N,N
HRG-07702,2025-12-12,CT3,Civil,Virtual,18,N,N
HRG-07703,2025-12-15,CT1,Commercial,Virtual,46,N,N
HRG-07704,2025-12-15,CT1,Criminal,Virtual,58,N,N
HRG-07705,2025-12-15,CT1,Family,Virtual,37,N,N
HRG-07706,2025-12-15,CT1,Civil,Virtual,60,Y,N
HRG-07707,2025-12-15,CT1,Civil,In-person,25,Y,N
HRG-07708,2025-12-15,CT1,Family,In-person,53,N,N
HRG-07709,2025-12-15,CT1,Commercial,In-person,42,Y,N
HRG-07710,2025-12-15,CT1,Commercial,Virtual,54,N,N
HRG-07711,2025-12-15,CT1,Civil,In-person,71,Y,N
HRG-07712,2025-12-15,CT1,Civil,In-person,72,N,N
HRG-07713,2025-12-15,CT1,Civil,Hybrid,43,N,N
HRG-07714,2025-12-15,CT1,Civil,Virtual,10,N,N
HRG-07715,2025-12-15,CT1,Criminal,Virtual,63,N,N
HRG-07716,2025-12-15,CT1,Appeal,Hybrid,47,N,N
HRG-07717,2025-12-15,CT1,Commercial,Virtual,54,N,N
HRG-07718,2025-12-15,CT1,Civil,In-person,64,N,N
HRG-07719,2025-12-15,CT1,Commercial,Virtual,45,N,N
HRG-07720,2025-12-15,CT2,Criminal,In-person,68,N,N
HRG-07721,2025-12-15,CT2,Criminal,In-person,36,N,N
HRG-07722,2025-12-15,CT2,Civil,Hybrid,24,Y,N
HRG-07723,2025-12-15,CT2,Criminal,Hybrid,60,N,N
HRG-07724,2025-12-15,CT2,Criminal,Virtual,27,N,N
HRG-07725,2025-12-15,CT2,Civil,Virtual,42,N,N
HRG-07726,2025-12-15,CT2,Appeal,In-person,30,N,N
HRG-07727,2025-12-15,CT2,Criminal,Virtual,46,N,N
HRG-07728,2025-12-15,CT2,Criminal,Hybrid,45,N,N
HRG-07729,2025-12-15,CT2,Criminal,In-person,29,N,N
HRG-07730,2025-12-15,CT3,Civil,In-person,53,N,N
HRG-07731,2025-12-15,CT3,Family,In-person,27,N,N
HRG-07732,2025-12-15,CT3,Commercial,Hybrid,15,N,N
HRG-07733,2025-12-15,CT3,Commercial,In-person,35,N,N
HRG-07734,2025-12-15,CT3,Commercial,In-person,40,N,N
HRG-07735,2025-12-15,CT3,Criminal,In-person,50,N,N
HRG-07736,2025-12-15,CT3,Commercial,Virtual,35,Y,Y
HRG-07737,2025-12-16,CT1,Family,Hybrid,53,N,N
HRG-07738,2025-12-16,CT1,Commercial,Virtual,10,N,N
HRG-07739,2025-12-16,CT1,Appeal,Virtual,41,N,N
HRG-07740,2025-12-16,CT1,Civil,Virtual,51,N,N
HRG-07741,2025-12-16,CT1,Criminal,Virtual,35,Y,Y
HRG-07742,2025-12-16,CT1,Commercial,In-person,55,N,N
HRG-07743,2025-12-16,CT1,Family,In-person,41,N,N
HRG-07744,2025-12-16,CT1,Criminal,Virtual,39,N,N
HRG-07745,2025-12-16,CT1,Civil,In-person,39,N,N
HRG-07746,2025-12-16,CT1,Commercial,In-person,14,N,N
HRG-07747,2025-12-16,CT1,Criminal,Hybrid,36,N,N
HRG-07748,2025-12-16,CT1,Commercial,Virtual,29,N,N
HRG-07749,2025-12-16,CT1,Civil,In-person,26,N,N
HRG-07750,2025-12-16,CT2,Commercial,Virtual,44,N,N
HRG-07751,2025-12-16,CT2,Commercial,Virtual,10,N,N
HRG-07752,2025-12-16,CT2,Civil,Virtual,43,N,N
HRG-07753,2025-12-16,CT2,Commercial,In-person,67,N,N
HRG-07754,2025-12-16,CT2,Commercial,In-person,36,N,N
HRG-07755,2025-12-16,CT2,Civil,In-person,54,N,N
HRG-07756,2025-12-16,CT2,Civil,In-person,35,N,N
HRG-07757,2025-12-16,CT2,Criminal,In-person,10,Y,N
HRG-07758,2025-12-16,CT2,Civil,In-person,34,Y,N
HRG-07759,2025-12-16,CT3,Civil,Virtual,22,N,N
HRG-07760,2025-12-16,CT3,Civil,In-person,57,N,N
HRG-07761,2025-12-16,CT3,Family,In-person,69,Y,N
HRG-07762,2025-12-16,CT3,Commercial,Virtual,32,Y,N
HRG-07763,2025-12-16,CT3,Civil,Virtual,26,N,N
HRG-07764,2025-12-16,CT3,Appeal,In-person,64,N,N
HRG-07765,2025-12-16,CT3,Commercial,Virtual,39,N,N
HRG-07766,2025-12-16,CT3,Commercial,In-person,58,N,N
HRG-07767,2025-12-16,CT3,Family,Hybrid,33,N,N
HRG-07768,2025-12-16,CT3,Civil,In-person,30,N,N
HRG-07769,2025-12-17,CT1,Commercial,In-person,40,N,N
HRG-07770,2025-12-17,CT1,Civil,Virtual,22,N,Y
HRG-07771,2025-12-17,CT1,Criminal,Virtual,36,N,N
HRG-07772,2025-12-17,CT1,Family,Virtual,50,Y,N
HRG-07773,2025-12-17,CT1,Civil,In-person,30,N,N
HRG-07774,2025-12-17,CT1,Civil,In-person,43,N,N
HRG-07775,2025-12-17,CT1,Commercial,Hybrid,29,N,N
HRG-07776,2025-12-17,CT1,Commercial,Virtual,17,N,N
HRG-07777,2025-12-17,CT1,Civil,In-person,63,Y,N
HRG-07778,2025-12-17,CT1,Criminal,Hybrid,15,N,N
HRG-07779,2025-12-17,CT1,Civil,Hybrid,48,N,N
HRG-07780,2025-12-17,CT1,Family,In-person,50,N,N
HRG-07781,2025-12-17,CT1,Civil,Virtual,31,N,N
HRG-07782,2025-12-17,CT2,Family,In-person,62,N,N
HRG-07783,2025-12-17,CT2,Appeal,In-person,40,N,N
HRG-07784,2025-12-17,CT2,Family,In-person,79,N,N
HRG-07785,2025-12-17,CT2,Commercial,Virtual,33,N,N
HRG-07786,2025-12-17,CT2,Commercial,Virtual,44,N,N
HRG-07787,2025-12-17,CT2,Criminal,Virtual,33,N,N
HRG-07788,2025-12-17,CT2,Criminal,In-person,36,Y,N
HRG-07789,2025-12-17,CT2,Civil,In-person,64,Y,N
HRG-07790,2025-12-17,CT2,Family,Hybrid,30,N,N
HRG-07791,2025-12-17,CT2,Criminal,In-person,43,N,N
HRG-07792,2025-12-17,CT2,Commercial,Virtual,39,N,N
HRG-07793,2025-12-17,CT3,Civil,In-person,59,Y,N
HRG-07794,2025-12-17,CT3,Family,Virtual,14,N,N
HRG-07795,2025-12-17,CT3,Civil,In-person,34,Y,N
HRG-07796,2025-12-17,CT3,Civil,In-person,34,N,N
HRG-07797,2025-12-17,CT3,Criminal,In-person,42,N,N
HRG-07798,2025-12-17,CT3,Commercial,Virtual,30,N,N
HRG-07799,2025-12-17,CT3,Family,In-person,55,N,N
HRG-07800,2025-12-17,CT3,Appeal,Hybrid,58,N,Y
HRG-07801,2025-12-17,CT3,Family,In-person,48,N,N
HRG-07802,2025-12-17,CT3,Criminal,Virtual,26,N,N
HRG-07803,2025-12-17,CT3,Civil,Hybrid,30,N,N
HRG-07804,2025-12-17,CT3,Criminal,Virtual,29,N,N
HRG-07805,2025-12-17,CT3,Civil,Virtual,35,N,N
HRG-07806,2025-12-17,CT3,Criminal,In-person,30,N,N
HRG-07807,2025-12-17,CT3,Appeal,In-person,33,N,N
HRG-07808,2025-12-17,CT3,Criminal,Hybrid,39,N,N
HRG-07809,2025-12-17,CT3,Commercial,Virtual,33,N,N
HRG-07810,2025-12-18,CT1,Commercial,In-person,50,N,N
HRG-07811,2025-12-18,CT1,Family,In-person,45,N,N
HRG-07812,2025-12-18,CT1,Civil,Hybrid,64,N,N
HRG-07813,2025-12-18,CT1,Criminal,Hybrid,51,N,N
HRG-07814,2025-12-18,CT1,Family,In-person,41,N,N
HRG-07815,2025-12-18,CT1,Civil,Hybrid,26,N,N
HRG-07816,2025-12-18,CT1,Family,Virtual,22,N,N
HRG-07817,2025-12-18,CT1,Civil,In-person,49,N,N
HRG-07818,2025-12-18,CT1,Civil,Hybrid,51,N,N
HRG-07819,2025-12-18,CT1,Civil,In-person,32,N,N
HRG-07820,2025-12-18,CT1,Commercial,Virtual,37,N,N
HRG-07821,2025-12-18,CT1,Family,In-person,51,N,N
HRG-07822,2025-12-18,CT2,Criminal,In-person,57,N,N
HRG-07823,2025-12-18,CT2,Civil,Virtual,36,N,N
HRG-07824,2025-12-18,CT2,Civil,In-person,75,N,N
HRG-07825,2025-12-18,CT2,Civil,In-person,49,N,N
HRG-07826,2025-12-18,CT2,Commercial,In-person,66,Y,N
HRG-07827,2025-12-18,CT2,Civil,Hybrid,34,N,N
HRG-07828,2025-12-18,CT2,Family,Virtual,10,N,N
HRG-07829,2025-12-18,CT2,Commercial,Virtual,35,N,N
HRG-07830,2025-12-18,CT2,Civil,Virtual,34,N,N
HRG-07831,2025-12-18,CT3,Commercial,In-person,48,N,N
HRG-07832,2025-12-18,CT3,Criminal,In-person,56,N,N
HRG-07833,2025-12-18,CT3,Commercial,In-person,37,N,N
HRG-07834,2025-12-18,CT3,Commercial,In-person,57,N,N
HRG-07835,2025-12-18,CT3,Civil,Virtual,48,Y,N
HRG-07836,2025-12-18,CT3,Commercial,In-person,37,N,N
HRG-07837,2025-12-18,CT3,Criminal,In-person,26,N,N
HRG-07838,2025-12-18,CT3,Family,Virtual,44,N,N
HRG-07839,2025-12-18,CT3,Civil,In-person,46,N,N
HRG-07840,2025-12-19,CT1,Civil,Virtual,44,N,N
HRG-07841,2025-12-19,CT1,Criminal,Hybrid,52,N,Y
HRG-07842,2025-12-19,CT1,Commercial,Hybrid,51,N,N
HRG-07843,2025-12-19,CT1,Commercial,In-person,36,N,N
HRG-07844,2025-12-19,CT1,Criminal,In-person,44,N,N
HRG-07845,2025-12-19,CT1,Criminal,In-person,30,N,N
HRG-07846,2025-12-19,CT1,Criminal,Hybrid,21,Y,N
HRG-07847,2025-12-19,CT1,Criminal,Virtual,55,N,N
HRG-07848,2025-12-19,CT1,Civil,In-person,47,N,N
HRG-07849,2025-12-19,CT1,Criminal,Virtual,14,N,N
HRG-07850,2025-12-19,CT1,Civil,In-person,51,N,N
HRG-07851,2025-12-19,CT1,Criminal,In-person,63,Y,N
HRG-07852,2025-12-19,CT1,Appeal,Hybrid,45,Y,N
HRG-07853,2025-12-19,CT2,Civil,In-person,46,N,N
HRG-07854,2025-12-19,CT2,Commercial,In-person,53,N,N
HRG-07855,2025-12-19,CT2,Family,In-person,54,N,N
HRG-07856,2025-12-19,CT2,Civil,Virtual,37,N,N
HRG-07857,2025-12-19,CT2,Civil,Virtual,40,N,N
HRG-07858,2025-12-19,CT2,Civil,Virtual,54,N,N
HRG-07859,2025-12-19,CT2,Civil,Virtual,48,N,Y
HRG-07860,2025-12-19,CT2,Commercial,Hybrid,42,Y,N
HRG-07861,2025-12-19,CT2,Civil,Virtual,51,Y,N
HRG-07862,2025-12-19,CT3,Criminal,In-person,25,N,N
HRG-07863,2025-12-19,CT3,Appeal,In-person,62,Y,N
HRG-07864,2025-12-19,CT3,Appeal,In-person,61,N,N
HRG-07865,2025-12-19,CT3,Commercial,In-person,50,N,N
HRG-07866,2025-12-19,CT3,Criminal,Virtual,22,N,N
HRG-07867,2025-12-19,CT3,Family,Virtual,49,N,N
HRG-07868,2025-12-19,CT3,Civil,In-person,68,Y,N
HRG-07869,2025-12-19,CT3,Commercial,Virtual,50,N,N
HRG-07870,2025-12-19,CT3,Civil,In-person,46,N,N
HRG-07871,2025-12-19,CT3,Civil,Hybrid,54,N,N
HRG-07872,2025-12-19,CT3,Family,In-person,49,N,N
HRG-07873,2025-12-22,CT1,Family,Hybrid,49,N,N
HRG-07874,2025-12-22,CT1,Criminal,In-person,45,N,N
HRG-07875,2025-12-22,CT1,Appeal,In-person,39,N,N
HRG-07876,2025-12-22,CT1,Civil,Virtual,14,N,N
HRG-07877,2025-12-22,CT1,Civil,In-person,48,N,N
HRG-07878,2025-12-22,CT1,Criminal,In-person,67,N,N
HRG-07879,2025-12-22,CT1,Civil,Virtual,31,N,N
HRG-07880,2025-12-22,CT1,Criminal,Virtual,41,N,N
HRG-07881,2025-12-22,CT1,Criminal,Virtual,22,N,N
HRG-07882,2025-12-22,CT1,Appeal,In-person,53,N,N
HRG-07883,2025-12-22,CT1,Commercial,In-person,49,Y,N
HRG-07884,2025-12-22,CT1,Civil,In-person,38,Y,N
HRG-07885,2025-12-22,CT1,Criminal,Virtual,45,N,N
HRG-07886,2025-12-22,CT1,Commercial,In-person,40,N,N
HRG-07887,2025-12-22,CT2,Criminal,In-person,66,N,N
HRG-07888,2025-12-22,CT2,Criminal,In-person,12,Y,N
HRG-07889,2025-12-22,CT2,Family,Virtual,34,N,N
HRG-07890,2025-12-22,CT2,Criminal,Virtual,34,N,N
HRG-07891,2025-12-22,CT2,Family,Virtual,57,Y,N
HRG-07892,2025-12-22,CT2,Civil,Virtual,43,N,N
HRG-07893,2025-12-22,CT2,Appeal,In-person,55,Y,N
HRG-07894,2025-12-22,CT2,Commercial,Hybrid,10,N,N
HRG-07895,2025-12-22,CT2,Family,In-person,66,N,N
HRG-07896,2025-12-22,CT2,Criminal,In-person,40,N,N
HRG-07897,2025-12-22,CT2,Criminal,Virtual,21,N,N
HRG-07898,2025-12-22,CT3,Civil,In-person,46,N,N
HRG-07899,2025-12-22,CT3,Civil,Virtual,44,N,N
HRG-07900,2025-12-22,CT3,Appeal,In-person,62,N,N
HRG-07901,2025-12-22,CT3,Criminal,In-person,52,Y,N
HRG-07902,2025-12-22,CT3,Criminal,Hybrid,23,N,N
HRG-07903,2025-12-22,CT3,Appeal,In-person,50,N,N
HRG-07904,2025-12-22,CT3,Criminal,Hybrid,32,N,N
HRG-07905,2025-12-22,CT3,Criminal,In-person,50,Y,N
HRG-07906,2025-12-22,CT3,Civil,In-person,71,N,N
HRG-07907,2025-12-22,CT3,Commercial,Virtual,53,N,N
HRG-07908,2025-12-22,CT3,Civil,Virtual,29,N,N
HRG-07909,2025-12-22,CT3,Civil,Virtual,54,N,N
HRG-07910,2025-12-22,CT3,Commercial,In-person,52,Y,N
HRG-07911,2025-12-22,CT3,Civil,In-person,64,Y,N
HRG-07912,2025-12-23,CT1,Criminal,Virtual,47,N,N
HRG-07913,2025-12-23,CT1,Criminal,Virtual,40,N,N
HRG-07914,2025-12-23,CT1,Criminal,Virtual,12,N,N
HRG-07915,2025-12-23,CT1,Criminal,Virtual,38,N,N
HRG-07916,2025-12-23,CT1,Civil,Virtual,45,N,Y
HRG-07917,2025-12-23,CT1,Commercial,Virtual,51,N,N
HRG-07918,2025-12-23,CT1,Civil,Virtual,47,N,N
HRG-07919,2025-12-23,CT1,Civil,Hybrid,50,N,N
HRG-07920,2025-12-23,CT1,Civil,Virtual,41,Y,N
HRG-07921,2025-12-23,CT1,Commercial,Hybrid,28,N,N
HRG-07922,2025-12-23,CT1,Civil,Hybrid,23,N,N
HRG-07923,2025-12-23,CT1,Civil,Hybrid,30,N,N
HRG-07924,2025-12-23,CT1,Criminal,In-person,51,N,N
HRG-07925,2025-12-23,CT1,Civil,Hybrid,56,N,N
HRG-07926,2025-12-23,CT2,Civil,In-person,23,Y,N
HRG-07927,2025-12-23,CT2,Criminal,In-person,69,N,N
HRG-07928,2025-12-23,CT2,Civil,Virtual,56,N,N
HRG-07929,2025-12-23,CT2,Criminal,Virtual,10,Y,N
HRG-07930,2025-12-23,CT2,Civil,In-person,29,N,N
HRG-07931,2025-12-23,CT2,Criminal,Hybrid,65,N,N
HRG-07932,2025-12-23,CT2,Commercial,In-person,45,N,N
HRG-07933,2025-12-23,CT2,Criminal,In-person,60,N,N
HRG-07934,2025-12-23,CT2,Criminal,In-person,58,Y,N
HRG-07935,2025-12-23,CT2,Commercial,In-person,42,Y,N
HRG-07936,2025-12-23,CT2,Family,Hybrid,23,N,N
HRG-07937,2025-12-23,CT2,Civil,Virtual,24,N,N
HRG-07938,2025-12-23,CT3,Commercial,Hybrid,48,N,N
HRG-07939,2025-12-23,CT3,Civil,Virtual,17,N,N
HRG-07940,2025-12-23,CT3,Commercial,In-person,44,N,N
HRG-07941,2025-12-23,CT3,Appeal,Virtual,45,N,Y
HRG-07942,2025-12-23,CT3,Civil,Hybrid,25,Y,N
HRG-07943,2025-12-23,CT3,Civil,Virtual,53,Y,N
HRG-07944,2025-12-23,CT3,Civil,Hybrid,33,N,N
HRG-07945,2025-12-23,CT3,Civil,In-person,41,N,N
HRG-07946,2025-12-23,CT3,Family,In-person,67,Y,N
HRG-07947,2025-12-23,CT3,Civil,Virtual,37,Y,N
HRG-07948,2025-12-23,CT3,Civil,Hybrid,54,N,N
HRG-07949,2025-12-23,CT3,Commercial,In-person,58,Y,N
HRG-07950,2025-12-23,CT3,Appeal,In-person,23,N,N
HRG-07951,2025-12-24,CT1,Criminal,Hybrid,14,N,N
HRG-07952,2025-12-24,CT1,Criminal,In-person,20,N,N
HRG-07953,2025-12-24,CT1,Family,Virtual,21,N,N
HRG-07954,2025-12-24,CT1,Civil,Hybrid,13,N,N
HRG-07955,2025-12-24,CT1,Commercial,Virtual,18,N,N
HRG-07956,2025-12-24,CT1,Civil,In-person,46,N,N
HRG-07957,2025-12-24,CT1,Civil,In-person,48,N,N
HRG-07958,2025-12-24,CT1,Civil,In-person,61,N,N
HRG-07959,2025-12-24,CT1,Civil,Virtual,28,Y,Y
HRG-07960,2025-12-24,CT1,Commercial,Hybrid,73,N,N
HRG-07961,2025-12-24,CT1,Commercial,In-person,54,N,N
HRG-07962,2025-12-24,CT1,Criminal,Hybrid,10,Y,N
HRG-07963,2025-12-24,CT1,Civil,In-person,39,N,N
HRG-07964,2025-12-24,CT2,Appeal,Hybrid,40,Y,N
HRG-07965,2025-12-24,CT2,Criminal,Hybrid,56,N,N
HRG-07966,2025-12-24,CT2,Criminal,In-person,22,N,N
HRG-07967,2025-12-24,CT2,Commercial,In-person,59,N,N
HRG-07968,2025-12-24,CT2,Criminal,Hybrid,29,Y,N
HRG-07969,2025-12-24,CT2,Civil,Virtual,43,N,N
HRG-07970,2025-12-24,CT3,Commercial,In-person,33,Y,N
HRG-07971,2025-12-24,CT3,Civil,In-person,43,Y,N
HRG-07972,2025-12-24,CT3,Commercial,In-person,64,N,N
HRG-07973,2025-12-24,CT3,Civil,Virtual,11,N,Y
HRG-07974,2025-12-24,CT3,Commercial,In-person,49,N,N
HRG-07975,2025-12-24,CT3,Criminal,Virtual,45,Y,N
HRG-07976,2025-12-24,CT3,Criminal,Virtual,65,N,N
HRG-07977,2025-12-24,CT3,Family,Hybrid,42,N,Y
HRG-07978,2025-12-25,CT1,Commercial,In-person,46,N,N
HRG-07979,2025-12-25,CT1,Criminal,In-person,40,N,N
HRG-07980,2025-12-25,CT1,Criminal,In-person,34,N,N
HRG-07981,2025-12-25,CT1,Criminal,In-person,24,N,N
HRG-07982,2025-12-25,CT1,Civil,Virtual,46,Y,N
HRG-07983,2025-12-25,CT1,Civil,Hybrid,32,N,Y
HRG-07984,2025-12-25,CT1,Criminal,In-person,71,N,N
HRG-07985,2025-12-25,CT1,Civil,Virtual,30,N,N
HRG-07986,2025-12-25,CT1,Civil,In-person,57,Y,N
HRG-07987,2025-12-25,CT1,Civil,In-person,66,N,N
HRG-07988,2025-12-25,CT1,Commercial,Virtual,51,N,N
HRG-07989,2025-12-25,CT1,Criminal,Virtual,36,Y,N
HRG-07990,2025-12-25,CT1,Civil,Virtual,49,N,N
HRG-07991,2025-12-25,CT1,Civil,Virtual,27,N,N
HRG-07992,2025-12-25,CT1,Civil,Virtual,33,N,N
HRG-07993,2025-12-25,CT2,Commercial,Hybrid,36,N,N
HRG-07994,2025-12-25,CT2,Commercial,Virtual,44,N,N
HRG-07995,2025-12-25,CT2,Civil,In-person,56,Y,N
HRG-07996,2025-12-25,CT2,Civil,Virtual,14,N,N
HRG-07997,2025-12-25,CT3,Criminal,Hybrid,64,N,N
HRG-07998,2025-12-25,CT3,Family,In-person,37,N,N
HRG-07999,2025-12-25,CT3,Commercial,In-person,44,N,N
HRG-08000,2025-12-25,CT3,Criminal,In-person,82,N,N
HRG-08001,2025-12-25,CT3,Commercial,Virtual,33,N,N
HRG-08002,2025-12-25,CT3,Appeal,Virtual,32,N,N
HRG-08003,2025-12-25,CT3,Commercial,In-person,59,N,N
HRG-08004,2025-12-25,CT3,Criminal,Virtual,28,N,N
HRG-08005,2025-12-25,CT3,Criminal,Hybrid,44,N,N
HRG-08006,2025-12-25,CT3,Criminal,Hybrid,41,N,N
HRG-08007,2025-12-25,CT3,Family,In-person,52,N,N
HRG-08008,2025-12-25,CT3,Civil,Hybrid,28,N,N
HRG-08009,2025-12-25,CT3,Criminal,Virtual,43,N,N
HRG-08010,2025-12-25,CT3,Commercial,Virtual,40,Y,N
HRG-08011,2025-12-25,CT3,Commercial,In-person,83,N,N
HRG-08012,2025-12-25,CT3,Appeal,Hybrid,47,N,N
HRG-08013,2025-12-26,CT1,Criminal,Virtual,40,N,N
HRG-08014,2025-12-26,CT1,Civil,Virtual,69,N,N
HRG-08015,2025-12-26,CT1,Civil,Virtual,21,N,N
HRG-08016,2025-12-26,CT1,Civil,In-person,53,Y,N
HRG-08017,2025-12-26,CT1,Civil,Virtual,60,N,N
HRG-08018,2025-12-26,CT1,Criminal,Virtual,12,N,N
HRG-08019,2025-12-26,CT1,Civil,Virtual,31,N,N
HRG-08020,2025-12-26,CT1,Civil,In-person,78,N,N
HRG-08021,2025-12-26,CT1,Civil,Virtual,44,Y,N
HRG-08022,2025-12-26,CT1,Civil,In-person,79,Y,N
HRG-08023,2025-12-26,CT1,Criminal,In-person,52,N,N
HRG-08024,2025-12-26,CT1,Civil,In-person,42,N,N
HRG-08025,2025-12-26,CT2,Criminal,Virtual,20,N,N
HRG-08026,2025-12-26,CT2,Criminal,Virtual,38,N,N
HRG-08027,2025-12-26,CT2,Civil,In-person,73,N,N
HRG-08028,2025-12-26,CT2,Family,Hybrid,50,N,N
HRG-08029,2025-12-26,CT2,Commercial,Hybrid,38,N,Y
HRG-08030,2025-12-26,CT2,Commercial,Virtual,19,N,N
HRG-08031,2025-12-26,CT2,Commercial,In-person,42,Y,N
HRG-08032,2025-12-26,CT2,Commercial,Virtual,46,N,N
HRG-08033,2025-12-26,CT2,Commercial,Hybrid,28,N,N
HRG-08034,2025-12-26,CT3,Civil,Virtual,56,N,N
HRG-08035,2025-12-26,CT3,Civil,In-person,43,N,N
HRG-08036,2025-12-26,CT3,Commercial,Virtual,36,N,N
HRG-08037,2025-12-26,CT3,Criminal,In-person,43,Y,N
HRG-08038,2025-12-26,CT3,Criminal,In-person,24,N,N
HRG-08039,2025-12-26,CT3,Family,Virtual,34,N,N
HRG-08040,2025-12-26,CT3,Commercial,In-person,51,N,N
HRG-08041,2025-12-26,CT3,Commercial,Virtual,43,N,N
HRG-08042,2025-12-26,CT3,Commercial,Hybrid,41,N,N
HRG-08043,2025-12-26,CT3,Commercial,In-person,40,N,N
HRG-08044,2025-12-26,CT3,Commercial,Virtual,49,N,N
HRG-08045,2025-12-26,CT3,Criminal,In-person,26,N,N
HRG-08046,2025-12-26,CT3,Commercial,In-person,32,N,N
HRG-08047,2025-12-26,CT3,Civil,In-person,55,N,N
HRG-08048,2025-12-26,CT3,Criminal,Hybrid,48,N,N
HRG-08049,2025-12-29,CT1,Civil,In-person,68,N,N
HRG-08050,2025-12-29,CT1,Commercial,Virtual,33,N,N
HRG-08051,2025-12-29,CT1,Criminal,In-person,54,N,N
HRG-08052,2025-12-29,CT1,Civil,Hybrid,15,N,N
HRG-08053,2025-12-29,CT1,Criminal,Virtual,10,N,N
HRG-08054,2025-12-29,CT1,Civil,Virtual,50,N,N
HRG-08055,2025-12-29,CT1,Commercial,Virtual,22,N,N
HRG-08056,2025-12-29,CT1,Commercial,Virtual,47,N,N
HRG-08057,2025-12-29,CT1,Civil,Virtual,32,Y,N
HRG-08058,2025-12-29,CT1,Civil,Virtual,42,N,N
HRG-08059,2025-12-29,CT1,Family,Virtual,34,N,N
HRG-08060,2025-12-29,CT1,Criminal,Hybrid,36,Y,N
HRG-08061,2025-12-29,CT1,Criminal,Virtual,46,N,N
HRG-08062,2025-12-29,CT1,Family,Virtual,54,N,N
HRG-08063,2025-12-29,CT1,Civil,Virtual,31,Y,N
HRG-08064,2025-12-29,CT1,Civil,Virtual,57,Y,N
HRG-08065,2025-12-29,CT1,Civil,In-person,48,N,N
HRG-08066,2025-12-29,CT2,Criminal,In-person,71,N,N
HRG-08067,2025-12-29,CT2,Civil,In-person,34,Y,N
HRG-08068,2025-12-29,CT2,Criminal,Virtual,19,Y,N
HRG-08069,2025-12-29,CT2,Commercial,Hybrid,28,N,N
HRG-08070,2025-12-29,CT2,Commercial,Hybrid,42,N,N
HRG-08071,2025-12-29,CT2,Civil,Hybrid,51,N,N
HRG-08072,2025-12-29,CT2,Civil,Virtual,24,Y,N
HRG-08073,2025-12-29,CT2,Family,Virtual,28,Y,N
HRG-08074,2025-12-29,CT2,Civil,In-person,49,Y,N
HRG-08075,2025-12-29,CT3,Civil,Virtual,35,Y,N
HRG-08076,2025-12-29,CT3,Civil,Virtual,37,N,N
HRG-08077,2025-12-29,CT3,Civil,Hybrid,43,N,N
HRG-08078,2025-12-29,CT3,Family,In-person,28,N,N
HRG-08079,2025-12-29,CT3,Civil,Hybrid,42,N,N
HRG-08080,2025-12-29,CT3,Criminal,In-person,49,Y,N
HRG-08081,2025-12-29,CT3,Criminal,Virtual,33,N,N
HRG-08082,2025-12-29,CT3,Family,In-person,28,N,N
HRG-08083,2025-12-29,CT3,Family,Virtual,38,N,N
HRG-08084,2025-12-30,CT1,Civil,Virtual,50,N,N
HRG-08085,2025-12-30,CT1,Commercial,Virtual,12,N,N
HRG-08086,2025-12-30,CT1,Criminal,Virtual,38,N,N
HRG-08087,2025-12-30,CT1,Criminal,In-person,38,N,N
HRG-08088,2025-12-30,CT1,Criminal,Hybrid,22,N,N
HRG-08089,2025-12-30,CT1,Commercial,Hybrid,22,N,N
HRG-08090,2025-12-30,CT1,Commercial,Virtual,43,N,N
HRG-08091,2025-12-30,CT1,Appeal,Virtual,53,N,N
HRG-08092,2025-12-30,CT1,Family,Virtual,50,Y,N
HRG-08093,2025-12-30,CT1,Civil,Virtual,37,N,N
HRG-08094,2025-12-30,CT1,Criminal,Virtual,57,N,N
HRG-08095,2025-12-30,CT1,Civil,In-person,30,N,N
HRG-08096,2025-12-30,CT1,Civil,Hybrid,51,N,N
HRG-08097,2025-12-30,CT2,Family,Virtual,43,N,N
HRG-08098,2025-12-30,CT2,Civil,In-person,33,N,N
HRG-08099,2025-12-30,CT2,Civil,In-person,54,N,N
HRG-08100,2025-12-30,CT2,Civil,In-person,72,N,N
HRG-08101,2025-12-30,CT2,Appeal,Virtual,29,N,N
HRG-08102,2025-12-30,CT2,Commercial,In-person,51,N,N
HRG-08103,2025-12-30,CT2,Criminal,In-person,12,Y,N
HRG-08104,2025-12-30,CT2,Family,In-person,44,N,N
HRG-08105,2025-12-30,CT3,Civil,In-person,42,Y,N
HRG-08106,2025-12-30,CT3,Civil,Virtual,36,Y,N
HRG-08107,2025-12-30,CT3,Family,Virtual,19,N,N
HRG-08108,2025-12-30,CT3,Commercial,In-person,32,Y,N
HRG-08109,2025-12-30,CT3,Criminal,Virtual,41,N,N
HRG-08110,2025-12-30,CT3,Criminal,In-person,36,N,N
HRG-08111,2025-12-30,CT3,Civil,Virtual,27,N,N
HRG-08112,2025-12-30,CT3,Criminal,Virtual,38,N,N
HRG-08113,2025-12-30,CT3,Civil,Virtual,13,N,N
HRG-08114,2025-12-31,CT1,Appeal,In-person,67,N,N
HRG-08115,2025-12-31,CT1,Commercial,In-person,34,N,N
HRG-08116,2025-12-31,CT1,Commercial,Virtual,17,N,N
HRG-08117,2025-12-31,CT1,Family,Hybrid,28,N,N
HRG-08118,2025-12-31,CT1,Family,Virtual,10,N,N
HRG-08119,2025-12-31,CT1,Criminal,Hybrid,26,N,N
HRG-08120,2025-12-31,CT1,Civil,In-person,42,N,N
HRG-08121,2025-12-31,CT1,Appeal,In-person,37,N,N
HRG-08122,2025-12-31,CT1,Civil,In-person,53,N,N
HRG-08123,2025-12-31,CT1,Criminal,Hybrid,38,N,N
HRG-08124,2025-12-31,CT1,Civil,Virtual,21,N,N
HRG-08125,2025-12-31,CT1,Criminal,Hybrid,36,Y,N
HRG-08126,2025-12-31,CT1,Civil,Virtual,52,N,N
HRG-08127,2025-12-31,CT2,Commercial,In-person,35,N,N
HRG-08128,2025-12-31,CT2,Appeal,In-person,43,Y,N
HRG-08129,2025-12-31,CT2,Commercial,In-person,14,Y,N
HRG-08130,2025-12-31,CT2,Appeal,In-person,34,N,N
HRG-08131,2025-12-31,CT2,Appeal,Virtual,34,N,N
HRG-08132,2025-12-31,CT2,Civil,In-person,70,N,N
HRG-08133,2025-12-31,CT3,Appeal,Hybrid,41,N,N
HRG-08134,2025-12-31,CT3,Criminal,Hybrid,38,N,N
HRG-08135,2025-12-31,CT3,Criminal,Hybrid,34,N,N
HRG-08136,2025-12-31,CT3,Civil,In-person,34,N,N
HRG-08137,2025-12-31,CT3,Commercial,In-person,60,N,N
HRG-08138,2025-12-31,CT3,Civil,Virtual,46,N,N
HRG-08139,2025-12-31,CT3,Criminal,Virtual,26,N,N
